label,x0,y0,z0,x1,y1,z1,x2,y2,z2,x3,y3,z3,x4,y4,z4,x5,y5,z5,x6,y6,z6,x7,y7,z7,x8,y8,z8,x9,y9,z9,x10,y10,z10,x11,y11,z11,x12,y12,z12,x13,y13,z13,x14,y14,z14,x15,y15,z15,x16,y16,z16,x17,y17,z17,x18,y18,z18,x19,y19,z19,x20,y20,z20
A,0.1621229201555252,0.7020484805107117,-3.7966617583151674e-07,0.23036938905715942,0.6757603287696838,-0.03247927501797676,0.2921561598777771,0.5803247690200806,-0.04383020102977753,0.30770447850227356,0.4671560227870941,-0.05209210515022278,0.28464287519454956,0.3858320116996765,-0.05550672113895416,0.2534438967704773,0.46476295590400696,-0.023555908352136612,0.24964912235736847,0.39171934127807617,-0.06305000931024551,0.2354273498058319,0.48588964343070984,-0.07867629826068878,0.2355077862739563,0.5462570190429688,-0.08105436712503433,0.20484498143196106,0.45442745089530945,-0.018679911270737648,0.20102860033512115,0.3893190324306488,-0.06027468666434288,0.19475890696048737,0.5094183683395386,-0.06242317706346512,0.2015240341424942,0.5619704723358154,-0.05317429453134537,0.15887874364852905,0.4568142592906952,-0.02011287584900856,0.15160450339317322,0.3858703374862671,-0.06282488256692886,0.15434522926807404,0.5041789412498474,-0.047930508852005005,0.16384907066822052,0.5607385039329529,-0.026186170056462288,0.11196258664131165,0.4704764485359192,-0.023830100893974304,0.10786938667297363,0.41904759407043457,-0.05310167744755745,0.11788540333509445,0.5038675665855408,-0.04379986599087715,0.12922632694244385,0.5512372255325317,-0.028186438605189323
A,0.35871636867523193,0.6514633893966675,-3.322326165289269e-07,0.42577534914016724,0.6403089165687561,-0.03061973862349987,0.4890187978744507,0.5580734014511108,-0.0392715148627758,0.5113058090209961,0.4551261365413666,-0.04495609179139137,0.5019636750221252,0.3684508204460144,-0.04655630514025688,0.4571409225463867,0.43112725019454956,-0.01761733554303646,0.4666295051574707,0.3784053325653076,-0.052447136491537094,0.4483092725276947,0.46840494871139526,-0.06665205955505371,0.4378036558628082,0.5300183892250061,-0.06821364164352417,0.4132006764411926,0.4112198054790497,-0.012464686296880245,0.4235861599445343,0.3601287603378296,-0.05108350142836571,0.40941497683525085,0.475172758102417,-0.055778950452804565,0.40451446175575256,0.5391709208488464,-0.04768212512135506,0.3688535988330841,0.4067557752132416,-0.013221519999206066,0.3760720491409302,0.3589654862880707,-0.054452959448099136,0.37153753638267517,0.47423702478408813,-0.044929273426532745,0.3711514472961426,0.5363702178001404,-0.02579735405743122,0.3225266933441162,0.41542288661003113,-0.015710029751062393,0.3351629376411438,0.3793873190879822,-0.045259129256010056,0.3398899435997009,0.4650985896587372,-0.038657329976558685,0.34231144189834595,0.5139648914337158,-0.024265015497803688
A,0.2896333932876587,0.7788316011428833,-3.206230303476332e-07,0.35489460825920105,0.7864589691162109,-0.032591354101896286,0.42298051714897156,0.7117794752120972,-0.04148215427994728,0.4444294273853302,0.6035673022270203,-0.04615451395511627,0.4324338436126709,0.5258758068084717,-0.0450051948428154,0.3955393135547638,0.5696114301681519,-0.01955498568713665,0.40040823817253113,0.5032921433448792,-0.05166506767272949,0.3843555152416229,0.5872434377670288,-0.06267009675502777,0.38165006041526794,0.6330663561820984,-0.0640958845615387,0.35183796286582947,0.5497016310691833,-0.012986486777663231,0.3568992018699646,0.4903232753276825,-0.05064654350280762,0.34644559025764465,0.606117308139801,-0.052881963551044464,0.3474137485027313,0.6472988128662109,-0.04431683570146561,0.31054067611694336,0.5419196486473083,-0.012185145169496536,0.3119519352912903,0.4909699261188507,-0.053010813891887665,0.3085384964942932,0.6061258316040039,-0.04042694345116615,0.3098905384540558,0.6498963236808777,-0.020549463108181953,0.26598167419433594,0.541650116443634,-0.01345042884349823,0.2709469199180603,0.5099130272865295,-0.041863247752189636,0.27592405676841736,0.5944981575012207,-0.03458848223090172,0.28014427423477173,0.6291837692260742,-0.02077506296336651
A,0.22502392530441284,0.6626473665237427,-4.847635750593327e-07,0.30869194865226746,0.6746214032173157,-0.04493270441889763,0.3963010311126709,0.5836052894592285,-0.05915506184101105,0.420242577791214,0.4392562806606293,-0.0675230324268341,0.4020686149597168,0.3347226679325104,-0.06846532970666885,0.3597566783428192,0.3980540931224823,-0.03201368451118469,0.359689861536026,0.30068737268447876,-0.07801676541566849,0.33803921937942505,0.41057875752449036,-0.0943477675318718,0.33421218395233154,0.47934967279434204,-0.09573118388652802,0.3033558130264282,0.37351107597351074,-0.021760394796729088,0.3028944134712219,0.28546708822250366,-0.07436121255159378,0.28770044445991516,0.4359862208366394,-0.07809626311063766,0.289333701133728,0.499329537153244,-0.06656648963689804,0.2517021894454956,0.35965174436569214,-0.01905752345919609,0.2455613911151886,0.27522677183151245,-0.07319325953722,0.23908263444900513,0.42474621534347534,-0.056318800896406174,0.24300770461559296,0.49225127696990967,-0.029669780284166336,0.1956041157245636,0.3532677888870239,-0.019314687699079514,0.1931094229221344,0.29144519567489624,-0.05616951361298561,0.1958262026309967,0.40375465154647827,-0.046374935656785965,0.2032826840877533,0.46243900060653687,-0.027906404808163643
A,0.15075846016407013,0.6410704851150513,-3.23937115354056e-07,0.2071593552827835,0.6159296631813049,-0.025623202323913574,0.25962066650390625,0.546028196811676,-0.03592504560947418,0.2686414420604706,0.45972418785095215,-0.04441596567630768,0.25507113337516785,0.39273014664649963,-0.04877491295337677,0.22866278886795044,0.43383780121803284,-0.018821921199560165,0.2271229773759842,0.38685840368270874,-0.05175833776593208,0.21684545278549194,0.46820735931396484,-0.06370687484741211,0.21517981588840485,0.5142005085945129,-0.06445293873548508,0.18470820784568787,0.422890841960907,-0.016222968697547913,0.1861845850944519,0.38149094581604004,-0.05058545991778374,0.1794094443321228,0.4876132011413574,-0.05152454599738121,0.18035365641117096,0.5268632769584656,-0.04268799349665642,0.1442253291606903,0.4244577884674072,-0.018723193556070328,0.14297261834144592,0.3860025107860565,-0.05577598884701729,0.14370296895503998,0.48802122473716736,-0.04313913732767105,0.14772972464561462,0.5299001932144165,-0.023688986897468567,0.10221972316503525,0.4363061487674713,-0.02275574579834938,0.10444189608097076,0.3941507935523987,-0.04629732668399811,0.11340314894914627,0.46571359038352966,-0.03575851395726204,0.12014716863632202,0.5050094127655029,-0.019966820254921913
A,0.42407435178756714,0.49400243163108826,-3.138150646009308e-07,0.4795837998390198,0.506428599357605,-0.020656783133745193,0.5368555784225464,0.4629214406013489,-0.026466473937034607,0.5627372860908508,0.3925759494304657,-0.03078608401119709,0.5682966113090515,0.32705700397491455,-0.031953904777765274,0.5231006741523743,0.3351619243621826,-0.00930745992809534,0.5405895113945007,0.32222163677215576,-0.0358893908560276,0.5194680094718933,0.3871563971042633,-0.04749111086130142,0.5032567977905273,0.42578086256980896,-0.04955596849322319,0.4906984865665436,0.30514103174209595,-0.007215597666800022,0.5103914141654968,0.30034106969833374,-0.03655921295285225,0.4863795340061188,0.38445812463760376,-0.0409066304564476,0.47099167108535767,0.4197118282318115,-0.035688310861587524,0.45641493797302246,0.2888510823249817,-0.009556754492223263,0.47498616576194763,0.2870844602584839,-0.04154026508331299,0.4568648338317871,0.3726504147052765,-0.03411518782377243,0.4448363184928894,0.40442731976509094,-0.019669385626912117,0.41835910081863403,0.28296715021133423,-0.012932498008012772,0.44245266914367676,0.27688440680503845,-0.03305019810795784,0.43528473377227783,0.34356507658958435,-0.02514702081680298,0.4272818863391876,0.36872097849845886,-0.012804693542420864
A,0.23844856023788452,0.6980057954788208,-2.859285359591013e-07,0.29068297147750854,0.6964670419692993,-0.02016291953623295,0.3446863889694214,0.651229202747345,-0.02663595788180828,0.3655785620212555,0.5750219225883484,-0.030921006575226784,0.3579109311103821,0.5129003524780273,-0.031730618327856064,0.3269297778606415,0.5580378770828247,-0.014511915855109692,0.3342192769050598,0.5053731203079224,-0.03869813680648804,0.3145294189453125,0.5685015320777893,-0.04666418209671974,0.30650612711906433,0.6054586172103882,-0.04668830335140228,0.29402193427085876,0.5345533490180969,-0.01142968237400055,0.3005036413669586,0.48938417434692383,-0.03691912069916725,0.2818002998828888,0.5733492374420166,-0.03708704560995102,0.2771208584308624,0.6051613688468933,-0.03049382008612156,0.2612965703010559,0.5210415720939636,-0.01208076998591423,0.2674458622932434,0.4736071825027466,-0.040172092616558075,0.25414788722991943,0.5587995052337646,-0.028559871017932892,0.2501501142978668,0.5948717594146729,-0.012896371074020863,0.22546273469924927,0.514005720615387,-0.013765323907136917,0.23461808264255524,0.47469741106033325,-0.03199094906449318,0.23061427474021912,0.5387681126594543,-0.02271413803100586,0.22867462038993835,0.5720344185829163,-0.010133634321391582
A,0.1954439878463745,0.7456931471824646,-3.113245838903822e-07,0.2504154443740845,0.7360681295394897,-0.02396404556930065,0.2966823875904083,0.6753098964691162,-0.03096100687980652,0.30385756492614746,0.5913872122764587,-0.03548238426446915,0.3064994215965271,0.5286433100700378,-0.03410935029387474,0.27263808250427246,0.5629509091377258,-0.010474566370248795,0.27782365679740906,0.4936853051185608,-0.03541974723339081,0.2647620141506195,0.569113552570343,-0.043276347219944,0.261957585811615,0.5995052456855774,-0.04418991878628731,0.2363586574792862,0.5511695742607117,-0.006729568354785442,0.23974503576755524,0.4919508993625641,-0.03239759802818298,0.23127910494804382,0.584071159362793,-0.031784020364284515,0.2328435331583023,0.5993273854255676,-0.024724183604121208,0.20175006985664368,0.548779308795929,-0.008037222549319267,0.20364388823509216,0.49453240633010864,-0.035722244530916214,0.19974994659423828,0.5811893939971924,-0.02194697968661785,0.2024298906326294,0.597980260848999,-0.0053093028254806995,0.1653575450181961,0.5527164936065674,-0.011193360202014446,0.16802193224430084,0.5104659795761108,-0.02721872739493847,0.17168648540973663,0.5712372064590454,-0.01595841720700264,0.17444148659706116,0.591856837272644,-0.0024598068557679653
A,0.278624951839447,0.7511706352233887,-3.2296335916726093e-07,0.33568164706230164,0.7426303625106812,-0.024002984166145325,0.3925063908100128,0.6784728169441223,-0.03232196345925331,0.4127294421195984,0.588484525680542,-0.037653159350156784,0.3913209140300751,0.5327512621879578,-0.037865716964006424,0.3625921607017517,0.5639010071754456,-0.018548039719462395,0.3660988211631775,0.4992944002151489,-0.04426801949739456,0.35337144136428833,0.5800585746765137,-0.052234068512916565,0.3511669337749481,0.609599232673645,-0.053413379937410355,0.32336750626564026,0.5514918565750122,-0.01547300536185503,0.3272687792778015,0.49428123235702515,-0.04235668480396271,0.3182111978530884,0.5946560502052307,-0.04137947037816048,0.31827372312545776,0.6100211143493652,-0.03451889008283615,0.2858012318611145,0.5484357476234436,-0.016507139429450035,0.28953027725219727,0.4948568344116211,-0.04556123912334442,0.28581833839416504,0.5903188586235046,-0.030804051086306572,0.28656288981437683,0.6118236780166626,-0.013771899975836277,0.2463473081588745,0.5491023659706116,-0.019191788509488106,0.250849187374115,0.5068473815917969,-0.036391258239746094,0.25525543093681335,0.5744587779045105,-0.02445274218916893,0.2577996253967285,0.6002840399742126,-0.010657666251063347
A,0.15806126594543457,0.6430251002311707,-2.872995423786051e-07,0.20781008899211884,0.6378994584083557,-0.026698356494307518,0.26333877444267273,0.584015965461731,-0.03718980401754379,0.2817135751247406,0.5004969239234924,-0.04458952322602272,0.25857412815093994,0.4485786259174347,-0.04698732867836952,0.23606173694133759,0.4742691218852997,-0.020702384412288666,0.23236306011676788,0.41405466198921204,-0.048453692346811295,0.22239777445793152,0.4880306124687195,-0.05800063908100128,0.22447781264781952,0.5174378156661987,-0.05970432236790657,0.19978462159633636,0.4629620611667633,-0.01629173383116722,0.19584916532039642,0.4116817116737366,-0.045295458287000656,0.1905871331691742,0.5064703226089478,-0.0443839430809021,0.19558978080749512,0.5258924961090088,-0.03684112802147865,0.16694213449954987,0.45899197459220886,-0.016583114862442017,0.1614348292350769,0.4093483090400696,-0.04668808728456497,0.16094325482845306,0.498546838760376,-0.032677050679922104,0.16702072322368622,0.5240870714187622,-0.0157616063952446,0.13226759433746338,0.45902588963508606,-0.01901276595890522,0.1291961967945099,0.4211890995502472,-0.03722122684121132,0.13348929584026337,0.4851338267326355,-0.027232244610786438,0.13937942683696747,0.513964831829071,-0.014596706256270409
A,0.8716099858283997,0.703642725944519,-4.615328634827165e-07,0.8158511519432068,0.6784036159515381,-0.01806916482746601,0.7686355113983154,0.5971418023109436,-0.026192408055067062,0.7488473653793335,0.5126940011978149,-0.03561048582196236,0.749559760093689,0.4417153596878052,-0.04021429270505905,0.7818925380706787,0.4875528812408447,0.0008571580401621759,0.7748574018478394,0.40571436285972595,-0.026111938059329987,0.7879776358604431,0.46257227659225464,-0.04045528173446655,0.7948407530784607,0.5165558457374573,-0.04499644786119461,0.8180506825447083,0.47436314821243286,-0.0011308130342513323,0.8128824234008789,0.4010605216026306,-0.028341108933091164,0.8216837048530579,0.48609280586242676,-0.03566433861851692,0.8207948207855225,0.5317605137825012,-0.03330937400460243,0.8548251390457153,0.4739246666431427,-0.008221659809350967,0.8521403074264526,0.3958709239959717,-0.03539498522877693,0.8549709320068359,0.4793139696121216,-0.02782362699508667,0.8518968820571899,0.5257452726364136,-0.014766930602490902,0.8914552927017212,0.4862687587738037,-0.016996921971440315,0.8894640207290649,0.4180738031864166,-0.03365231305360794,0.8850932717323303,0.4738064706325531,-0.025278497487306595,0.8781521320343018,0.5140813589096069,-0.013668478466570377
A,0.8839902877807617,0.7684446573257446,-5.673911687154032e-07,0.8200138807296753,0.7536885738372803,-0.028786571696400642,0.7662327885627747,0.6642024517059326,-0.040416378527879715,0.7444784641265869,0.5665256381034851,-0.050794631242752075,0.7464250326156616,0.4856826364994049,-0.05504956841468811,0.7884702682495117,0.5510143637657166,-0.007476368453353643,0.7830295562744141,0.47951728105545044,-0.0447428934276104,0.7943447232246399,0.5697004795074463,-0.06246071681380272,0.8022361397743225,0.6180550456047058,-0.06900116056203842,0.8297103047370911,0.5399221777915955,-0.007451731711626053,0.8240275382995605,0.47646498680114746,-0.04514150321483612,0.8300620317459106,0.5899732708930969,-0.05130581930279732,0.8316261768341064,0.6206322312355042,-0.04656801372766495,0.8708968162536621,0.5411544442176819,-0.014784620143473148,0.8674637675285339,0.4765293002128601,-0.0536443293094635,0.8663058876991272,0.5883731245994568,-0.04125666618347168,0.8643889427185059,0.6213786602020264,-0.022890353575348854,0.913047730922699,0.5515033602714539,-0.02469225786626339,0.9062947034835815,0.51055908203125,-0.04832039400935173,0.9001792669296265,0.5912103652954102,-0.03806525096297264,0.8959426283836365,0.6218783259391785,-0.024120446294546127
A,0.8337309956550598,0.6556956768035889,-6.472857307926461e-07,0.7623330950737,0.6444218158721924,-0.02601289004087448,0.6981384754180908,0.5586804747581482,-0.03800106421113014,0.6741849184036255,0.45822638273239136,-0.04938407614827156,0.6758517622947693,0.37201446294784546,-0.054984379559755325,0.722563624382019,0.4282355308532715,-0.01098982896655798,0.7087277173995972,0.36102378368377686,-0.05148998647928238,0.7250191569328308,0.45647475123405457,-0.07097508758306503,0.7386512160301208,0.520082950592041,-0.07777897268533707,0.7677844762802124,0.40790802240371704,-0.014219729229807854,0.7532291412353516,0.34790483117103577,-0.05635553598403931,0.7664445042610168,0.4715328514575958,-0.06347692012786865,0.7734071612358093,0.5208104848861694,-0.05799969658255577,0.8152570724487305,0.4035452604293823,-0.02428312785923481,0.8007818460464478,0.3380172848701477,-0.06733474135398865,0.8060796856880188,0.46195706725120544,-0.053878553211688995,0.8078852891921997,0.512469470500946,-0.03329496458172798,0.8641599416732788,0.41114094853401184,-0.03638844192028046,0.8484848737716675,0.36980751156806946,-0.06409592181444168,0.8445539474487305,0.4607807695865631,-0.05246805027127266,0.841642439365387,0.502959668636322,-0.03614029660820961
A,0.7706307172775269,0.5441007018089294,-4.2256843357790785e-07,0.7269806861877441,0.548548698425293,-0.017453840002417564,0.6834623217582703,0.5018899440765381,-0.023972058668732643,0.6656063199043274,0.44078540802001953,-0.02982107363641262,0.6678404808044434,0.38724082708358765,-0.03183174505829811,0.6969947218894958,0.41214224696159363,-0.002748002065345645,0.6871185302734375,0.38188523054122925,-0.027104048058390617,0.6993393301963806,0.4403674304485321,-0.039027269929647446,0.7093855738639832,0.47516754269599915,-0.04327556863427162,0.7253326177597046,0.39288437366485596,-0.0036757627967745066,0.7140368819236755,0.3687772750854492,-0.027818698436021805,0.7255613803863525,0.4446524977684021,-0.030726831406354904,0.7324464917182922,0.46863752603530884,-0.026251282542943954,0.754988431930542,0.3859254717826843,-0.009659335017204285,0.7444971799850464,0.36612066626548767,-0.035298578441143036,0.7509679198265076,0.44074469804763794,-0.026874659582972527,0.7541978359222412,0.46224188804626465,-0.014162139035761356,0.7861955165863037,0.386982262134552,-0.017216531559824944,0.7745646834373474,0.37886643409729004,-0.03272320330142975,0.7749079465866089,0.4351486265659332,-0.025611750781536102,0.7757608294487,0.4532412886619568,-0.015905849635601044
A,0.8355863094329834,0.5380584001541138,-5.497733468473598e-07,0.778475284576416,0.5275341272354126,-0.020259687677025795,0.7299304008483887,0.45352092385292053,-0.029155850410461426,0.7130835056304932,0.37090104818344116,-0.037673816084861755,0.7139641046524048,0.3015511631965637,-0.04162749648094177,0.7513126134872437,0.3473682403564453,-0.006098561454564333,0.7417171001434326,0.2904651165008545,-0.03650756552815437,0.7513449192047119,0.3693937361240387,-0.051184363663196564,0.7610188126564026,0.4205293357372284,-0.05615445226430893,0.7877468466758728,0.3369825482368469,-0.008492900989949703,0.7776501178741455,0.28790614008903503,-0.03979617357254028,0.7836965322494507,0.39023953676223755,-0.044526394456624985,0.7888737916946411,0.43107300996780396,-0.039653800427913666,0.8246995806694031,0.3402721881866455,-0.01643497124314308,0.8155257105827332,0.2888495922088623,-0.049399618059396744,0.8153259754180908,0.38992124795913696,-0.03927913308143616,0.8164541125297546,0.43035343289375305,-0.023416543379426003,0.8635199666023254,0.3522428870201111,-0.02588317170739174,0.8507245182991028,0.319602906703949,-0.047058843076229095,0.845491349697113,0.3927147090435028,-0.038197144865989685,0.8435959815979004,0.42637768387794495,-0.025646081194281578
A,0.6587616205215454,0.620044469833374,-6.61018816572323e-07,0.5957895517349243,0.6278904676437378,-0.023289289325475693,0.5309562683105469,0.5607730746269226,-0.03210928291082382,0.5003682971000671,0.4737304151058197,-0.04062268137931824,0.4906274080276489,0.39454007148742676,-0.04379856213927269,0.5425847768783569,0.42782726883888245,-0.0026754229329526424,0.522879958152771,0.3807864189147949,-0.03519316017627716,0.5431179404258728,0.46806153655052185,-0.05177931860089302,0.5624966025352478,0.525506317615509,-0.057744916528463364,0.58022540807724,0.39899006485939026,-0.004162671975791454,0.5608404874801636,0.3636826276779175,-0.03904280439019203,0.5795561671257019,0.47345438599586487,-0.0454234853386879,0.5928690433502197,0.5256492495536804,-0.040562987327575684,0.6201201677322388,0.3879390358924866,-0.012148890644311905,0.6014494895935059,0.35157936811447144,-0.04926471412181854,0.6136103868484497,0.46330752968788147,-0.03949367627501488,0.6215828657150269,0.5176078081130981,-0.022268814966082573,0.6632349491119385,0.3870966136455536,-0.021966490894556046,0.6432697176933289,0.368217408657074,-0.04696076363325119,0.6454254984855652,0.45185622572898865,-0.039048999547958374,0.6464241147041321,0.49558788537979126,-0.025879209861159325
A,0.8518161773681641,0.570064127445221,-3.598496789436467e-07,0.8080829977989197,0.5510448217391968,-0.01635037362575531,0.7669065594673157,0.5057823061943054,-0.025493765249848366,0.7465758919715881,0.45031964778900146,-0.03429035097360611,0.7573009133338928,0.405087947845459,-0.039885956794023514,0.7859445214271545,0.429339200258255,-0.007884392514824867,0.7816751599311829,0.3938446640968323,-0.03278015926480293,0.7899196743965149,0.45107266306877136,-0.046677231788635254,0.7958946228027344,0.4880850315093994,-0.05258294939994812,0.8158270120620728,0.42112478613853455,-0.009829255752265453,0.8106635808944702,0.3818276524543762,-0.036584433168172836,0.8164881467819214,0.4571099281311035,-0.04259440302848816,0.8187721967697144,0.49540236592292786,-0.04006935656070709,0.8454447388648987,0.42183881998062134,-0.015592903830111027,0.8405441045761108,0.382082998752594,-0.0420166552066803,0.8418042063713074,0.4553048312664032,-0.034812215715646744,0.8402700424194336,0.4925362765789032,-0.022507626563310623,0.8741486668586731,0.4320339262485504,-0.022547481581568718,0.8690714240074158,0.40126851201057434,-0.038051359355449677,0.8657186627388,0.4525083899497986,-0.030164267867803574,0.8618780374526978,0.4820057153701782,-0.01974177174270153
A,0.7023717164993286,0.4125036299228668,-4.451802908533864e-07,0.6550605893135071,0.41846632957458496,-0.0188632570207119,0.6036038398742676,0.3870541453361511,-0.028255175799131393,0.5746540427207947,0.3343263864517212,-0.03716372698545456,0.5775671601295471,0.2776119112968445,-0.04267178848385811,0.6111788153648376,0.2827954888343811,-0.0039963023737072945,0.5970948934555054,0.25184181332588196,-0.029530582949519157,0.6138671636581421,0.3111947476863861,-0.045078031718730927,0.6283652186393738,0.3516463041305542,-0.05214111879467964,0.640272319316864,0.25678500533103943,-0.005037007387727499,0.6256952285766602,0.22889479994773865,-0.031849924474954605,0.6436224579811096,0.3072717487812042,-0.03878937289118767,0.6541765928268433,0.35137903690338135,-0.036713726818561554,0.6719954609870911,0.24301046133041382,-0.010766719467937946,0.6567331552505493,0.21039539575576782,-0.03941688314080238,0.6681263446807861,0.29090115427970886,-0.033600740134716034,0.6735032796859741,0.33944666385650635,-0.02158650942146778,0.7057937979698181,0.2397727519273758,-0.017836257815361023,0.6905515193939209,0.2211277186870575,-0.03801366314291954,0.6942060589790344,0.2843416929244995,-0.032327063381671906,0.6956422328948975,0.32494378089904785,-0.022391563281416893
A,0.20399601757526398,0.500357985496521,-2.663117584233987e-07,0.25547483563423157,0.5010346174240112,-0.025215379893779755,0.3088615834712982,0.44673794507980347,-0.03335229307413101,0.32322609424591064,0.3614543676376343,-0.03876318410038948,0.30857622623443604,0.3030845522880554,-0.03974616900086403,0.2833709418773651,0.3354407250881195,-0.014978533610701561,0.2852626442909241,0.29080522060394287,-0.039834339171648026,0.27518993616104126,0.36334025859832764,-0.047290876507759094,0.27321258187294006,0.3946218490600586,-0.04755687713623047,0.25006914138793945,0.3184308707714081,-0.010472862049937248,0.2506817877292633,0.27958330512046814,-0.03640063852071762,0.24361632764339447,0.37175771594047546,-0.0347345694899559,0.2447340488433838,0.39441385865211487,-0.02674732729792595,0.21766869723796844,0.31380146741867065,-0.010705288499593735,0.21677958965301514,0.2751159965991974,-0.03991266340017319,0.21397840976715088,0.3648143708705902,-0.02676779218018055,0.21500176191329956,0.393937885761261,-0.010166238062083721,0.18163363635540009,0.31616684794425964,-0.012769946828484535,0.18355229496955872,0.2896556854248047,-0.03215508535504341,0.18720218539237976,0.35327625274658203,-0.02367788553237915,0.1899373084306717,0.37925878167152405,-0.011686093173921108
A,0.2477080225944519,0.7831563949584961,-2.969820229736797e-07,0.3103586733341217,0.7881207466125488,-0.03042716160416603,0.3776276409626007,0.7386136054992676,-0.04095111042261124,0.40355566143989563,0.6488809585571289,-0.04753314331173897,0.3979701101779938,0.5744972825050354,-0.04816438630223274,0.36164411902427673,0.5960367321968079,-0.01987840235233307,0.3685723543167114,0.5501264333724976,-0.05145547538995743,0.3479258716106415,0.634529709815979,-0.06156356260180473,0.34101319313049316,0.6722596287727356,-0.062340132892131805,0.32079362869262695,0.5658656358718872,-0.014962738379836082,0.32879042625427246,0.5290886163711548,-0.049628667533397675,0.3101279139518738,0.6393426060676575,-0.05067140981554985,0.3075328469276428,0.666875422000885,-0.04212100803852081,0.2801332175731659,0.551665186882019,-0.015431328676640987,0.28432005643844604,0.5241935849189758,-0.05293715000152588,0.27332884073257446,0.6308056712150574,-0.040057118982076645,0.2731269896030426,0.6595035791397095,-0.021114742383360863,0.23640181124210358,0.5479558706283569,-0.017807509750127792,0.2437276840209961,0.533007025718689,-0.041987016797065735,0.2430582046508789,0.6123636364936829,-0.03256811201572418,0.24458080530166626,0.6372708678245544,-0.01807720959186554
A,0.1494138240814209,0.5157641768455505,-2.8835233933932614e-07,0.20522254705429077,0.5049339532852173,-0.021035993471741676,0.25774118304252625,0.4526866376399994,-0.028113391250371933,0.2732760012149811,0.3753795623779297,-0.03322296217083931,0.26496416330337524,0.3146539330482483,-0.03417535871267319,0.22438740730285645,0.35255107283592224,-0.01511808019131422,0.23674175143241882,0.30354684591293335,-0.03923611715435982,0.2257755547761917,0.37610170245170593,-0.0457926020026207,0.2179218977689743,0.4083750545978546,-0.04536137729883194,0.1890987753868103,0.33755695819854736,-0.01299398671835661,0.2010570913553238,0.29367196559906006,-0.03935575857758522,0.19282452762126923,0.384526789188385,-0.04000705108046532,0.1867642104625702,0.408652126789093,-0.0342334546148777,0.15485692024230957,0.33442938327789307,-0.014579716138541698,0.16556136310100555,0.29244232177734375,-0.044074270874261856,0.162309467792511,0.38299471139907837,-0.03206465765833855,0.1572275310754776,0.4125666916370392,-0.016344904899597168,0.11703772842884064,0.33877214789390564,-0.017234036698937416,0.13030409812927246,0.304770290851593,-0.03574403375387192,0.13584019243717194,0.3695628345012665,-0.025762982666492462,0.13381245732307434,0.3968420922756195,-0.013087448664009571
A,0.3752032518386841,0.498517781496048,-2.970437265048531e-07,0.42864134907722473,0.5011677145957947,-0.022684141993522644,0.484106183052063,0.44250020384788513,-0.02848082035779953,0.5040533542633057,0.36296603083610535,-0.03213146701455116,0.5001089572906494,0.29580050706863403,-0.03240438550710678,0.45829811692237854,0.33018726110458374,-0.013462540693581104,0.4725017845630646,0.27900588512420654,-0.03921700268983841,0.4584369659423828,0.3490945100784302,-0.04891495779156685,0.4492085576057434,0.3937305808067322,-0.049634408205747604,0.4238278567790985,0.31390655040740967,-0.00985720381140709,0.4377734065055847,0.2717033624649048,-0.037599850445985794,0.42469221353530884,0.36094188690185547,-0.04021156206727028,0.4178524315357208,0.40041571855545044,-0.03435897454619408,0.3883666396141052,0.3085426390171051,-0.010633010417222977,0.4003455638885498,0.2654959559440613,-0.04147586598992348,0.393632173538208,0.356052428483963,-0.032921675592660904,0.3891068696975708,0.3968120813369751,-0.01827092655003071,0.35002607107162476,0.3112489879131317,-0.0125884423032403,0.3640558123588562,0.2777477502822876,-0.033876027911901474,0.3666224777698517,0.3448379337787628,-0.02704155258834362,0.3655107617378235,0.3796343207359314,-0.015480121597647667
A,0.39797818660736084,0.7230511903762817,-3.471804745913687e-07,0.4574154317378998,0.7243783473968506,-0.026467373594641685,0.5203680992126465,0.6607212424278259,-0.033325619995594025,0.5474802851676941,0.5726500153541565,-0.03753839433193207,0.5448954701423645,0.4969407320022583,-0.037151552736759186,0.4955739676952362,0.523085355758667,-0.0143123185262084,0.5141801238059998,0.47688058018684387,-0.04278739169239998,0.49598774313926697,0.5608014464378357,-0.05215230584144592,0.48363757133483887,0.6040064692497253,-0.05221359431743622,0.45816946029663086,0.5018170475959778,-0.010537839494645596,0.47542211413383484,0.46699732542037964,-0.04263860732316971,0.458121657371521,0.5716084241867065,-0.04573514312505722,0.44849833846092224,0.6062333583831787,-0.03891259431838989,0.4187972843647003,0.4951692223548889,-0.011733582243323326,0.433284193277359,0.46137309074401855,-0.04825913906097412,0.4234485626220703,0.5677320957183838,-0.0386112742125988,0.4165453612804413,0.6057373285293579,-0.021510960534214973,0.3754264712333679,0.49869781732559204,-0.014211822301149368,0.39240381121635437,0.47298264503479004,-0.03938481584191322,0.3939845561981201,0.5516319870948792,-0.03142761439085007,0.3911275267601013,0.584875762462616,-0.01766914688050747
A,0.1698015183210373,0.8124014735221863,-3.2620141610095743e-07,0.23394183814525604,0.8055700063705444,-0.03231123089790344,0.29866665601730347,0.7385458946228027,-0.043039433658123016,0.31655895709991455,0.6362892389297485,-0.04977663606405258,0.3011053502559662,0.5624662041664124,-0.05031377077102661,0.27015382051467896,0.6139413714408875,-0.020620105788111687,0.2707069516181946,0.5399764180183411,-0.053766556084156036,0.25430330634117126,0.6250598430633545,-0.06522517651319504,0.2535955309867859,0.6686009168624878,-0.06666044145822525,0.22810889780521393,0.597172200679779,-0.014213885180652142,0.22661568224430084,0.5328587293624878,-0.04980005323886871,0.21517255902290344,0.6426358222961426,-0.05040910840034485,0.2200787365436554,0.6765560507774353,-0.04147662967443466,0.18835929036140442,0.590256929397583,-0.013720515184104443,0.18343138694763184,0.5288485288619995,-0.051711030304431915,0.1789969950914383,0.636124312877655,-0.03741980716586113,0.1857166290283203,0.6751238107681274,-0.01744302362203598,0.14600174129009247,0.5902548432350159,-0.015527725219726562,0.14374208450317383,0.5492411851882935,-0.04059769585728645,0.14719417691230774,0.6279720664024353,-0.03127393499016762,0.15443190932273865,0.6641654968261719,-0.01676986552774906
A,0.8527834415435791,0.5867006778717041,-4.515850093866902e-07,0.7933255434036255,0.5725787281990051,-0.013166197575628757,0.7447122931480408,0.5200872421264648,-0.019834525883197784,0.7221797704696655,0.4515005350112915,-0.02849534898996353,0.7150173783302307,0.38755279779434204,-0.03405678644776344,0.7579600811004639,0.4319784641265869,0.0030570277012884617,0.7426131963729858,0.37624111771583557,-0.023071691393852234,0.7557916641235352,0.4329112470149994,-0.03901420533657074,0.7687009572982788,0.4822857975959778,-0.04523468762636185,0.790023148059845,0.4154244661331177,-0.0008453122572973371,0.7762273550033569,0.3682478070259094,-0.028391258791089058,0.7906132340431213,0.44480401277542114,-0.0367647223174572,0.80086350440979,0.4939765930175781,-0.03525453805923462,0.8227640390396118,0.4072524607181549,-0.009334143251180649,0.8089431524276733,0.3593740165233612,-0.03648599609732628,0.8179610371589661,0.4383194148540497,-0.030777666717767715,0.8245640993118286,0.4892764687538147,-0.01875382661819458,0.8580005168914795,0.40687984228134155,-0.018985120579600334,0.8440678119659424,0.3638339042663574,-0.03543803095817566,0.8445667028427124,0.42174768447875977,-0.028154823929071426,0.8462830781936646,0.46495240926742554,-0.017466481775045395
A,0.7561160922050476,0.5051649212837219,-5.237844220573606e-07,0.7067538499832153,0.5081066489219666,-0.02628527209162712,0.6574352979660034,0.4584539532661438,-0.036563899368047714,0.6353461742401123,0.3941590487957001,-0.04420560970902443,0.6296366453170776,0.32972413301467896,-0.047297097742557526,0.6592475175857544,0.31869998574256897,-0.009510917589068413,0.6572011709213257,0.3297301232814789,-0.039295557886362076,0.6744562983512878,0.3974679112434387,-0.05756942555308342,0.6862488985061646,0.4383801519870758,-0.06579936295747757,0.6941430568695068,0.28585588932037354,-0.007773602847009897,0.6925613284111023,0.31702059507369995,-0.03654433414340019,0.7053225636482239,0.4036021828651428,-0.04472314938902855,0.710485577583313,0.4366019666194916,-0.043505143374204636,0.7314796447753906,0.2782289683818817,-0.011790959164500237,0.7325685024261475,0.3192850649356842,-0.04195915907621384,0.7366912961006165,0.40066877007484436,-0.0379791222512722,0.7352161407470703,0.4253697693347931,-0.027688097208738327,0.7680098414421082,0.28500375151634216,-0.018316766247153282,0.7663081884384155,0.32468169927597046,-0.037569865584373474,0.7649998664855957,0.38919657468795776,-0.033250972628593445,0.7605839371681213,0.40945470333099365,-0.024375585839152336
A,0.8704893589019775,0.8444526195526123,-8.471679393551312e-07,0.7828913331031799,0.8357267379760742,-0.04202346131205559,0.6995356678962708,0.7259771227836609,-0.05617692321538925,0.6659122705459595,0.6036767363548279,-0.06696387380361557,0.6636602878570557,0.49580293893814087,-0.06970859318971634,0.7171751856803894,0.5353233218193054,-0.012549888342618942,0.7064100503921509,0.49961069226264954,-0.06363843381404877,0.7312206029891968,0.6213148832321167,-0.09023959934711456,0.7484114766120911,0.7010276913642883,-0.1003519669175148,0.7783576846122742,0.4929317235946655,-0.010782508179545403,0.7635846138000488,0.48880693316459656,-0.0665244609117508,0.7846028804779053,0.64776611328125,-0.07797116041183472,0.7950128316879272,0.7111254930496216,-0.07112564891576767,0.8402429223060608,0.4823213815689087,-0.019286448135972023,0.8303650617599487,0.5011451244354248,-0.0763213261961937,0.8391345143318176,0.6545489430427551,-0.06515505909919739,0.838311493396759,0.7065162658691406,-0.04186655953526497,0.9005860090255737,0.49234652519226074,-0.03152138739824295,0.8891461491584778,0.5222295522689819,-0.06642945110797882,0.8869619965553284,0.6371890902519226,-0.05650467798113823,0.8799869418144226,0.6733751893043518,-0.038867805153131485
A,0.7473843097686768,0.7193496227264404,-4.5712113205809146e-07,0.6963937878608704,0.7132754325866699,-0.012810513377189636,0.6511130928993225,0.6623219847679138,-0.01853400282561779,0.6312453150749207,0.5988251566886902,-0.025449221953749657,0.625907838344574,0.5417496562004089,-0.02942049875855446,0.6642355918884277,0.5748498439788818,0.0003634914173744619,0.6505467295646667,0.5348464846611023,-0.023014996200799942,0.6617070436477661,0.5928549766540527,-0.036774154752492905,0.6741001605987549,0.6379167437553406,-0.04223450645804405,0.6932566165924072,0.5592748522758484,-0.0025830029044300318,0.679133415222168,0.5253897905349731,-0.027229666709899902,0.6905582547187805,0.5997081398963928,-0.03337795287370682,0.7007601857185364,0.6445097327232361,-0.031117957085371017,0.7232682704925537,0.553351640701294,-0.009676299057900906,0.7096283435821533,0.5205593705177307,-0.03472629562020302,0.7168406844139099,0.5964310765266418,-0.028691014274954796,0.7234155535697937,0.6418002247810364,-0.017131632193922997,0.7556812763214111,0.5547915101051331,-0.0178066473454237,0.7406421899795532,0.5269519090652466,-0.03371075540781021,0.7396676540374756,0.5814869403839111,-0.02732904814183712,0.7404289841651917,0.6184020638465881,-0.01766589656472206
A,0.5908659100532532,0.6878606081008911,-5.90705326430907e-07,0.5311020612716675,0.687731146812439,-0.011088840663433075,0.4754224121570587,0.6414570212364197,-0.01639905571937561,0.44640806317329407,0.5801846981048584,-0.02428559958934784,0.4326632618904114,0.5165853500366211,-0.029370198026299477,0.48135972023010254,0.5228004455566406,0.007362337317317724,0.45623302459716797,0.49869877099990845,-0.017406221479177475,0.4733848571777344,0.5691387057304382,-0.03408164530992508,0.4935113191604614,0.6215038299560547,-0.04109029099345207,0.5102334022521973,0.4986792802810669,0.0028164167888462543,0.48480427265167236,0.4809774160385132,-0.02169395610690117,0.5017750859260559,0.5633091926574707,-0.029748931527137756,0.5194050073623657,0.6191698312759399,-0.028545109555125237,0.5435104370117188,0.4858647286891937,-0.006363425869494677,0.5150189399719238,0.46710920333862305,-0.0309008602052927,0.5282127857208252,0.5492193698883057,-0.025865741074085236,0.544244110584259,0.6046819686889648,-0.014882078394293785,0.5813818573951721,0.4825524091720581,-0.016657033935189247,0.5503896474838257,0.47123458981513977,-0.03285263106226921,0.5540558695793152,0.5300764441490173,-0.026436258107423782,0.5649769902229309,0.5723634958267212,-0.016144827008247375
A,0.20099088549613953,0.6555860042572021,-3.1700690783509344e-07,0.26037874817848206,0.6515294313430786,-0.02290339022874832,0.31789684295654297,0.5935994386672974,-0.02999693527817726,0.33872294425964355,0.5134705305099487,-0.0364481620490551,0.33049964904785156,0.4405280351638794,-0.04127579182386398,0.2966107130050659,0.47472381591796875,-0.008353407494723797,0.30607256293296814,0.4377826750278473,-0.03878820315003395,0.2877016067504883,0.5091034173965454,-0.0566197969019413,0.27375563979148865,0.56961989402771,-0.061519522219896317,0.2604018449783325,0.45122432708740234,-0.005293719470500946,0.26818665862083435,0.41888853907585144,-0.03787577897310257,0.25054049491882324,0.5136932730674744,-0.04647950455546379,0.2402331531047821,0.5822485089302063,-0.042932040989398956,0.22194266319274902,0.44182097911834717,-0.0072133783251047134,0.22794565558433533,0.401681512594223,-0.03967955335974693,0.21923573315143585,0.498989075422287,-0.03509031608700752,0.2146846055984497,0.5684066414833069,-0.021575355902314186,0.1799927055835724,0.4438204765319824,-0.010695346631109715,0.18997114896774292,0.40711289644241333,-0.03357837349176407,0.19227354228496552,0.47470390796661377,-0.02901122346520424,0.19342465698719025,0.5259920358657837,-0.01779082603752613
B,0.16765660047531128,0.8985881209373474,2.635083831137308e-07,0.23728984594345093,0.8397018313407898,-0.021507831290364265,0.2829459309577942,0.7303590178489685,-0.024895906448364258,0.266941100358963,0.6237335205078125,-0.027863916009664536,0.2304685115814209,0.5686277151107788,-0.03067115508019924,0.26899635791778564,0.5937625765800476,0.0026356184389442205,0.2736467719078064,0.47416552901268005,-0.010310318320989609,0.2695108652114868,0.3974378705024719,-0.0257909893989563,0.26436445116996765,0.3273565471172333,-0.03826127201318741,0.22611591219902039,0.5699667930603027,-0.0001152564218500629,0.232703298330307,0.437951922416687,-0.010910188779234886,0.23519819974899292,0.35256049036979675,-0.026302875950932503,0.23662762343883514,0.2791469097137451,-0.0381055511534214,0.18522390723228455,0.5718233585357666,-0.007314249873161316,0.19227352738380432,0.4435625374317169,-0.01948230341076851,0.19898146390914917,0.36562883853912354,-0.031128128990530968,0.20463904738426208,0.29817745089530945,-0.039258405566215515,0.14071393013000488,0.5938791632652283,-0.017445988953113556,0.14795953035354614,0.4857194423675537,-0.028712350875139236,0.15746846795082092,0.420751690864563,-0.033611975610256195,0.1686730682849884,0.3609250485897064,-0.03694760054349899
B,0.3508581519126892,0.8338107466697693,3.4580889973767626e-07,0.4155533015727997,0.791176974773407,-0.021241530776023865,0.45817649364471436,0.694022536277771,-0.02430851384997368,0.45221519470214844,0.5963613390922546,-0.026125164702534676,0.43006205558776855,0.5347471237182617,-0.02772495523095131,0.44424405694007874,0.5601959228515625,-0.0016113294987007976,0.4643189013004303,0.4530520439147949,-0.014581519179046154,0.47186756134033203,0.3856685757637024,-0.028025344014167786,0.47555622458457947,0.3241485059261322,-0.038154859095811844,0.40899354219436646,0.5352988839149475,-0.0030806497670710087,0.4330906271934509,0.41333186626434326,-0.014425940811634064,0.44669267535209656,0.33750811219215393,-0.027347968891263008,0.456756055355072,0.27245861291885376,-0.03665129467844963,0.3733568787574768,0.5334504246711731,-0.008891290985047817,0.39368391036987305,0.4166758358478546,-0.022278275340795517,0.4103393852710724,0.34649306535720825,-0.03391953185200691,0.4242800176143646,0.2871124744415283,-0.04136529937386513,0.3337536156177521,0.5499900579452515,-0.017219658941030502,0.35157328844070435,0.4543309807777405,-0.029689833521842957,0.36682161688804626,0.3981029987335205,-0.03547615557909012,0.38286206126213074,0.34582340717315674,-0.03914349898695946
B,0.22103846073150635,0.7216120958328247,2.0481773788105784e-07,0.27088475227355957,0.6966570615768433,-0.01604381762444973,0.30750977993011475,0.6352822780609131,-0.019525820389389992,0.3030705749988556,0.5627344846725464,-0.02201552875339985,0.2856106162071228,0.5200361013412476,-0.02442898228764534,0.30096080899238586,0.5367134213447571,-0.002721470082178712,0.3118828237056732,0.4596433639526367,-0.012533689849078655,0.3138884902000427,0.409487783908844,-0.023007771000266075,0.3130716383457184,0.3635483384132385,-0.030746791511774063,0.2734161615371704,0.5153237581253052,-0.0032976800575852394,0.28639188408851624,0.4307171404361725,-0.01117733120918274,0.2924731969833374,0.3760548233985901,-0.020899025723338127,0.2961738705635071,0.33015018701553345,-0.027986707165837288,0.24601204693317413,0.5104591846466064,-0.006746996194124222,0.25812771916389465,0.42944496870040894,-0.015269681811332703,0.2671712636947632,0.38069528341293335,-0.02244507521390915,0.2743667662143707,0.34092020988464355,-0.027017010375857353,0.21524353325366974,0.5184317827224731,-0.012126357294619083,0.22566071152687073,0.4489179849624634,-0.01966792158782482,0.23532365262508392,0.40933099389076233,-0.022204173728823662,0.24502786993980408,0.37503212690353394,-0.023470565676689148
B,0.17753316462039948,0.5949226021766663,1.685912422999536e-07,0.2186526507139206,0.5671245455741882,-0.011736094020307064,0.2461308091878891,0.5120542645454407,-0.014116023667156696,0.23968574404716492,0.4539923071861267,-0.016043568029999733,0.2243374139070511,0.41963502764701843,-0.018199628219008446,0.23865313827991486,0.42956411838531494,-0.0024546473287045956,0.24364465475082397,0.3589349687099457,-0.010664775036275387,0.24339793622493744,0.3134535551071167,-0.019182614982128143,0.24204225838184357,0.27341994643211365,-0.025376096367836,0.21338939666748047,0.4156051278114319,-0.003656035056337714,0.21925708651542664,0.34146127104759216,-0.01015471015125513,0.22171491384506226,0.295196533203125,-0.01826503500342369,0.22365716099739075,0.2564474642276764,-0.024136235937476158,0.1889532208442688,0.4145053029060364,-0.006908421870321035,0.19440650939941406,0.344462513923645,-0.0135307302698493,0.1991487294435501,0.3014324903488159,-0.01893426850438118,0.20345447957515717,0.2666447162628174,-0.022434283047914505,0.16223090887069702,0.42444920539855957,-0.011649219319224358,0.1682431846857071,0.3627803921699524,-0.01736295036971569,0.17454929649829865,0.3271139860153198,-0.01871328614652157,0.18132707476615906,0.29655081033706665,-0.019133031368255615
B,0.1549127995967865,0.772280216217041,2.642861431922938e-07,0.21617460250854492,0.7254340052604675,-0.015791120007634163,0.2523462474346161,0.6398062705993652,-0.016844693571329117,0.23445984721183777,0.5539699792861938,-0.017785832285881042,0.2034751921892166,0.5157402753829956,-0.018842250108718872,0.24282583594322205,0.5348013639450073,0.006094408221542835,0.25434714555740356,0.44581514596939087,-0.0023860945366322994,0.2559974789619446,0.38640105724334717,-0.013895099051296711,0.25589507818222046,0.3300098180770874,-0.023811006918549538,0.20825035870075226,0.511708676815033,0.0034839988220483065,0.2200583517551422,0.4122123718261719,-0.003639515023678541,0.2264169156551361,0.34760937094688416,-0.015465456061065197,0.23152627050876617,0.289983868598938,-0.02487035095691681,0.17441461980342865,0.5121102333068848,-0.0027597181033343077,0.18265776336193085,0.4130542278289795,-0.01233576238155365,0.1909790188074112,0.3544479012489319,-0.022039733827114105,0.19800595939159393,0.3027000427246094,-0.028728021308779716,0.13675199449062347,0.5307690501213074,-0.011173021048307419,0.14377085864543915,0.4457381069660187,-0.02031472511589527,0.1531706154346466,0.3936155140399933,-0.024561218917369843,0.16410955786705017,0.344819575548172,-0.02765583246946335
B,0.2558801770210266,0.8372361660003662,3.2189180387831584e-07,0.3205987513065338,0.7996121644973755,-0.021644944325089455,0.3658651113510132,0.7160415649414062,-0.026910068467259407,0.3559653162956238,0.6235305070877075,-0.030967047438025475,0.3244902193546295,0.571103572845459,-0.0351492278277874,0.3580917716026306,0.5782544016838074,-0.0035494589246809483,0.3766123056411743,0.475971519947052,-0.01631232723593712,0.38339293003082275,0.41080933809280396,-0.03043070062994957,0.38778772950172424,0.35006362199783325,-0.04144943878054619,0.3213348984718323,0.5509579181671143,-0.005030171945691109,0.3411579132080078,0.4369385242462158,-0.014754561707377434,0.3525887727737427,0.36706703901290894,-0.027647292241454124,0.36205610632896423,0.30655190348625183,-0.037619661539793015,0.28500887751579285,0.5489321947097778,-0.01048833318054676,0.30158862471580505,0.44055458903312683,-0.021502114832401276,0.31594622135162354,0.37684038281440735,-0.031801167875528336,0.32844188809394836,0.32190433144569397,-0.039065368473529816,0.2440531849861145,0.5664438605308533,-0.01857193186879158,0.2568887174129486,0.4760758876800537,-0.028537070378661156,0.269911527633667,0.42298510670661926,-0.03248296678066254,0.2837885320186615,0.3737003803253174,-0.035289447754621506
B,0.8689216375350952,0.705219030380249,3.167171769291599e-07,0.8086652159690857,0.6730155348777771,-0.016284151002764702,0.767027735710144,0.597804844379425,-0.023098142817616463,0.7727572321891785,0.5197333097457886,-0.02984524518251419,0.7969672679901123,0.4824281334877014,-0.036473169922828674,0.783179759979248,0.47377532720565796,-0.0015320770908147097,0.7750710248947144,0.39184194803237915,-0.014520199969410896,0.7759307026863098,0.3390791118144989,-0.029544983059167862,0.7781200408935547,0.28723466396331787,-0.04231559485197067,0.8153749108314514,0.45573338866233826,-0.005139392334967852,0.8070982098579407,0.3659990429878235,-0.01447755191475153,0.8074690699577332,0.30863016843795776,-0.025726763531565666,0.8076422810554504,0.2521883249282837,-0.0352424755692482,0.8475518226623535,0.46002891659736633,-0.01269275788217783,0.8409711122512817,0.3729349970817566,-0.023388365283608437,0.8363983035087585,0.3186337649822235,-0.031199514865875244,0.8312382698059082,0.26935166120529175,-0.03718675300478935,0.882938802242279,0.48116061091423035,-0.02277979627251625,0.875323474407196,0.4058536887168884,-0.033855877816677094,0.8673262000083923,0.3586232662200928,-0.03861455246806145,0.8579371571540833,0.3142041265964508,-0.042153555899858475
B,0.7816012501716614,0.6869176626205444,2.8161562681816577e-07,0.7177899479866028,0.67090904712677,-0.014430336654186249,0.6685110926628113,0.5971825122833252,-0.01921527460217476,0.6653480529785156,0.5128204226493835,-0.02437552623450756,0.6869818568229675,0.46888014674186707,-0.030206937342882156,0.6772446036338806,0.4552273154258728,-0.0023503899574279785,0.661659836769104,0.36550334095954895,-0.01483187172561884,0.6545451283454895,0.3088997006416321,-0.029213087633252144,0.6482112407684326,0.2530350089073181,-0.042170729488134384,0.7111849188804626,0.4304661154747009,-0.00841572042554617,0.6940665245056152,0.3306416869163513,-0.018718916922807693,0.6848354935646057,0.2674342691898346,-0.032146159559488297,0.6750950813293457,0.20491105318069458,-0.0436774380505085,0.7457305788993835,0.43040353059768677,-0.017993545159697533,0.7309800982475281,0.33452844619750977,-0.030975544825196266,0.7184326648712158,0.27642035484313965,-0.04266311600804329,0.7045068144798279,0.22339710593223572,-0.0517272986471653,0.7837899327278137,0.44845670461654663,-0.029595261439681053,0.767876923084259,0.36664706468582153,-0.04383853077888489,0.7536570429801941,0.3157290816307068,-0.05171680822968483,0.7374539375305176,0.2678579092025757,-0.0578165128827095
B,0.8733567595481873,0.6098653674125671,3.323448254377581e-07,0.8260200023651123,0.5730094313621521,-0.015013599768280983,0.7952951788902283,0.5076560974121094,-0.021817967295646667,0.804333508014679,0.442381352186203,-0.028505844995379448,0.8291502594947815,0.41317179799079895,-0.03510623425245285,0.8114697337150574,0.40594711899757385,-0.0033596069552004337,0.8097581267356873,0.3270716667175293,-0.014825182035565376,0.8145623207092285,0.2765594720840454,-0.027058742940425873,0.8207613229751587,0.22968092560768127,-0.03690103441476822,0.8388667702674866,0.3932148218154907,-0.006126089952886105,0.8370837569236755,0.30748897790908813,-0.014713777229189873,0.8408368229866028,0.2536529302597046,-0.024493999779224396,0.8447010517120361,0.20434556901454926,-0.032297756522893906,0.8652263283729553,0.39904433488845825,-0.012220175936818123,0.8643715977668762,0.3172471225261688,-0.021644480526447296,0.8651090860366821,0.265788197517395,-0.02911331318318844,0.8653489947319031,0.22021298110485077,-0.03455871716141701,0.8942532539367676,0.4181618094444275,-0.02051996998488903,0.892906904220581,0.3490854799747467,-0.028972281143069267,0.8911371827125549,0.3044578433036804,-0.0327434167265892,0.8880293369293213,0.2625560164451599,-0.03563080355525017
B,0.8216298222541809,0.8742594122886658,2.9582281513285125e-07,0.7704722285270691,0.8643255233764648,-0.012302421033382416,0.7282088994979858,0.815434455871582,-0.0166462492197752,0.7235292196273804,0.7483152151107788,-0.021299559623003006,0.7418099641799927,0.7055257558822632,-0.0256362222135067,0.7278765439987183,0.6949043869972229,0.001599930808879435,0.7146344780921936,0.615711510181427,-0.0073752752505242825,0.7112442851066589,0.5651953220367432,-0.01811121217906475,0.7091742157936096,0.5190461874008179,-0.02709847316145897,0.7528547644615173,0.6713104248046875,-0.0018762522377073765,0.7384864687919617,0.5856256484985352,-0.008218728005886078,0.7332583665847778,0.5321980714797974,-0.01667487435042858,0.7286545038223267,0.48450225591659546,-0.023686565458774567,0.7791674137115479,0.6653605699539185,-0.008611874654889107,0.7660753130912781,0.5833401679992676,-0.016041921451687813,0.7584776282310486,0.5334455966949463,-0.02226848527789116,0.7511416673660278,0.4900245666503906,-0.027187785133719444,0.8095824122428894,0.6719997525215149,-0.01743900589644909,0.7969632744789124,0.6042139530181885,-0.024805188179016113,0.7872224450111389,0.5621452331542969,-0.027760479599237442,0.7767994999885559,0.5238799452781677,-0.030115030705928802
B,0.6858015656471252,0.8194340467453003,2.656562685388053e-07,0.6250190138816833,0.8285661339759827,-0.01184061449021101,0.569294273853302,0.7805144786834717,-0.015654413029551506,0.5520443320274353,0.7050678730010986,-0.02113107591867447,0.5689796805381775,0.6499537229537964,-0.02663031779229641,0.5583163499832153,0.6362435221672058,0.00853495579212904,0.5284363031387329,0.5565702319145203,-0.0015007605543360114,0.5121010541915894,0.5040184855461121,-0.014897487126290798,0.4982612431049347,0.45375245809555054,-0.026773761957883835,0.5814125537872314,0.6010019183158875,0.0016508182743564248,0.5470664501190186,0.5130598545074463,-0.006616252940148115,0.5266244411468506,0.4561688303947449,-0.019021525979042053,0.5076804757118225,0.40099725127220154,-0.029368173331022263,0.6093090772628784,0.5853838920593262,-0.00919743999838829,0.5768660306930542,0.4995647668838501,-0.019192351028323174,0.5548772811889648,0.4475063681602478,-0.028613243252038956,0.5351725816726685,0.4002246558666229,-0.03614300489425659,0.64430171251297,0.5833176374435425,-0.022473938763141632,0.6145379543304443,0.5135538578033447,-0.032754458487033844,0.592235803604126,0.46944960951805115,-0.038131292909383774,0.5705195665359497,0.4273605942726135,-0.04262420907616615
B,0.8387219309806824,0.6415034532546997,3.471649563380197e-07,0.7796756625175476,0.6217464208602905,-0.013676807284355164,0.7333918809890747,0.5650756359100342,-0.019387999549508095,0.7288628816604614,0.4917905926704407,-0.025382140651345253,0.7466786503791809,0.44389715790748596,-0.031400419771671295,0.7440074682235718,0.44230854511260986,-0.0031373235397040844,0.730897843837738,0.3499571681022644,-0.01662263087928295,0.7281669974327087,0.29157552123069763,-0.03018765337765217,0.7271725535392761,0.2389337122440338,-0.040669336915016174,0.7718046307563782,0.41745585203170776,-0.007488682866096497,0.7578281760215759,0.31637483835220337,-0.017864668741822243,0.7535773515701294,0.2531962990760803,-0.028505472466349602,0.7500935196876526,0.19735026359558105,-0.036670759320259094,0.8010227680206299,0.4122069180011749,-0.01532647106796503,0.7879513502120972,0.31627628207206726,-0.026475347578525543,0.7809640169143677,0.25616616010665894,-0.03467361256480217,0.7746120691299438,0.20447620749473572,-0.040461767464876175,0.8345322608947754,0.42121559381484985,-0.02527419477701187,0.8236150145530701,0.3410314917564392,-0.03607989475131035,0.8145265579223633,0.2910737991333008,-0.04086172953248024,0.8046614527702332,0.2457869052886963,-0.044124577194452286
B,0.8844873905181885,0.6656502485275269,2.9212924346211366e-07,0.8347423672676086,0.6455302238464355,-0.012148084118962288,0.7954209446907043,0.5883522033691406,-0.01680295541882515,0.7945874929428101,0.5241276025772095,-0.021517688408493996,0.8145487904548645,0.489546000957489,-0.02624494768679142,0.8095414638519287,0.480993390083313,-0.003894669935107231,0.7997868061065674,0.40275678038597107,-0.015221193432807922,0.7991854548454285,0.35294443368911743,-0.026774082332849503,0.8005415797233582,0.30694934725761414,-0.03585585579276085,0.8351821899414062,0.4622015058994293,-0.007220445200800896,0.8256771564483643,0.37504395842552185,-0.01524945255368948,0.823789656162262,0.32047921419143677,-0.023905593901872635,0.8226194977760315,0.27106013894081116,-0.030784036964178085,0.861314058303833,0.4607418477535248,-0.01337960734963417,0.8532811999320984,0.3786536157131195,-0.021797731518745422,0.8492245674133301,0.3289451003074646,-0.02810410037636757,0.845395565032959,0.2863215208053589,-0.032786671072244644,0.8908014893531799,0.4721986651420593,-0.021463338285684586,0.8844790458679199,0.40387657284736633,-0.029334623366594315,0.8787199258804321,0.362044095993042,-0.03243979066610336,0.8721262216567993,0.32426297664642334,-0.034739937633275986
B,0.8529769778251648,0.9294112920761108,3.201960225851508e-07,0.8007229566574097,0.8993328213691711,-0.013709322549402714,0.7621810436248779,0.827836275100708,-0.01842675171792507,0.7650139927864075,0.7592711448669434,-0.023107795044779778,0.7923980355262756,0.7377824187278748,-0.02747439220547676,0.781975507736206,0.7096242904663086,5.338388291420415e-05,0.7803934216499329,0.630225658416748,-0.008667177520692348,0.7850052118301392,0.5828238725662231,-0.019551299512386322,0.7905563116073608,0.5384563207626343,-0.029335152357816696,0.8121778964996338,0.6981101036071777,-0.0030087849590927362,0.8107728958129883,0.614233136177063,-0.008935113437473774,0.8148926496505737,0.5638867616653442,-0.017417170107364655,0.8181824088096619,0.5167772769927979,-0.024940146133303642,0.8412705659866333,0.7061721086502075,-0.0093727707862854,0.8422066569328308,0.6279466152191162,-0.01680438034236431,0.8433640599250793,0.5808960199356079,-0.02348751202225685,0.8427478671073914,0.5387831926345825,-0.02893107198178768,0.872221827507019,0.7296691536903381,-0.017931343987584114,0.8728835582733154,0.6632269024848938,-0.02558206021785736,0.8718425035476685,0.621662974357605,-0.02904869057238102,0.8688212633132935,0.5818443894386292,-0.031973496079444885
B,0.13792802393436432,0.731560468673706,3.0948334028835234e-07,0.1987125724554062,0.7129732966423035,-0.023399915546178818,0.25247374176979065,0.647436261177063,-0.02997451275587082,0.25314390659332275,0.5623837113380432,-0.03482726588845253,0.21770018339157104,0.5380858182907104,-0.04004213586449623,0.24439702928066254,0.49590542912483215,-0.009259236045181751,0.2608908414840698,0.3948257863521576,-0.02159322053194046,0.2653287351131439,0.3272603154182434,-0.03572768345475197,0.2670261263847351,0.2657177448272705,-0.04711967334151268,0.2093740552663803,0.46580058336257935,-0.0102102505043149,0.22726762294769287,0.3552511930465698,-0.01979581080377102,0.23728778958320618,0.2831576466560364,-0.03337636590003967,0.24397677183151245,0.2217084765434265,-0.04415014386177063,0.17477114498615265,0.4585585594177246,-0.014424627646803856,0.18999646604061127,0.35358959436416626,-0.024065859615802765,0.20399636030197144,0.28770846128463745,-0.034758202731609344,0.2149461805820465,0.23287111520767212,-0.04257812350988388,0.13591384887695312,0.46869587898254395,-0.021578924730420113,0.1497536599636078,0.37838202714920044,-0.02961907535791397,0.16422775387763977,0.3270212411880493,-0.033099472522735596,0.1787862479686737,0.28327518701553345,-0.03592093661427498
B,0.27225691080093384,0.6613084077835083,3.133152404188877e-07,0.3331387937068939,0.6687647104263306,-0.017825813964009285,0.387424111366272,0.6204823851585388,-0.022642089053988457,0.40550944209098816,0.5536146759986877,-0.026598090305924416,0.39284393191337585,0.5188793540000916,-0.031019289046525955,0.3923737704753876,0.46897658705711365,-0.008769679814577103,0.4208580255508423,0.3806394338607788,-0.020946087315678596,0.4354354441165924,0.32280272245407104,-0.033723678439855576,0.44556742906570435,0.270926296710968,-0.043335530906915665,0.3628508150577545,0.43096962571144104,-0.011071283370256424,0.39486852288246155,0.3282244801521301,-0.021012967452406883,0.4145253300666809,0.26456475257873535,-0.032851047813892365,0.4289146065711975,0.2132323682308197,-0.04174068942666054,0.33064624667167664,0.4120869040489197,-0.01604067161679268,0.3608916401863098,0.31486332416534424,-0.0260443277657032,0.3823324143886566,0.2571461796760559,-0.03579401969909668,0.39905834197998047,0.21240895986557007,-0.04247131943702698,0.2948281168937683,0.40861833095550537,-0.023160817101597786,0.3202628791332245,0.3275391757488251,-0.03173033520579338,0.337647944688797,0.28299224376678467,-0.034922465682029724,0.35309696197509766,0.24705587327480316,-0.03689611703157425
B,0.5629240274429321,0.86326664686203,3.74122492985407e-07,0.6318724155426025,0.8539398312568665,-0.026455197483301163,0.6895962953567505,0.791192889213562,-0.03752465173602104,0.7068290114402771,0.715347170829773,-0.04709545522928238,0.6843408346176147,0.6863800883293152,-0.05752462521195412,0.6683480143547058,0.6057177782058716,-0.021526046097278595,0.6832546591758728,0.4936322867870331,-0.03992006182670593,0.6887689232826233,0.4189611077308655,-0.05773378908634186,0.692429780960083,0.34956857562065125,-0.0719873458147049,0.6285463571548462,0.5826301574707031,-0.024409648030996323,0.6459676027297974,0.4539654850959778,-0.04145233705639839,0.6571413278579712,0.3682544529438019,-0.06008642166852951,0.665638267993927,0.2918354868888855,-0.07480841875076294,0.589392900466919,0.5835089683532715,-0.030202843248844147,0.6046616435050964,0.46657371520996094,-0.046163566410541534,0.6185554265975952,0.39091289043426514,-0.06079220399260521,0.6310842633247375,0.32221582531929016,-0.07184147834777832,0.5477743744850159,0.6024866700172424,-0.0389564149081707,0.5602448582649231,0.508909285068512,-0.053330037742853165,0.5735259652137756,0.4496411085128784,-0.061596255749464035,0.5887218713760376,0.3924073576927185,-0.06820464879274368
B,0.17735765874385834,0.8609573841094971,2.6041936962428736e-07,0.23463720083236694,0.8265243768692017,-0.016350194811820984,0.2765372097492218,0.7488198280334473,-0.019365914165973663,0.2768450379371643,0.6746288537979126,-0.02172461524605751,0.25377824902534485,0.6489934325218201,-0.024790668860077858,0.24821867048740387,0.6214516162872314,-0.003940446302294731,0.25440752506256104,0.5272104740142822,-0.01489671878516674,0.25414222478866577,0.46729427576065063,-0.026520203799009323,0.252376914024353,0.415845662355423,-0.03549284487962723,0.2157064527273178,0.6107212901115417,-0.006378313060849905,0.22476696968078613,0.5072911977767944,-0.01581897772848606,0.2293497920036316,0.4410150647163391,-0.0274654608219862,0.2317696213722229,0.38626664876937866,-0.03626267611980438,0.18400095403194427,0.6173982620239258,-0.011749967001378536,0.19216547906398773,0.5188912749290466,-0.022192200645804405,0.20049163699150085,0.45742058753967285,-0.03201529011130333,0.20747773349285126,0.40570539236068726,-0.038874443620443344,0.14948466420173645,0.6390287280082703,-0.01909787207841873,0.15733161568641663,0.5569667816162109,-0.028700709342956543,0.16667136549949646,0.5080906748771667,-0.03322669118642807,0.1766405701637268,0.4628448486328125,-0.03652568534016609
B,0.16617339849472046,0.6291168928146362,2.3818400052277866e-07,0.21009637415409088,0.616403341293335,-0.01733727566897869,0.24868199229240417,0.5724809765815735,-0.02355780638754368,0.25437113642692566,0.5140546560287476,-0.02835996262729168,0.2332318276166916,0.4863364100456238,-0.03388253599405289,0.2339925467967987,0.46576499938964844,-0.01191791146993637,0.24556589126586914,0.3943433165550232,-0.02319544553756714,0.24937796592712402,0.3482191860675812,-0.033954497426748276,0.25212883949279785,0.30685490369796753,-0.041900813579559326,0.21063397824764252,0.4501029849052429,-0.012534987181425095,0.22400224208831787,0.36869797110557556,-0.021941903978586197,0.2317219078540802,0.3157941997051239,-0.03209314122796059,0.23759667575359344,0.27116620540618896,-0.03975626826286316,0.18677285313606262,0.4484564960002899,-0.01526087149977684,0.1995657980442047,0.37289875745773315,-0.024236023426055908,0.21007908880710602,0.32572856545448303,-0.03124569170176983,0.21940180659294128,0.2867329716682434,-0.036184750497341156,0.15921981632709503,0.4572282135486603,-0.01987532712519169,0.16943924129009247,0.39560750126838684,-0.0272273700684309,0.1800079047679901,0.36038318276405334,-0.029631363227963448,0.19081628322601318,0.329406201839447,-0.031340356916189194
B,0.8321767449378967,0.6977117657661438,3.03487013297854e-07,0.7770178318023682,0.6808334589004517,-0.012815391644835472,0.7349745631217957,0.6275174021720886,-0.01799452118575573,0.7330724596977234,0.5618024468421936,-0.023442275822162628,0.7503547668457031,0.520021915435791,-0.02896917425096035,0.7391298413276672,0.5165791511535645,-0.001422116649337113,0.72291499376297,0.4344864785671234,-0.011915110051631927,0.7160215377807617,0.3827384114265442,-0.023447299376130104,0.7106772661209106,0.33525943756103516,-0.033001963049173355,0.7640106081962585,0.4936533570289612,-0.005279133561998606,0.7448747158050537,0.4067707657814026,-0.013478163629770279,0.7359895706176758,0.3525170683860779,-0.023892754688858986,0.7278825640678406,0.30270636081695557,-0.03223467245697975,0.7908315658569336,0.48841336369514465,-0.012192105874419212,0.7734873294830322,0.40765929222106934,-0.02148471772670746,0.7626934051513672,0.3567410707473755,-0.029949627816677094,0.7523771524429321,0.3117074966430664,-0.036243587732315063,0.8224525451660156,0.49442118406295776,-0.020995616912841797,0.8067693114280701,0.42577821016311646,-0.03029949776828289,0.794410765171051,0.3829863965511322,-0.03481471166014671,0.7814780473709106,0.34262269735336304,-0.0381607711315155
B,0.775795042514801,0.7991344928741455,3.593839323912107e-07,0.7122608423233032,0.8020449876785278,-0.017240535467863083,0.6554127335548401,0.7432399988174438,-0.023731568828225136,0.638969898223877,0.6589356064796448,-0.030289826914668083,0.6625528931617737,0.6183306574821472,-0.03701503574848175,0.6553283333778381,0.5958679914474487,-0.0027919025160372257,0.6332316398620605,0.5047820210456848,-0.015280370600521564,0.6232651472091675,0.44562506675720215,-0.029116205871105194,0.6147370338439941,0.38870808482170105,-0.041201863437891006,0.6849039196968079,0.5645003914833069,-0.007590300403535366,0.6600942015647888,0.4621526002883911,-0.017712239176034927,0.647158145904541,0.39764726161956787,-0.029407678171992302,0.634323239326477,0.336849570274353,-0.039026375859975815,0.7171618938446045,0.5553598999977112,-0.016266953200101852,0.6944899559020996,0.4585021138191223,-0.02840264141559601,0.6796578168869019,0.40011680126190186,-0.03815721347928047,0.6647943258285522,0.34730246663093567,-0.04543719440698624,0.7543908953666687,0.5613322257995605,-0.02752777561545372,0.7334409356117249,0.48247915506362915,-0.03926410898566246,0.7184067368507385,0.4320555627346039,-0.045172978192567825,0.702791690826416,0.3846864104270935,-0.049910787492990494
B,0.8709816932678223,0.6815016269683838,3.251097098200262e-07,0.816041111946106,0.6613705158233643,-0.01493011973798275,0.7689127326011658,0.6042349934577942,-0.021804552525281906,0.7565692067146301,0.5353515148162842,-0.02861308492720127,0.7676396369934082,0.4864729642868042,-0.03490903228521347,0.7750510573387146,0.47630250453948975,-0.004856563173234463,0.7606725692749023,0.38914617896080017,-0.01983514614403248,0.7594531774520874,0.33014440536499023,-0.034788355231285095,0.7607726454734802,0.2759501338005066,-0.04570019245147705,0.8028485774993896,0.4510633051395416,-0.008643805980682373,0.7889309525489807,0.3541713356971741,-0.018776582553982735,0.7859830260276794,0.29109740257263184,-0.028848199173808098,0.7841888666152954,0.23370712995529175,-0.03656478971242905,0.8325701951980591,0.44513124227523804,-0.0159333236515522,0.8198256492614746,0.3524799048900604,-0.0256405808031559,0.8137094974517822,0.2944781482219696,-0.030893731862306595,0.8089536428451538,0.24442973732948303,-0.03469999507069588,0.8662211894989014,0.4546085000038147,-0.02566755935549736,0.8549960255622864,0.3759118318557739,-0.03334258496761322,0.8478917479515076,0.3270953595638275,-0.03434346616268158,0.8408628106117249,0.28408944606781006,-0.034915708005428314
B,0.8240039944648743,0.7132925391197205,2.6533493269198516e-07,0.78123939037323,0.702843427658081,-0.012246133759617805,0.7440696954727173,0.6597715616226196,-0.018209798261523247,0.7360199093818665,0.6037193536758423,-0.023985272273421288,0.7497345209121704,0.5689476728439331,-0.029558146372437477,0.7520431280136108,0.5608001947402954,-0.006352163851261139,0.7406880855560303,0.4889374375343323,-0.017590586096048355,0.7387233972549438,0.4440111219882965,-0.028223294764757156,0.7384019494056702,0.4031245708465576,-0.036292869597673416,0.7737667560577393,0.5434314608573914,-0.009077216498553753,0.7614471912384033,0.4669686555862427,-0.017596479505300522,0.757709264755249,0.4190281629562378,-0.02558041363954544,0.7546505331993103,0.37573152780532837,-0.03162464126944542,0.7964626550674438,0.5395141243934631,-0.01432733703404665,0.7850278615951538,0.4676024913787842,-0.02273024059832096,0.7789985537528992,0.4229649305343628,-0.028086096048355103,0.7736107707023621,0.38385945558547974,-0.031923215836286545,0.8223713636398315,0.5459608435630798,-0.021374452859163284,0.8115969896316528,0.48767608404159546,-0.029006510972976685,0.8042470216751099,0.4517126679420471,-0.0317067913711071,0.7968593239784241,0.41883763670921326,-0.03351723030209541
B,0.6051080226898193,0.6541004776954651,2.3301828377952916e-07,0.5449181795120239,0.6867422461509705,-0.013962692581117153,0.4844565987586975,0.6553876996040344,-0.020275328308343887,0.45248496532440186,0.5902068018913269,-0.028039339929819107,0.45151466131210327,0.5241655707359314,-0.03584771603345871,0.45925429463386536,0.5185813307762146,0.0017930013127624989,0.4121224582195282,0.4505143463611603,-0.012471966445446014,0.38350337743759155,0.40720152854919434,-0.02789147011935711,0.3591761291027069,0.36581236124038696,-0.0405203178524971,0.47676345705986023,0.47496524453163147,-0.004967147950083017,0.42361965775489807,0.4001954197883606,-0.01752668060362339,0.3897124230861664,0.35382547974586487,-0.03214683383703232,0.35905182361602783,0.309900164604187,-0.04355533421039581,0.5013203620910645,0.44727620482444763,-0.015463513322174549,0.4496285617351532,0.3733859658241272,-0.02816668711602688,0.41648104786872864,0.33202850818634033,-0.038165923207998276,0.3872593641281128,0.2956268787384033,-0.04585358873009682,0.5343568325042725,0.4290125072002411,-0.028400780633091927,0.49196475744247437,0.36807310581207275,-0.04003669694066048,0.46195343136787415,0.3329450488090515,-0.04569869115948677,0.43299633264541626,0.3022012710571289,-0.05013885349035263
B,0.8621892929077148,0.6192283630371094,3.29763707895836e-07,0.8121492862701416,0.5784394145011902,-0.013860609382390976,0.7760072350502014,0.5118181705474854,-0.02126278355717659,0.7731646299362183,0.44534072279930115,-0.02869550511240959,0.794999897480011,0.4126943349838257,-0.035646431148052216,0.797048032283783,0.4112953841686249,-0.004897182807326317,0.7953752279281616,0.3216109573841095,-0.01793980412185192,0.8007350564002991,0.266391396522522,-0.030356761068105698,0.8074284195899963,0.2212318629026413,-0.039261188358068466,0.8269430994987488,0.3988153636455536,-0.007999355904757977,0.8247413039207458,0.3030555248260498,-0.017504608258605003,0.8277979493141174,0.24485301971435547,-0.02672872319817543,0.8312569260597229,0.19604825973510742,-0.03346684202551842,0.8563660979270935,0.4011601209640503,-0.014087394811213017,0.8545652031898499,0.3104493021965027,-0.023399265483021736,0.8555025458335876,0.2552671730518341,-0.028895458206534386,0.8558840751647949,0.21080626547336578,-0.03248438984155655,0.8870028257369995,0.4175577461719513,-0.02214410901069641,0.8863984942436218,0.34126460552215576,-0.029190877452492714,0.8853391408920288,0.296363890171051,-0.030117057263851166,0.8825452327728271,0.258689284324646,-0.030438711866736412
B,0.20576639473438263,0.6370824575424194,3.5140507748110394e-07,0.2682309150695801,0.6649253368377686,-0.022016430273652077,0.32625946402549744,0.6462964415550232,-0.028836628422141075,0.3490598797798157,0.575231671333313,-0.03457511216402054,0.3337606191635132,0.5149868130683899,-0.04084369167685509,0.352403461933136,0.49768203496932983,-0.008537166751921177,0.39452090859413147,0.4210332930088043,-0.02227359265089035,0.4177180528640747,0.3674241900444031,-0.03659604862332344,0.4378407597541809,0.31596261262893677,-0.04776603728532791,0.32983511686325073,0.450645387172699,-0.010214016772806644,0.37673547863960266,0.36830899119377136,-0.021762996912002563,0.4060029983520508,0.3126577138900757,-0.03565581887960434,0.4299364984035492,0.2648201584815979,-0.046314533799886703,0.30110910534858704,0.4219207465648651,-0.01530982181429863,0.34405359625816345,0.34237706661224365,-0.027509743347764015,0.37326377630233765,0.29572921991348267,-0.03826044872403145,0.39766940474510193,0.2570294141769409,-0.04561268910765648,0.26403117179870605,0.4052443504333496,-0.023036153987050056,0.29958826303482056,0.33976277709007263,-0.03407558426260948,0.32557007670402527,0.30571144819259644,-0.038698118180036545,0.35034888982772827,0.27711305022239685,-0.04176950082182884
B,0.21332871913909912,0.648066520690918,3.34148694491887e-07,0.2776499092578888,0.6920458078384399,-0.022009937092661858,0.34275010228157043,0.6893600225448608,-0.028528044000267982,0.37553828954696655,0.6235530376434326,-0.03395337611436844,0.368911474943161,0.5545989871025085,-0.03972885385155678,0.37864241003990173,0.5380257964134216,-0.005643462296575308,0.42836683988571167,0.46605443954467773,-0.019451461732387543,0.4554314911365509,0.41644448041915894,-0.03382720425724983,0.47858184576034546,0.3705374598503113,-0.044566284865140915,0.3573435842990875,0.484671026468277,-0.007216896861791611,0.4115418493747711,0.40671709179878235,-0.01891724206507206,0.44484996795654297,0.3556864261627197,-0.033311136066913605,0.471619576215744,0.3133299648761749,-0.04397737234830856,0.32944416999816895,0.44777414202690125,-0.012463023886084557,0.381878137588501,0.37478968501091003,-0.0248651672154665,0.4167104959487915,0.3319495916366577,-0.03591227903962135,0.44572705030441284,0.2984985113143921,-0.04322882741689682,0.29273533821105957,0.42026105523109436,-0.02028767019510269,0.33562538027763367,0.35854214429855347,-0.03110364079475403,0.36513790488243103,0.3282565474510193,-0.03538936376571655,0.3933282196521759,0.3043861985206604,-0.037949830293655396
B,0.20206378400325775,0.8827246427536011,2.7971103122581553e-07,0.2502916753292084,0.804090142250061,-0.023336179554462433,0.27334535121917725,0.6932955980300903,-0.030040789395570755,0.25365903973579407,0.6139065623283386,-0.03530936688184738,0.21547330915927887,0.604216456413269,-0.04101896658539772,0.21089676022529602,0.5766556859016418,-0.009718730114400387,0.18723362684249878,0.47820183634757996,-0.023624951019883156,0.16843001544475555,0.4188777208328247,-0.0383019894361496,0.15092214941978455,0.36670807003974915,-0.049747686833143234,0.1719960719347,0.5900107622146606,-0.010787302628159523,0.147100567817688,0.4790322482585907,-0.02284708246588707,0.13038060069084167,0.4069972038269043,-0.03768395259976387,0.11578220874071121,0.34690725803375244,-0.04897994175553322,0.140491783618927,0.6227444410324097,-0.015284550376236439,0.11819574236869812,0.5163367390632629,-0.027701565995812416,0.10682506859302521,0.4464682638645172,-0.03937547281384468,0.0970810055732727,0.38603806495666504,-0.047583919018507004,0.11162953823804855,0.6747250556945801,-0.022503957152366638,0.09312684088945389,0.5859131813049316,-0.03370485082268715,0.08587866276502609,0.5289429426193237,-0.03913996368646622,0.08068658411502838,0.4752759337425232,-0.0429433211684227
B,0.8252488970756531,0.7716348171234131,2.9148367275411147e-07,0.7720315456390381,0.7762094140052795,-0.014413787052035332,0.7221717238426208,0.7320311069488525,-0.02108253352344036,0.7016518712043762,0.667818546295166,-0.027643362060189247,0.7105908393859863,0.6247903108596802,-0.034181322902441025,0.7110799551010132,0.6070435643196106,-0.005564140155911446,0.6872615814208984,0.5283798575401306,-0.017906729131937027,0.67473304271698,0.4783365726470947,-0.030455172061920166,0.6637707948684692,0.4321243464946747,-0.04105425998568535,0.7353963851928711,0.5788168907165527,-0.01027601771056652,0.7082011699676514,0.49402615427970886,-0.02087593637406826,0.6937422156333923,0.4401823878288269,-0.03218071907758713,0.6793007254600525,0.3891841173171997,-0.04127342253923416,0.7632195949554443,0.5693230032920837,-0.017998863011598587,0.7371195554733276,0.4879203736782074,-0.029836267232894897,0.7212369441986084,0.4376782178878784,-0.038739874958992004,0.7056154608726501,0.39188939332962036,-0.04548973590135574,0.795865535736084,0.5727999210357666,-0.02764268033206463,0.7738616466522217,0.5069674253463745,-0.039212148636579514,0.7578198313713074,0.46433794498443604,-0.044827427715063095,0.7412017583847046,0.42370378971099854,-0.04913827031850815
B,0.7972995042800903,0.7490752935409546,3.026200090516795e-07,0.7531963586807251,0.7392854690551758,-0.015782291069626808,0.7117143869400024,0.6937568187713623,-0.023868124932050705,0.6953381299972534,0.6359686851501465,-0.030990492552518845,0.7100903987884521,0.6046921014785767,-0.037704210728406906,0.7310517430305481,0.5694652795791626,-0.011751648038625717,0.7265499830245972,0.4863850474357605,-0.023881835862994194,0.7277141809463501,0.4376106262207031,-0.0346931517124176,0.7306748032569885,0.39615553617477417,-0.042961928993463516,0.7581073641777039,0.5536419749259949,-0.013894370757043362,0.7525927424430847,0.46445316076278687,-0.023018475621938705,0.752327024936676,0.4097473621368408,-0.030701708048582077,0.7525954842567444,0.3635692596435547,-0.03675972670316696,0.7847735285758972,0.5550373196601868,-0.018826648592948914,0.7814496755599976,0.4717729687690735,-0.028270533308386803,0.7807042598724365,0.4210084080696106,-0.033727969974279404,0.7793391942977905,0.37741225957870483,-0.03775670751929283,0.8120212554931641,0.5711472630500793,-0.025753729045391083,0.8091514706611633,0.504875898361206,-0.0348905548453331,0.8064004778862,0.4627208113670349,-0.038236889988183975,0.8028544783592224,0.4235617220401764,-0.04047154262661934
C,0.20186631381511688,0.7511278390884399,2.3695052675520856e-07,0.26886773109436035,0.7074699997901917,-0.004364607390016317,0.30859115719795227,0.6202058792114258,-0.0016266971360892057,0.3316986560821533,0.5478042960166931,-0.0032949557062238455,0.3442773222923279,0.47888922691345215,-0.004622750449925661,0.256966233253479,0.48612967133522034,0.026124395430088043,0.26779887080192566,0.3960514962673187,0.014576885849237442,0.2954472303390503,0.3740542531013489,4.813572741113603e-05,0.31999197602272034,0.376718133687973,-0.009027352556586266,0.23612767457962036,0.47490444779396057,0.017667582258582115,0.24844777584075928,0.36815524101257324,0.0014697457663714886,0.28475916385650635,0.35499316453933716,-0.01703808642923832,0.3157672584056854,0.3766159415245056,-0.026868170127272606,0.21374696493148804,0.47600558400154114,0.005118379835039377,0.22569122910499573,0.36491334438323975,-0.01248202845454216,0.2664014995098114,0.3510655164718628,-0.028023242950439453,0.3015674948692322,0.3710199296474457,-0.03470191732048988,0.18997368216514587,0.48893576860427856,-0.008617344312369823,0.20041902363300323,0.3895558714866638,-0.025513699278235435,0.23353399336338043,0.3632982671260834,-0.03576279804110527,0.26837292313575745,0.3713587820529938,-0.04004465416073799
C,0.3522450625896454,0.7104971408843994,1.716785220651218e-07,0.40755605697631836,0.6731061935424805,0.0029502124525606632,0.44066542387008667,0.5945793986320496,0.005361681804060936,0.4644298553466797,0.5370074510574341,0.0014345883391797543,0.4797150492668152,0.48381879925727844,-0.0015366890002042055,0.3963829278945923,0.4584396779537201,0.03290080651640892,0.4108935296535492,0.37551796436309814,0.02276494912803173,0.44264745712280273,0.35854190587997437,0.008621634915471077,0.4679439067840576,0.3694235682487488,0.00024443218717351556,0.38151445984840393,0.45026928186416626,0.02074512653052807,0.39471784234046936,0.34602582454681396,0.0077180699445307255,0.43417540192604065,0.33872437477111816,-0.008095488883554935,0.4637819230556488,0.36746615171432495,-0.016324954107403755,0.36675184965133667,0.44974949955940247,0.0048421695828437805,0.382121205329895,0.33865490555763245,-0.008505473844707012,0.4259108304977417,0.3300130367279053,-0.021385330706834793,0.45958128571510315,0.3590554893016815,-0.026892654597759247,0.3555089235305786,0.4562419056892395,-0.011983162723481655,0.37459203600883484,0.36339548230171204,-0.023373840376734734,0.40854087471961975,0.3455442190170288,-0.029863866046071053,0.4388798475265503,0.36211997270584106,-0.03213569149374962
C,0.6157267689704895,0.7817208766937256,1.166366700999788e-07,0.6737387776374817,0.7021265029907227,0.01944168470799923,0.6794672608375549,0.6328709125518799,0.023583121597766876,0.6863943338394165,0.5829805731773376,0.018677707761526108,0.7008318901062012,0.5383016467094421,0.014672726392745972,0.5866566300392151,0.5409309267997742,0.02830585278570652,0.6231936812400818,0.4363631010055542,0.016424957662820816,0.6666324138641357,0.41945594549179077,0.003382354276254773,0.6986755728721619,0.43357858061790466,-0.003560482058674097,0.5814268589019775,0.5421860218048096,0.010612396523356438,0.6256165504455566,0.4166608452796936,0.0012619965709745884,0.6728866696357727,0.4069196581840515,-0.008002064190804958,0.7041341662406921,0.43085581064224243,-0.012808362953364849,0.5936947464942932,0.5466223955154419,-0.007811067160218954,0.6316268444061279,0.41885918378829956,-0.013166559860110283,0.6771296262741089,0.4045780897140503,-0.01565631851553917,0.7066391706466675,0.4291183352470398,-0.015811868011951447,0.6204143762588501,0.5518286824226379,-0.025935309007763863,0.6473493576049805,0.4484798312187195,-0.025782795622944832,0.6781664490699768,0.42503267526626587,-0.02263631299138069,0.7027586698532104,0.43456804752349854,-0.01972121186554432
C,0.16239246726036072,0.7903903722763062,2.728677657160006e-07,0.2253323793411255,0.7500325441360474,-0.014342195354402065,0.27307969331741333,0.671252965927124,-0.01565629243850708,0.2962284982204437,0.594681978225708,-0.018396945670247078,0.3067129850387573,0.5231983065605164,-0.020391466096043587,0.22738011181354523,0.5397098064422607,0.014852892607450485,0.24084626138210297,0.45323729515075684,0.0022064542863518,0.261369526386261,0.42296314239501953,-0.01264786534011364,0.28042301535606384,0.41565048694610596,-0.021571826189756393,0.20225389301776886,0.5254661440849304,0.013113455846905708,0.21525675058364868,0.42317110300064087,-0.001975642517209053,0.24000249803066254,0.40283292531967163,-0.019298892468214035,0.2641676366329193,0.417753130197525,-0.028774838894605637,0.17670153081417084,0.5256150364875793,0.007028481923043728,0.18683284521102905,0.4205714166164398,-0.008623981848359108,0.21237172186374664,0.3996100425720215,-0.022521192207932472,0.2387198507785797,0.41614776849746704,-0.028747742995619774,0.14942845702171326,0.5383962988853455,-0.001008621184155345,0.15831054747104645,0.45111680030822754,-0.015148465521633625,0.179971843957901,0.41873684525489807,-0.02402043156325817,0.20566020905971527,0.4200408458709717,-0.027717281132936478
C,0.19422487914562225,0.6420133709907532,1.7442128807942936e-07,0.24581630527973175,0.6021870970726013,0.002082652412354946,0.27651065587997437,0.5288687348365784,0.0021476191468536854,0.30127647519111633,0.47463467717170715,-0.0037065602373331785,0.317806214094162,0.41845956444740295,-0.00870527420192957,0.23428422212600708,0.41167452931404114,0.02483478933572769,0.24086761474609375,0.32724541425704956,0.010733703151345253,0.2701910436153412,0.3183819055557251,-0.00432925159111619,0.29407432675361633,0.3352648615837097,-0.012593240477144718,0.21966378390789032,0.40590760111808777,0.01292931754142046,0.22805991768836975,0.3043954372406006,-0.004390927031636238,0.2681928277015686,0.3037871718406677,-0.020817900076508522,0.29780086874961853,0.3361535668373108,-0.028324730694293976,0.20438900589942932,0.4091251492500305,-0.0023511708714067936,0.21679659187793732,0.30959010124206543,-0.018354883417487144,0.2592184245586395,0.3089330196380615,-0.029252702370285988,0.2907571792602539,0.33815431594848633,-0.03252151608467102,0.19182881712913513,0.4216369390487671,-0.018442891538143158,0.20677226781845093,0.3404054045677185,-0.03102518804371357,0.23845824599266052,0.3254305124282837,-0.036535557359457016,0.26621970534324646,0.3384113907814026,-0.037621669471263885
C,0.17664024233818054,0.6941782236099243,1.756532981289638e-07,0.23211579024791718,0.6495720744132996,-0.004037913400679827,0.2674771547317505,0.5663937926292419,-0.005229573231190443,0.29259610176086426,0.5024654269218445,-0.010431130416691303,0.3106171786785126,0.443550169467926,-0.015151559375226498,0.22427012026309967,0.44641193747520447,0.013436606153845787,0.2324218600988388,0.3528438210487366,-0.0026278316508978605,0.2610018849372864,0.33983391523361206,-0.018082624301314354,0.2849658131599426,0.3505001366138458,-0.026844274252653122,0.2058822214603424,0.4423675239086151,0.004716492258012295,0.21451152861118317,0.3337095379829407,-0.015234753489494324,0.2514130175113678,0.33078891038894653,-0.03242148831486702,0.28024670481681824,0.3584369719028473,-0.04059276357293129,0.1867079734802246,0.44932252168655396,-0.007139992900192738,0.19695420563220978,0.3438911736011505,-0.025761300697922707,0.23657993972301483,0.3386947512626648,-0.037529073655605316,0.26848548650741577,0.363739550113678,-0.041290394961833954,0.16753074526786804,0.4669061303138733,-0.02003265917301178,0.17729663848876953,0.3770807385444641,-0.0353962704539299,0.20627523958683014,0.35359829664230347,-0.04247347638010979,0.2345322072505951,0.361103892326355,-0.04451080784201622
C,0.6389335989952087,0.8905617594718933,2.3419895001097757e-07,0.7123430967330933,0.8290472626686096,0.0170709490776062,0.7428967356681824,0.7450699210166931,0.017279012128710747,0.7715575098991394,0.6881436109542847,0.0074286372400820255,0.8012140989303589,0.6378096342086792,-0.0012530479580163956,0.6492344737052917,0.5985077023506165,0.030506905168294907,0.6968311667442322,0.48776447772979736,0.01374500710517168,0.752208948135376,0.4844299256801605,-0.004152091685682535,0.7897357940673828,0.5153902173042297,-0.013476441614329815,0.6377770900726318,0.596940279006958,0.00990867055952549,0.6965553760528564,0.465915322303772,-0.0040844702161848545,0.7569320797920227,0.466144859790802,-0.01733439601957798,0.7921465635299683,0.5065780282020569,-0.0241071917116642,0.6415576934814453,0.608276903629303,-0.012378795072436333,0.6983043551445007,0.47134411334991455,-0.022701533511281013,0.7566803693771362,0.46702349185943604,-0.02683602087199688,0.7900431752204895,0.5049667358398438,-0.026972878724336624,0.6621885299682617,0.631698489189148,-0.034588705748319626,0.7104768753051758,0.5198057889938354,-0.03845779970288277,0.7540728449821472,0.5025902986526489,-0.03492698818445206,0.7834343910217285,0.5226109027862549,-0.03057987056672573
C,0.5718526840209961,0.8215331435203552,2.828936089827039e-07,0.6452338695526123,0.7774200439453125,0.00785020086914301,0.6922098994255066,0.7097108364105225,0.010197718627750874,0.7294185161590576,0.655854344367981,0.0037188162095844746,0.7587162256240845,0.5940951108932495,-0.0022954747546464205,0.6391840577125549,0.5449739694595337,0.04630295932292938,0.6548829674720764,0.4439341127872467,0.03514152392745018,0.6908612847328186,0.42634546756744385,0.018731139600276947,0.7203898429870605,0.442288339138031,0.009132381528615952,0.6227113008499146,0.5344902873039246,0.028841102495789528,0.6377094388008118,0.41112393140792847,0.014838105998933315,0.6828356385231018,0.4048587679862976,-0.004083208739757538,0.7166267037391663,0.44337451457977295,-0.013944422826170921,0.6044991612434387,0.5325606465339661,0.0070105185732245445,0.623470664024353,0.4091290235519409,-0.007027153391391039,0.6721377372741699,0.40277475118637085,-0.020073750987648964,0.7086113095283508,0.4379522204399109,-0.02513635903596878,0.5888844728469849,0.5435736179351807,-0.015729602426290512,0.6109130382537842,0.43845266103744507,-0.02742503397166729,0.6481654644012451,0.42062854766845703,-0.03269403427839279,0.6797692775726318,0.4418255090713501,-0.033469539135694504
C,0.34557169675827026,0.5649725794792175,1.505408988577983e-07,0.4046059548854828,0.5234196782112122,0.00621878681704402,0.44366455078125,0.43664345145225525,0.007421421818435192,0.4743129014968872,0.3754904568195343,0.0010144461411982775,0.49685242772102356,0.3218456506729126,-0.004269188269972801,0.3901028633117676,0.2962464690208435,0.030889052897691727,0.40464454889297485,0.19553078711032867,0.01568266749382019,0.44417238235473633,0.19227665662765503,-0.0015512433601543307,0.4725264310836792,0.2207297831773758,-0.01115446351468563,0.3746998608112335,0.2931777834892273,0.015159127302467823,0.39052262902259827,0.1724967360496521,-0.004224060568958521,0.4408431947231293,0.17734698951244354,-0.02328488975763321,0.47207534313201904,0.2237711250782013,-0.03228364512324333,0.3610128164291382,0.2979700565338135,-0.003919783979654312,0.381045937538147,0.1744375228881836,-0.021036403253674507,0.43434256315231323,0.17506910860538483,-0.03398720547556877,0.46800875663757324,0.21546825766563416,-0.03849758580327034,0.352847695350647,0.31209155917167664,-0.023576635867357254,0.3797595798969269,0.21564003825187683,-0.03707590326666832,0.4211447834968567,0.2029896229505539,-0.0435405857861042,0.4518798291683197,0.22485694289207458,-0.04525474086403847
C,0.19538624584674835,0.7577016353607178,2.0233687791915145e-07,0.24936163425445557,0.7031469345092773,0.0014580298447981477,0.28418996930122375,0.6231114268302917,-0.0008755896706134081,0.30937373638153076,0.5650626420974731,-0.00865006074309349,0.32708579301834106,0.5094448924064636,-0.015968265011906624,0.2366594523191452,0.5102106332778931,0.012635897845029831,0.23989488184452057,0.40974193811416626,-0.005478075705468655,0.27351194620132446,0.39983484148979187,-0.02169959433376789,0.30140769481658936,0.4140218496322632,-0.030530095100402832,0.22005288302898407,0.5113529562950134,5.818302452098578e-05,0.2236616313457489,0.3973729908466339,-0.019882118329405785,0.2664004862308502,0.3931728005409241,-0.03643140196800232,0.2972940504550934,0.4217647314071655,-0.04462017863988876,0.20294804871082306,0.5227060914039612,-0.015121325850486755,0.21083898842334747,0.41798433661460876,-0.03289482742547989,0.2548147141933441,0.410916805267334,-0.04349572956562042,0.2870800197124481,0.43544191122055054,-0.04704748094081879,0.18805839121341705,0.5444270968437195,-0.030942928045988083,0.2001751810312271,0.45856642723083496,-0.04537709057331085,0.23276856541633606,0.43779462575912476,-0.0514654777944088,0.260667622089386,0.4473005533218384,-0.05307646468281746
C,0.23789799213409424,0.8248159885406494,1.813917691606548e-07,0.3057575225830078,0.7881239056587219,0.013439723290503025,0.35359206795692444,0.7135459184646606,0.01624361425638199,0.39104634523391724,0.6676488518714905,0.00926657672971487,0.41460585594177246,0.6135522723197937,0.003388962708413601,0.31019094586372375,0.5395747423171997,0.04005453735589981,0.3215888738632202,0.43061497807502747,0.02696506306529045,0.3596336841583252,0.42728936672210693,0.012156826443970203,0.3862893581390381,0.4609881639480591,0.004850693047046661,0.293515145778656,0.532539427280426,0.019168566912412643,0.30585163831710815,0.4047914743423462,0.004302651155740023,0.35584887862205505,0.40866556763648987,-0.010518061928451061,0.3837890326976776,0.45982611179351807,-0.01618349552154541,0.27753323316574097,0.535496175289154,-0.005045795347541571,0.2960239350795746,0.4041820466518402,-0.020133843645453453,0.34903109073638916,0.4097078740596771,-0.027481166645884514,0.3800426721572876,0.4552914798259735,-0.02731761336326599,0.26736098527908325,0.555435836315155,-0.029593972489237785,0.2947896420955658,0.4545382857322693,-0.0428195521235466,0.33443355560302734,0.4456573724746704,-0.04516518488526344,0.36103174090385437,0.47261783480644226,-0.04225196689367294
C,0.5095016360282898,0.8786716461181641,1.3452677194436546e-07,0.5881765484809875,0.8099292516708374,0.03029952384531498,0.6195394396781921,0.7275806665420532,0.03813551738858223,0.6468597054481506,0.6735763549804688,0.033629197627305984,0.6744295358657837,0.6229369044303894,0.02961067669093609,0.5288596749305725,0.5954669713973999,0.0466429702937603,0.5669355988502502,0.47726401686668396,0.03751019015908241,0.6175541877746582,0.46512407064437866,0.02522069774568081,0.6546271443367004,0.48910796642303467,0.01855579949915409,0.5203869342803955,0.5918252468109131,0.021109256893396378,0.5758498311042786,0.4463772177696228,0.01250946894288063,0.6291503310203552,0.4467455744743347,0.0022157032508403063,0.6602962017059326,0.48442450165748596,-0.003080295864492655,0.5285719037055969,0.6008736491203308,-0.005240385886281729,0.5808674097061157,0.45165809988975525,-0.009255185723304749,0.6341637372970581,0.4467598795890808,-0.011245680041611195,0.6654545664787292,0.4825759530067444,-0.011738668195903301,0.5531541705131531,0.6223700046539307,-0.030703982338309288,0.5937180519104004,0.5047175884246826,-0.028878740966320038,0.634249746799469,0.4868030846118927,-0.023447971791028976,0.6626843214035034,0.5063692331314087,-0.01950126700103283
C,0.2173769772052765,0.7156143188476562,2.4522370267732185e-07,0.2705130875110626,0.6846955418586731,-0.0051306867972016335,0.31166255474090576,0.6229010820388794,-0.009137019515037537,0.34254345297813416,0.5750187635421753,-0.016656216233968735,0.36319273710250854,0.5255869030952454,-0.022935593500733376,0.2719314396381378,0.48632702231407166,0.009485690854489803,0.2781149446964264,0.3939118981361389,-0.008041787892580032,0.30756497383117676,0.3804668188095093,-0.023842137306928635,0.33429116010665894,0.39304307103157043,-0.032421644777059555,0.2556157410144806,0.48210570216178894,0.0014226234052330256,0.264222651720047,0.37582480907440186,-0.016708415001630783,0.3013373911380768,0.36790573596954346,-0.03161610662937164,0.3317893445491791,0.39213281869888306,-0.03905496001243591,0.2398284673690796,0.48771950602531433,-0.00990880373865366,0.2530274987220764,0.3865777254104614,-0.027363253757357597,0.2921692728996277,0.3754348158836365,-0.03780350089073181,0.32465311884880066,0.39485496282577515,-0.04117133468389511,0.22588814795017242,0.50407874584198,-0.022343207150697708,0.24435533583164215,0.4263918399810791,-0.03562762588262558,0.27304476499557495,0.4049989581108093,-0.0411972850561142,0.2991139888763428,0.4102020263671875,-0.042409248650074005
C,0.12017004936933517,0.6151169538497925,2.340050144766792e-07,0.17712119221687317,0.5966006517410278,-0.011924327351152897,0.22417399287223816,0.539872407913208,-0.013527389615774155,0.25626441836357117,0.487209677696228,-0.01680050976574421,0.2735530436038971,0.42983198165893555,-0.01979788765311241,0.20295730233192444,0.4161233603954315,0.011311383917927742,0.21791543066501617,0.3428369164466858,0.0007569617591798306,0.23473981022834778,0.3186699450016022,-0.0115193547680974,0.24996012449264526,0.3122609257698059,-0.019210049882531166,0.18132980167865753,0.39674702286720276,0.008771196939051151,0.19629886746406555,0.3114379644393921,-0.004003575071692467,0.2171339988708496,0.29704245924949646,-0.018591074272990227,0.23561608791351318,0.3139503002166748,-0.026939325034618378,0.15679185092449188,0.3912512958049774,0.002486924873664975,0.17130054533481598,0.3044021725654602,-0.01130309421569109,0.1935131847858429,0.2909965217113495,-0.02368796244263649,0.21433806419372559,0.31103962659835815,-0.029703395441174507,0.12885302305221558,0.39628738164901733,-0.005445505026727915,0.14005616307258606,0.3222423493862152,-0.01868879236280918,0.16049009561538696,0.2993659973144531,-0.027271417900919914,0.18290124833583832,0.3068046569824219,-0.03127163276076317
C,0.12932279706001282,0.6308847069740295,1.4944238557745848e-07,0.18250104784965515,0.5807474255561829,0.003012608038261533,0.21950316429138184,0.5064170956611633,-0.00019074775627814233,0.24931763112545013,0.45582523941993713,-0.010129397734999657,0.2710440456867218,0.4110110402107239,-0.018814653158187866,0.16527238488197327,0.3804663419723511,0.018047546967864037,0.17924922704696655,0.2836982309818268,-0.0014402788365259767,0.2166205644607544,0.2874796986579895,-0.019792411476373672,0.24273096024990082,0.3183799386024475,-0.029721278697252274,0.14946657419204712,0.3792901039123535,0.004116345196962357,0.16701026260852814,0.26627373695373535,-0.01773526333272457,0.21239027380943298,0.27465468645095825,-0.036120641976594925,0.24034015834331512,0.318086713552475,-0.04470111057162285,0.1371016651391983,0.38656458258628845,-0.01264972984790802,0.15731015801429749,0.27558964490890503,-0.03151165321469307,0.20510908961296082,0.27946195006370544,-0.0425558015704155,0.23629137873649597,0.31759801506996155,-0.04564908146858215,0.13085483014583588,0.4034503698348999,-0.030140597373247147,0.15909716486930847,0.3225308060646057,-0.04495500773191452,0.1978854537010193,0.31300073862075806,-0.05130700021982193,0.22758810222148895,0.33479994535446167,-0.05259183794260025
C,0.24357444047927856,0.8136403560638428,1.0823157481354428e-07,0.30100226402282715,0.7684684991836548,0.011108229868113995,0.3382033109664917,0.6907554268836975,0.013471380807459354,0.36442750692367554,0.6360990405082703,0.007725776173174381,0.37445247173309326,0.5838924646377563,0.0028182468377053738,0.2882150113582611,0.5529009699821472,0.03062966652214527,0.30163663625717163,0.44907358288764954,0.016017751768231392,0.3399261236190796,0.4471443295478821,-0.0002611774252727628,0.36793962121009827,0.47577792406082153,-0.009163616225123405,0.2734532654285431,0.5519380569458008,0.013272360898554325,0.2917659282684326,0.4308529496192932,-0.00381771894171834,0.3390340209007263,0.4362636208534241,-0.021026818081736565,0.3679827153682709,0.48032012581825256,-0.029412556439638138,0.26102954149246216,0.557454526424408,-0.00663795555010438,0.2840521037578583,0.43875980377197266,-0.020464163273572922,0.3337429463863373,0.43968528509140015,-0.03099321760237217,0.3649473488330841,0.47735801339149475,-0.03485540673136711,0.25489336252212524,0.5723327994346619,-0.02686191163957119,0.28286048769950867,0.47970864176750183,-0.0369226448237896,0.32040613889694214,0.4657053053379059,-0.041184164583683014,0.3473391830921173,0.4849182665348053,-0.04203702509403229
C,0.656707763671875,0.872592031955719,1.8527438783166872e-07,0.7220443487167358,0.8227109909057617,0.014451195485889912,0.745931088924408,0.7463870644569397,0.017220692709088326,0.7641040682792664,0.69258052110672,0.010768601670861244,0.779433012008667,0.6367617249488831,0.005607991944998503,0.6602201461791992,0.6058138012886047,0.036512862890958786,0.6986892223358154,0.5105860829353333,0.02301378734409809,0.7455061078071594,0.5042076706886292,0.006756307557225227,0.7782526016235352,0.5317602753639221,-0.0014659566804766655,0.6495712995529175,0.6004294157028198,0.019242282956838608,0.6968162655830383,0.48758798837661743,0.008194254711270332,0.7496282458305359,0.48582130670547485,-0.004213055595755577,0.7831083536148071,0.5205488204956055,-0.010283070616424084,0.652037501335144,0.605695903301239,-0.0005234306445345283,0.6989587545394897,0.4855918288230896,-0.010198872536420822,0.7512256503105164,0.48136216402053833,-0.0157377477735281,0.7834587693214417,0.5165507197380066,-0.016457773745059967,0.6689316034317017,0.6207365393638611,-0.020450253039598465,0.710013747215271,0.5222112536430359,-0.025574427098035812,0.7503838539123535,0.5079385042190552,-0.02431105449795723,0.7796604037284851,0.5269520878791809,-0.02118973433971405
C,0.7768052220344543,0.7077306509017944,1.8659002876120212e-07,0.8443582057952881,0.6888504028320312,0.030591996386647224,0.8798597455024719,0.6317028999328613,0.04471332207322121,0.9098731279373169,0.58062344789505,0.04542635753750801,0.9282453060150146,0.5252819061279297,0.045719970017671585,0.819117546081543,0.4722874164581299,0.08092526346445084,0.8491838574409485,0.3948669731616974,0.08654356002807617,0.8883695006370544,0.3839683532714844,0.07879113405942917,0.9162510633468628,0.40547284483909607,0.07357293367385864,0.8086360692977905,0.4551389813423157,0.05719299614429474,0.843753457069397,0.355887234210968,0.06108422949910164,0.8905754089355469,0.3578488826751709,0.048381369560956955,0.9232128262519836,0.3953361511230469,0.04010792076587677,0.804981529712677,0.44708186388015747,0.030670661479234695,0.8408834338188171,0.34038928151130676,0.033162809908390045,0.8937041759490967,0.3397614061832428,0.022936830297112465,0.9286550283432007,0.3754828870296478,0.016015801578760147,0.8110089898109436,0.44831347465515137,0.004736859351396561,0.8465067148208618,0.3565353751182556,0.006991018541157246,0.8875852227210999,0.3504021167755127,0.00570059847086668,0.9194610118865967,0.3780255913734436,0.00458245724439621
C,0.6779200434684753,0.5308560132980347,2.3036290031086537e-07,0.7407884001731873,0.5025186538696289,0.015460854396224022,0.7776824235916138,0.43354490399360657,0.02483314648270607,0.8081634044647217,0.3752078413963318,0.02424904704093933,0.8206172585487366,0.3132239282131195,0.0240364708006382,0.7249550819396973,0.28406548500061035,0.06314326822757721,0.7471900582313538,0.2006225883960724,0.0626576840877533,0.7815637588500977,0.17811769247055054,0.05187264084815979,0.8067238330841064,0.19009064137935638,0.045596834272146225,0.7114548087120056,0.26803168654441833,0.046227145940065384,0.7344146370887756,0.15884599089622498,0.0440615713596344,0.7757517695426941,0.1487322300672531,0.029692331328988075,0.8058341145515442,0.17979884147644043,0.02154894545674324,0.6983729004859924,0.2577027976512909,0.02545792981982231,0.7235895991325378,0.1404246836900711,0.022422177717089653,0.7696505784988403,0.13159729540348053,0.011219585314393044,0.8023318648338318,0.1658117026090622,0.005411210469901562,0.689924418926239,0.2546094059944153,0.004129901994019747,0.7192862033843994,0.1551024168729782,0.0012647989206016064,0.7584570646286011,0.1362583339214325,-0.0022298137191683054,0.7919374108314514,0.15583619475364685,-0.0034592757001519203
C,0.208138570189476,0.6833083629608154,2.488027348590549e-07,0.26569265127182007,0.6498074531555176,-0.009904179722070694,0.3081090450286865,0.58011794090271,-0.0126888332888484,0.33843034505844116,0.5189979672431946,-0.018194453790783882,0.3396041691303253,0.45862963795661926,-0.023338671773672104,0.2651023268699646,0.4518054127693176,0.010662969201803207,0.2738417387008667,0.3632009029388428,-0.003925629425793886,0.2972061336040497,0.33815762400627136,-0.019001079723238945,0.31902027130126953,0.33495277166366577,-0.028038661926984787,0.24546004831790924,0.4427768290042877,0.005024679936468601,0.2549319863319397,0.33981508016586304,-0.012442275881767273,0.28622934222221375,0.326785683631897,-0.029437527060508728,0.3144477903842926,0.34419405460357666,-0.038525596261024475,0.2244844138622284,0.44534799456596375,-0.00414994265884161,0.23369422554969788,0.34417271614074707,-0.021130692213773727,0.2677290141582489,0.33048975467681885,-0.033717695623636246,0.29908207058906555,0.3487917184829712,-0.03901514410972595,0.2020324170589447,0.4580179452896118,-0.014950411394238472,0.20845696330070496,0.3735702335834503,-0.02957482635974884,0.23190155625343323,0.3460152745246887,-0.03735250607132912,0.2578180134296417,0.3492457866668701,-0.04056241363286972
C,0.15849539637565613,0.7652401328086853,2.113772978873385e-07,0.21936333179473877,0.7355945706367493,-0.0037108787801116705,0.2728635370731354,0.6770399212837219,-0.009986311197280884,0.3109882175922394,0.637618899345398,-0.020610591396689415,0.338887482881546,0.5954810380935669,-0.03053443506360054,0.24676524102687836,0.5109254121780396,0.004973351955413818,0.2610538601875305,0.3964213728904724,-0.01794014871120453,0.2952193319797516,0.3977455496788025,-0.03815380483865738,0.32176798582077026,0.42328786849975586,-0.049240246415138245,0.22756223380565643,0.5074974298477173,-0.0064396122470498085,0.2473350465297699,0.3850957453250885,-0.02985353395342827,0.28763052821159363,0.3950786590576172,-0.04816789552569389,0.31515413522720337,0.4320222735404968,-0.057486411184072495,0.20646357536315918,0.5125606060028076,-0.02078843116760254,0.22990727424621582,0.4004703760147095,-0.04072925075888634,0.2733352482318878,0.4038022756576538,-0.050820909440517426,0.30515438318252563,0.4341965913772583,-0.053830526769161224,0.1845981478691101,0.5308459401130676,-0.03635368496179581,0.20989400148391724,0.444768488407135,-0.050959959626197815,0.24433490633964539,0.4316524267196655,-0.05524459481239319,0.27145302295684814,0.4445572793483734,-0.0554075725376606
C,0.3301105499267578,0.7616646885871887,1.8354792530317354e-07,0.38640129566192627,0.7262066602706909,0.016146736219525337,0.4203130006790161,0.6708998084068298,0.016189923509955406,0.4488450586795807,0.6321175694465637,0.007690849248319864,0.47147923707962036,0.5918797254562378,-0.00012888920900877565,0.3630741238594055,0.5290484428405762,0.02792510949075222,0.39619964361190796,0.4370654225349426,0.017829405143857002,0.43513453006744385,0.430547833442688,0.006577964406460524,0.46114814281463623,0.45242878794670105,0.0011769739212468266,0.35229334235191345,0.5261221528053284,0.009864073246717453,0.3924061059951782,0.41580167412757874,0.0006628309492953122,0.4367300271987915,0.4151824414730072,-0.007491756230592728,0.46158379316329956,0.44867241382598877,-0.011066477745771408,0.3503086268901825,0.5327426195144653,-0.009472579695284367,0.39301156997680664,0.4190126359462738,-0.01582285389304161,0.4378143846988678,0.41698503494262695,-0.017706552520394325,0.4623014032840729,0.4496948719024658,-0.01722133904695511,0.3595837652683258,0.5494028329849243,-0.028658203780651093,0.39866557717323303,0.46059250831604004,-0.03117271140217781,0.43488097190856934,0.44738805294036865,-0.02826818637549877,0.45859086513519287,0.46328455209732056,-0.024737605825066566
C,0.13072405755519867,0.7060371041297913,2.1764127211554296e-07,0.19063632190227509,0.677380383014679,-0.006406821776181459,0.23783202469348907,0.6261575222015381,-0.010903273709118366,0.2738701403141022,0.587996244430542,-0.019202202558517456,0.2968880534172058,0.5359360575675964,-0.0271697286516428,0.2158922255039215,0.49582597613334656,0.010719213634729385,0.2341669797897339,0.40394410490989685,-0.007903837598860264,0.2590658664703369,0.3942333459854126,-0.025462185963988304,0.27724307775497437,0.4102644622325897,-0.03508801385760307,0.19837932288646698,0.4835713505744934,0.002394786337390542,0.21920932829380035,0.38405880331993103,-0.01766033098101616,0.2488917112350464,0.3856336176395416,-0.03640544414520264,0.2690439820289612,0.41928184032440186,-0.04636244475841522,0.17682741582393646,0.4804956614971161,-0.009383007884025574,0.20033438503742218,0.38914021849632263,-0.02702895551919937,0.2320987582206726,0.3907093405723572,-0.038872066885232925,0.25607535243034363,0.41983622312545776,-0.04370100423693657,0.15215137600898743,0.4883710741996765,-0.02254338189959526,0.17140214145183563,0.4140286445617676,-0.03683987259864807,0.1984897255897522,0.39589112997055054,-0.04359126463532448,0.22298602759838104,0.4041750431060791,-0.045929547399282455
C,0.25271427631378174,0.7226302027702332,8.351555180752257e-08,0.3109745979309082,0.6933755874633789,0.01614556647837162,0.3478025197982788,0.6401981711387634,0.017532818019390106,0.3771810531616211,0.608098566532135,0.010872995480895042,0.40116411447525024,0.5779006481170654,0.005057512782514095,0.29689037799835205,0.50384521484375,0.02573980949819088,0.330290824174881,0.42589324712753296,0.015500398352742195,0.3668884336948395,0.4388941824436188,0.004272140562534332,0.3881657123565674,0.4733416438102722,-0.0013237787643447518,0.2876277565956116,0.5016428232192993,0.008470455184578896,0.33216843008995056,0.4099028706550598,0.0005593136302195489,0.3720093071460724,0.4275597929954529,-0.006804828066378832,0.3892587423324585,0.4691770672798157,-0.010138251818716526,0.2871481776237488,0.511549174785614,-0.009808549657464027,0.3339248299598694,0.4204944670200348,-0.01552292238920927,0.3737429082393646,0.43565452098846436,-0.016165299341082573,0.39092737436294556,0.47597917914390564,-0.014992188662290573,0.29648563265800476,0.5330957770347595,-0.027940796688199043,0.33674168586730957,0.46391862630844116,-0.03070908784866333,0.3685128688812256,0.4657595753669739,-0.027440732344985008,0.3855482339859009,0.4912302494049072,-0.023621564731001854
C,0.2241118848323822,0.8160185813903809,1.8081570374306466e-07,0.2826300263404846,0.7962289452552795,0.0040261936374008656,0.3300756812095642,0.7469475865364075,0.00159574078861624,0.36622196435928345,0.7170156836509705,-0.006835873704403639,0.39622747898101807,0.687058687210083,-0.014794236049056053,0.30514442920684814,0.5938156247138977,0.017086971551179886,0.32117822766304016,0.49855470657348633,0.0005026686121709645,0.3528800308704376,0.4988190531730652,-0.015434052795171738,0.3759525418281555,0.526555061340332,-0.02407088875770569,0.2903967797756195,0.5863645672798157,0.002748472848907113,0.31025564670562744,0.47325021028518677,-0.015448391437530518,0.3500518798828125,0.48371315002441406,-0.03139384463429451,0.3733297288417816,0.527695894241333,-0.039006467908620834,0.27387499809265137,0.5878974795341492,-0.014064165763556957,0.2984049320220947,0.48047366738319397,-0.030945345759391785,0.34131383895874023,0.49028870463371277,-0.0411653108894825,0.3680429756641388,0.5290138125419617,-0.04427463561296463,0.2582305371761322,0.6030014157295227,-0.031229471787810326,0.2866606116294861,0.5248046517372131,-0.04455426707863808,0.3211348354816437,0.5185808539390564,-0.049403030425310135,0.34557250142097473,0.5386508107185364,-0.049894362688064575
C,0.4922438859939575,0.5358019471168518,1.0922804705160161e-07,0.538675844669342,0.5398051142692566,0.023095853626728058,0.5723892450332642,0.5107653141021729,0.03164059668779373,0.6015500426292419,0.489062637090683,0.030395757406949997,0.6232934594154358,0.4614974856376648,0.02933128923177719,0.544160008430481,0.36127781867980957,0.054556917399168015,0.5764712691307068,0.3029176592826843,0.05561200901865959,0.6072348952293396,0.312184602022171,0.048361022025346756,0.6238172054290771,0.3449571430683136,0.04463105648756027,0.5392884612083435,0.3455493748188019,0.037224140018224716,0.5781159400939941,0.27286624908447266,0.038164958357810974,0.6123075485229492,0.29497215151786804,0.029233315959572792,0.6274980902671814,0.3411943018436432,0.024345017969608307,0.5389034152030945,0.340166836977005,0.018403522670269012,0.5793496370315552,0.2632068395614624,0.02031666599214077,0.6154158115386963,0.28463315963745117,0.015804627910256386,0.630600094795227,0.32796186208724976,0.013487307354807854,0.5450538396835327,0.3467984199523926,0.00017107707390096039,0.5839718580245972,0.28677818179130554,0.003921069670468569,0.6130807399749756,0.2974213659763336,0.006341899279505014,0.6285977959632874,0.3288813531398773,0.008434119634330273
C,0.6652862429618835,0.8240854740142822,2.7103590127808275e-07,0.7347726821899414,0.8137118220329285,0.017444036900997162,0.7802623510360718,0.779459536075592,0.01597895473241806,0.8183109164237976,0.7565785646438599,0.006081103812903166,0.853877067565918,0.7321337461471558,-0.0033383676782250404,0.7417287230491638,0.6053891181945801,0.023693203926086426,0.7977543473243713,0.543157696723938,0.011746501550078392,0.8411388397216797,0.5633045434951782,-0.0004565445124171674,0.8685722351074219,0.5991135239601135,-0.007201710715889931,0.7310497760772705,0.5968489646911621,0.004435896873474121,0.8012832999229431,0.5195015072822571,-0.00785926915705204,0.8487958312034607,0.5494430065155029,-0.017816567793488503,0.8721979260444641,0.5978460311889648,-0.022802377119660378,0.7278777360916138,0.6072782278060913,-0.015458251349627972,0.7978141903877258,0.5234854221343994,-0.024836340919137,0.846197247505188,0.5507407188415527,-0.028067084029316902,0.870388925075531,0.5957579016685486,-0.028689641505479813,0.7336194515228271,0.6367506980895996,-0.03479265049099922,0.7920053005218506,0.5786431431770325,-0.04048978537321091,0.832869291305542,0.587272584438324,-0.0392550453543663,0.858382523059845,0.6140731573104858,-0.03695543110370636
C,0.18975712358951569,0.6216675639152527,2.44940224547463e-07,0.23712220788002014,0.6088559031486511,-0.017038023099303246,0.276557594537735,0.5645384788513184,-0.02766885794699192,0.30497485399246216,0.5241613388061523,-0.03891157731413841,0.3235160708427429,0.4721011221408844,-0.05019078403711319,0.2685360610485077,0.4362742602825165,-0.01312288735061884,0.2789096534252167,0.34486889839172363,-0.034162092953920364,0.29466870427131653,0.32120710611343384,-0.0517440028488636,0.30897584557533264,0.3264722228050232,-0.0614473931491375,0.24569977819919586,0.42218127846717834,-0.016307126730680466,0.25513482093811035,0.3247794508934021,-0.036288294941186905,0.27390825748443604,0.30900293588638306,-0.05342278257012367,0.2907158136367798,0.3284737467765808,-0.06336317956447601,0.2201278656721115,0.4231976866722107,-0.022482512518763542,0.22990591824054718,0.3335704803466797,-0.03945925831794739,0.24809429049491882,0.3159489631652832,-0.05169686675071716,0.26578834652900696,0.3294663429260254,-0.05824444442987442,0.19180825352668762,0.43645477294921875,-0.030438395217061043,0.1994340866804123,0.362650066614151,-0.044957779347896576,0.2177683413028717,0.33462437987327576,-0.05317877605557442,0.238005131483078,0.3309684991836548,-0.057284217327833176
C,0.14880120754241943,0.6643831729888916,3.130521690763999e-07,0.20294982194900513,0.6357070803642273,-0.0036280248314142227,0.24760212004184723,0.5764564275741577,-0.008729210123419762,0.28122347593307495,0.5350696444511414,-0.01849956065416336,0.3061497211456299,0.4864649772644043,-0.027767924591898918,0.21453052759170532,0.44289836287498474,0.012991518713533878,0.22690081596374512,0.3539031147956848,-0.004833996761590242,0.25777551531791687,0.345536470413208,-0.022133175283670425,0.2835060954093933,0.3630482852458954,-0.03205152601003647,0.19937819242477417,0.4372689127922058,0.0022456247825175524,0.21582619845867157,0.3376066982746124,-0.014896431006491184,0.2527862787246704,0.33039391040802,-0.0314759835600853,0.28092265129089355,0.3570656180381775,-0.04107426479458809,0.18328645825386047,0.4411281943321228,-0.011930705979466438,0.20665794610977173,0.35258162021636963,-0.028392640873789787,0.24787090718746185,0.34702661633491516,-0.03881262242794037,0.2795584499835968,0.37065261602401733,-0.04316364973783493,0.16833536326885223,0.45845741033554077,-0.027269717305898666,0.1956249177455902,0.38508492708206177,-0.04035060852766037,0.22905203700065613,0.3714684844017029,-0.04471348971128464,0.2560020685195923,0.38559481501579285,-0.04546331614255905
C,0.3492695093154907,0.7793168425559998,2.1270449224175536e-07,0.4153497815132141,0.7441434860229492,0.01135152205824852,0.45678651332855225,0.6832006573677063,0.007452141959220171,0.4899275004863739,0.6482563614845276,-0.0036638390738517046,0.5204740762710571,0.6167689561843872,-0.013989740051329136,0.40055593848228455,0.5288635492324829,0.012107131071388721,0.45178645849227905,0.4515804052352905,-0.007039293646812439,0.4953904151916504,0.4635465145111084,-0.023595917969942093,0.5209336876869202,0.4984736442565918,-0.032031990587711334,0.38912156224250793,0.528182864189148,-0.005432289559394121,0.45161497592926025,0.4326513111591339,-0.02110341563820839,0.499491810798645,0.4479879140853882,-0.03245793282985687,0.5252693295478821,0.48767250776290894,-0.038055699318647385,0.38893717527389526,0.5447433590888977,-0.02399604022502899,0.450201153755188,0.453655481338501,-0.03639345243573189,0.49805307388305664,0.4653281271457672,-0.0402054637670517,0.5247899293899536,0.4999482035636902,-0.04055760055780411,0.3996061682701111,0.5763166546821594,-0.04246655851602554,0.4505850672721863,0.5076178908348083,-0.04954279586672783,0.4890509247779846,0.5018222332000732,-0.047945715487003326,0.5149651169776917,0.5162104368209839,-0.04497199133038521
D,0.23467355966567993,0.8985167145729065,2.3912829050232176e-08,0.290388286113739,0.8659645318984985,-0.028875794261693954,0.3316117823123932,0.7914475798606873,-0.043029822409152985,0.3239558935165405,0.7094550132751465,-0.05714525654911995,0.30327746272087097,0.63687664270401,-0.07078613340854645,0.32939884066581726,0.6144883632659912,-0.015613522380590439,0.3340313732624054,0.4861348271369934,-0.03439211845397949,0.32930880784988403,0.4071527123451233,-0.04990167170763016,0.3235991597175598,0.3406469225883484,-0.06187993660569191,0.28838956356048584,0.6010392904281616,-0.01721135526895523,0.29947954416275024,0.47761648893356323,-0.049969982355833054,0.29864364862442017,0.5375380516052246,-0.06971199810504913,0.2957410216331482,0.6012494564056396,-0.07617367058992386,0.24764680862426758,0.6086319088935852,-0.021623454988002777,0.25324198603630066,0.4965003728866577,-0.05117182061076164,0.2598266899585724,0.5565503835678101,-0.058196377009153366,0.2600722908973694,0.6252814531326294,-0.05564594641327858,0.20654791593551636,0.6337666511535645,-0.028765419498085976,0.20720285177230835,0.5343959927558899,-0.05012965574860573,0.2221682071685791,0.5632553100585938,-0.05315149202942848,0.2315908819437027,0.61276775598526,-0.05073120817542076
D,0.3641744554042816,0.8416235446929932,8.77256951525851e-08,0.4244172275066376,0.8070314526557922,-0.012592620216310024,0.4692192077636719,0.7463567852973938,-0.021085090935230255,0.4806070923805237,0.6776743531227112,-0.03214078024029732,0.4781583547592163,0.612300455570221,-0.04321860522031784,0.46233415603637695,0.5883329510688782,-0.004191399551928043,0.47697341442108154,0.46985766291618347,-0.018237397074699402,0.48387256264686584,0.40106165409088135,-0.030136950314044952,0.48538485169410706,0.33786720037460327,-0.03932181000709534,0.43079525232315063,0.5766202211380005,-0.010617080144584179,0.4495750069618225,0.4620954394340515,-0.03613587096333504,0.4631865322589874,0.5114065408706665,-0.05012563616037369,0.4636765420436859,0.5727863907814026,-0.05404822900891304,0.3979349136352539,0.5773842334747314,-0.01859316974878311,0.41178351640701294,0.46603673696517944,-0.038747310638427734,0.42963388562202454,0.510373055934906,-0.03993444889783859,0.43227946758270264,0.5730423331260681,-0.03572139889001846,0.36079835891723633,0.5891610980033875,-0.028345927596092224,0.37076127529144287,0.4922415018081665,-0.042786575853824615,0.3927898108959198,0.5151047706604004,-0.04152166470885277,0.4033873677253723,0.5615841746330261,-0.03702874109148979
D,0.5170326232910156,0.8476167321205139,6.668042118462836e-08,0.5699948072433472,0.8409305214881897,-0.02364577166736126,0.6177796721458435,0.8014731407165527,-0.04070964455604553,0.6384730339050293,0.7493011355400085,-0.05839552357792854,0.6421210169792175,0.682429850101471,-0.0759982019662857,0.634955644607544,0.6181918382644653,-0.0262360367923975,0.6557210683822632,0.49486243724823,-0.04731167480349541,0.6631618142127991,0.42420148849487305,-0.06175212562084198,0.6659649014472961,0.3574609160423279,-0.07208137959241867,0.5982888340950012,0.5996526479721069,-0.03130824863910675,0.6241939067840576,0.4914155900478363,-0.06562106311321259,0.6359606981277466,0.5685264468193054,-0.08055200427770615,0.6332659721374512,0.637738049030304,-0.08365332335233688,0.5595964193344116,0.5992337465286255,-0.03803311288356781,0.5789304375648499,0.5038278698921204,-0.06830709427595139,0.5938346982002258,0.580415666103363,-0.06894754618406296,0.5924587249755859,0.6489258408546448,-0.062052614986896515,0.5177806615829468,0.6128746867179871,-0.04700930044054985,0.5368736386299133,0.5204535722732544,-0.06880922615528107,0.5560790300369263,0.5710855722427368,-0.06653604656457901,0.5595576763153076,0.6318781971931458,-0.059808921068906784
D,0.1523727923631668,0.7896584868431091,2.0104629072648095e-08,0.19866140186786652,0.767369270324707,-0.030305370688438416,0.23457090556621552,0.7148313522338867,-0.048277080059051514,0.22462928295135498,0.6577827334403992,-0.06588388234376907,0.19763007760047913,0.6072828769683838,-0.0832272320985794,0.2379142791032791,0.5449071526527405,-0.024475092068314552,0.24814894795417786,0.4320920705795288,-0.046583954244852066,0.2492733895778656,0.3592149019241333,-0.06150929629802704,0.24814823269844055,0.30125951766967773,-0.0718311220407486,0.19639354944229126,0.533776581287384,-0.025810251012444496,0.20150376856327057,0.4410130977630615,-0.0608249232172966,0.19237171113491058,0.5147826671600342,-0.07436107099056244,0.18847133219242096,0.5742688775062561,-0.07521016150712967,0.15772493183612823,0.5414091944694519,-0.030261026695370674,0.1590692400932312,0.46181994676589966,-0.06247631460428238,0.15837261080741882,0.5285443067550659,-0.06235188990831375,0.1569238007068634,0.5837116241455078,-0.05367741361260414,0.120284803211689,0.5645115971565247,-0.037423424422740936,0.11786454170942307,0.4865252673625946,-0.05819666385650635,0.12561893463134766,0.5270276069641113,-0.05412229895591736,0.13074730336666107,0.5710618495941162,-0.04569176584482193
D,0.27537375688552856,0.7445028424263,5.354869259122097e-08,0.32034602761268616,0.7346060276031494,-0.028352849185466766,0.3599523603916168,0.6904416084289551,-0.04526352137327194,0.36534354090690613,0.6341845393180847,-0.06175806373357773,0.35132020711898804,0.5738632678985596,-0.07806641608476639,0.3651597499847412,0.5267440676689148,-0.02644883096218109,0.38234683871269226,0.4112342596054077,-0.04638725519180298,0.3887437880039215,0.3450888991355896,-0.06002863124012947,0.39323610067367554,0.28557687997817993,-0.07007337361574173,0.33187592029571533,0.5142201781272888,-0.027832869440317154,0.3483462333679199,0.4235888123512268,-0.062193553894758224,0.3502512574195862,0.48880624771118164,-0.0784568265080452,0.34683912992477417,0.5482752323150635,-0.08247201144695282,0.2978498935699463,0.5173110365867615,-0.03138769045472145,0.3103843927383423,0.43523353338241577,-0.06228945031762123,0.3191124200820923,0.4991944134235382,-0.0661037415266037,0.31816861033439636,0.5596607327461243,-0.06124265119433403,0.26172226667404175,0.5325148701667786,-0.03740554302930832,0.2720107138156891,0.4547215402126312,-0.05960240215063095,0.2864292860031128,0.49465280771255493,-0.06038159504532814,0.29159069061279297,0.5440590977668762,-0.05597527325153351
D,0.22214823961257935,0.7034350037574768,-5.758372001452017e-09,0.2573680579662323,0.6873895525932312,-0.020915232598781586,0.2794056832790375,0.646295964717865,-0.0310283824801445,0.2713799774646759,0.5973083972930908,-0.04093117639422417,0.2551656663417816,0.5564757585525513,-0.0505267009139061,0.2885882556438446,0.5317599177360535,-0.00999276340007782,0.29431459307670593,0.45724380016326904,-0.02303876169025898,0.2926105558872223,0.4058329463005066,-0.03354893624782562,0.29183515906333923,0.3654109835624695,-0.041400253772735596,0.26110339164733887,0.5189078450202942,-0.00937918946146965,0.26433083415031433,0.4532066881656647,-0.03193848952651024,0.25219935178756714,0.49158430099487305,-0.043499916791915894,0.2474961280822754,0.5324224829673767,-0.045862190425395966,0.23427094519138336,0.5198015570640564,-0.011207973584532738,0.233989879488945,0.4617432951927185,-0.031738169491291046,0.22666364908218384,0.4976269602775574,-0.035463545471429825,0.22383786737918854,0.5393546223640442,-0.03230823576450348,0.20997945964336395,0.5332071185112,-0.01497061736881733,0.2054864913225174,0.4812760353088379,-0.028991809114813805,0.20632383227348328,0.5027963519096375,-0.0297001451253891,0.20943334698677063,0.5364972352981567,-0.026484256610274315
D,0.2606522738933563,0.6771898865699768,2.5790985347384776e-08,0.3016948997974396,0.6628889441490173,-0.022785678505897522,0.33532941341400146,0.6218137145042419,-0.03934823349118233,0.3451724648475647,0.5759186148643494,-0.056039318442344666,0.3306157886981964,0.5276076793670654,-0.07271096855401993,0.3381997346878052,0.4706266522407532,-0.028150463476777077,0.3491857647895813,0.3598399758338928,-0.050236284732818604,0.35074904561042786,0.3003469705581665,-0.06483539938926697,0.3495676517486572,0.24875783920288086,-0.07508168369531631,0.3052941858768463,0.46422457695007324,-0.03174678608775139,0.31687140464782715,0.38641488552093506,-0.06487066298723221,0.3215218782424927,0.4544627070426941,-0.077348992228508,0.32215413451194763,0.5073573589324951,-0.08009351789951324,0.2717319130897522,0.47291648387908936,-0.03728969022631645,0.27922171354293823,0.40051519870758057,-0.06667206436395645,0.2905471920967102,0.46639078855514526,-0.06556113064289093,0.2945086359977722,0.521210253238678,-0.05868661031126976,0.23737972974777222,0.49507415294647217,-0.04497893527150154,0.2431003898382187,0.4339303970336914,-0.0668707937002182,0.2602325975894928,0.47470298409461975,-0.065871462225914,0.2705654203891754,0.5173937082290649,-0.06082966923713684
D,0.37991827726364136,0.7489825487136841,4.001199016556711e-08,0.4257504940032959,0.7362474203109741,-0.023345250636339188,0.46456801891326904,0.6928647756576538,-0.039860520511865616,0.47899484634399414,0.6410588622093201,-0.05680209398269653,0.46815717220306396,0.5847024917602539,-0.07388618588447571,0.4669952094554901,0.5243943333625793,-0.02697240561246872,0.4817338287830353,0.4080231785774231,-0.0469505749642849,0.4868554174900055,0.3443679213523865,-0.05964959040284157,0.4894248843193054,0.2856980562210083,-0.06885522603988647,0.43436455726623535,0.5158677697181702,-0.03096788376569748,0.44899046421051025,0.4215332567691803,-0.06332214921712875,0.4569810926914215,0.49014949798583984,-0.07614500820636749,0.4579498767852783,0.549435019493103,-0.07851307839155197,0.4005153179168701,0.5238596796989441,-0.03658800572156906,0.41057145595550537,0.4386538565158844,-0.06607428193092346,0.4250631034374237,0.5075746178627014,-0.06637421995401382,0.4287823438644409,0.5690592527389526,-0.05962298810482025,0.36443042755126953,0.5448970794677734,-0.044294461607933044,0.3722098171710968,0.46360039710998535,-0.0659092366695404,0.3906746506690979,0.5080235004425049,-0.0645248219370842,0.3993373513221741,0.5609322786331177,-0.058687109500169754
D,0.5486952662467957,0.8487091064453125,5.468212549430973e-08,0.5947839617729187,0.8409833908081055,-0.019762422889471054,0.6356773972511292,0.8052887320518494,-0.035058967769145966,0.6596099734306335,0.7656874656677246,-0.05141085386276245,0.6618492007255554,0.7056004405021667,-0.06745877116918564,0.6463081240653992,0.6407129764556885,-0.022971050813794136,0.6671015024185181,0.5291533470153809,-0.04204616695642471,0.6768273711204529,0.46731552481651306,-0.05366043746471405,0.6809340715408325,0.40783461928367615,-0.06194817274808884,0.6162611246109009,0.6281132102012634,-0.028469638898968697,0.6384859681129456,0.5387644171714783,-0.05986110866069794,0.6482788920402527,0.6159664392471313,-0.07083755731582642,0.6460691690444946,0.6773368716239929,-0.0715983659029007,0.5833118557929993,0.6327750086784363,-0.0354943722486496,0.6002059578895569,0.5547142028808594,-0.06445877999067307,0.6153139472007751,0.6306755542755127,-0.06228179112076759,0.6164465546607971,0.6895036697387695,-0.05364510416984558,0.547325611114502,0.6506900787353516,-0.044277653098106384,0.5624004602432251,0.5795130729675293,-0.06516359001398087,0.582018256187439,0.6285567879676819,-0.06209080293774605,0.5890339612960815,0.6794838905334473,-0.054915037006139755
D,0.3509731888771057,0.5705528259277344,3.270646331543503e-08,0.3903826177120209,0.5577189922332764,-0.01610373891890049,0.4161059260368347,0.5171993374824524,-0.0232317503541708,0.4166795015335083,0.4656120836734772,-0.030740410089492798,0.40995410084724426,0.42381390929222107,-0.03789808228611946,0.42693647742271423,0.410023033618927,-0.007619738578796387,0.44132134318351746,0.3302813172340393,-0.01920142024755478,0.4442741572856903,0.27982112765312195,-0.02876320853829384,0.4449729323387146,0.23755380511283875,-0.03573571890592575,0.40191543102264404,0.3952326774597168,-0.008531657978892326,0.4132044315338135,0.32253289222717285,-0.02872275933623314,0.4090331196784973,0.3506079316139221,-0.03951308876276016,0.4034125506877899,0.3877800703048706,-0.04226063936948776,0.37617701292037964,0.39284849166870117,-0.011337677016854286,0.3834218382835388,0.32898569107055664,-0.028907625004649162,0.38426199555397034,0.36007240414619446,-0.031541839241981506,0.3819788098335266,0.3999660909175873,-0.028613539412617683,0.34972840547561646,0.40006205439567566,-0.015919014811515808,0.3553175628185272,0.3478417992591858,-0.027814198285341263,0.36213168501853943,0.3658903241157532,-0.02821783721446991,0.36555203795433044,0.39542776346206665,-0.02543497271835804
D,0.26833224296569824,0.9572626352310181,-3.907013379489399e-08,0.31540656089782715,0.945713222026825,-0.024910220876336098,0.35349830985069275,0.8989577889442444,-0.04068552330136299,0.3503052592277527,0.836243212223053,-0.0566164031624794,0.32954031229019165,0.7834264636039734,-0.07223257422447205,0.36462149024009705,0.733066737651825,-0.018428480252623558,0.3752762973308563,0.6300450563430786,-0.03911655768752098,0.3742174208164215,0.5658843517303467,-0.05345243215560913,0.37141862511634827,0.5122236609458923,-0.06327080726623535,0.3264780342578888,0.7180150747299194,-0.021447833627462387,0.33646097779273987,0.6282237768173218,-0.05373877286911011,0.3296935558319092,0.6979653239250183,-0.06649617850780487,0.3252738118171692,0.7579538822174072,-0.0673099011182785,0.2901719808578491,0.7222744226455688,-0.02706642635166645,0.2954617738723755,0.6420276761054993,-0.05694655701518059,0.29740074276924133,0.7121365070343018,-0.055193934589624405,0.29649561643600464,0.7723116278648376,-0.04566562548279762,0.25374171137809753,0.7431285977363586,-0.035041142255067825,0.2566556930541992,0.6662773489952087,-0.05534755811095238,0.2657342851161957,0.7130845785140991,-0.050719015300273895,0.2704261243343353,0.7632922530174255,-0.04177754744887352
D,0.576026201248169,0.8650601506233215,3.008002735782611e-08,0.6248639225959778,0.8745692372322083,-0.023595869541168213,0.6685314178466797,0.8475115299224854,-0.03958313539624214,0.6884555220603943,0.8018301725387573,-0.05601900815963745,0.6864914894104004,0.7445016503334045,-0.07225047051906586,0.6926634311676025,0.6777505874633789,-0.025179339572787285,0.7210224866867065,0.5651276111602783,-0.04652072861790657,0.7319666743278503,0.4994565546512604,-0.06078052520751953,0.7386631965637207,0.43867889046669006,-0.07103274017572403,0.6599484086036682,0.6559807062149048,-0.029574627056717873,0.6839299201965332,0.5649458169937134,-0.06498359888792038,0.6834588646888733,0.636451780796051,-0.07914961874485016,0.6769569516181946,0.700752317905426,-0.08149898052215576,0.624638557434082,0.6502943634986877,-0.03598589822649956,0.6421253085136414,0.5663148164749146,-0.06700043380260468,0.648169994354248,0.6373557448387146,-0.06754080206155777,0.645484983921051,0.7011421918869019,-0.060352351516485214,0.5864806771278381,0.6570277810096741,-0.04475439712405205,0.6028891801834106,0.5822350978851318,-0.06734064221382141,0.6160816550254822,0.6285821199417114,-0.06692931056022644,0.620272159576416,0.6804376840591431,-0.06153062358498573
D,0.6759865283966064,0.7220107316970825,3.146747218352175e-08,0.7251083254814148,0.7372305393218994,-0.031082380563020706,0.7678306698799133,0.7157256007194519,-0.05224369093775749,0.7882773876190186,0.6741864681243896,-0.07276999205350876,0.7865058779716492,0.622535765171051,-0.09267999976873398,0.8108970522880554,0.5384804606437683,-0.03280675411224365,0.8409181237220764,0.42828449606895447,-0.05918818339705467,0.8522530794143677,0.358011394739151,-0.0779152363538742,0.8592263460159302,0.29390662908554077,-0.0912146270275116,0.7741919159889221,0.5067895650863647,-0.03565246984362602,0.7991976737976074,0.41986069083213806,-0.07492984086275101,0.7875329852104187,0.4945545196533203,-0.09099788963794708,0.7763750553131104,0.5577554106712341,-0.09420926868915558,0.7339438796043396,0.495566725730896,-0.041138436645269394,0.7523576617240906,0.4134317636489868,-0.07529669255018234,0.7503067851066589,0.4878552556037903,-0.0747026577591896,0.7441616058349609,0.5517786145210266,-0.06629932671785355,0.6910432577133179,0.5025662183761597,-0.049665819853544235,0.7079800963401794,0.42809200286865234,-0.07335734367370605,0.7148041129112244,0.4813850522041321,-0.07033712416887283,0.7157177329063416,0.5359298586845398,-0.06276416778564453
D,0.3058280348777771,0.6153377294540405,2.387028708028538e-08,0.3445378243923187,0.6052812933921814,-0.02307790331542492,0.3719000518321991,0.5685926079750061,-0.035997819155454636,0.3714294135570526,0.5264256596565247,-0.048760801553726196,0.35728132724761963,0.49311017990112305,-0.06076459214091301,0.38052675127983093,0.4315345287322998,-0.016334448009729385,0.3899005949497223,0.3359801769256592,-0.03426101431250572,0.3906043767929077,0.27930691838264465,-0.046802062541246414,0.3905375003814697,0.23518799245357513,-0.05498090013861656,0.3503473103046417,0.42178210616111755,-0.01644628681242466,0.35294148325920105,0.3557435870170593,-0.04667767137289047,0.34686699509620667,0.4068397879600525,-0.05832318216562271,0.3452150225639343,0.4572981894016266,-0.058638423681259155,0.3211461007595062,0.42195582389831543,-0.01933346502482891,0.32087811827659607,0.36685168743133545,-0.04531704634428024,0.32080668210983276,0.41471052169799805,-0.045353133231401443,0.32269513607025146,0.4591955542564392,-0.03798544779419899,0.2933841049671173,0.4314280152320862,-0.024597302079200745,0.293387770652771,0.3854275941848755,-0.04143351688981056,0.29945915937423706,0.41950148344039917,-0.03914114087820053,0.30597689747810364,0.4557882845401764,-0.0324726440012455
D,0.2015303373336792,0.7781572937965393,-6.981109468284785e-09,0.2353455275297165,0.7638440132141113,-0.023882394656538963,0.25938254594802856,0.7321986556053162,-0.039522890001535416,0.254399836063385,0.7001742720603943,-0.054663270711898804,0.24161231517791748,0.6706627011299133,-0.06903094798326492,0.26779642701148987,0.6002814769744873,-0.018425559625029564,0.2677356004714966,0.5234512686729431,-0.0381992906332016,0.2622491419315338,0.47199273109436035,-0.05133296549320221,0.25579726696014404,0.43173179030418396,-0.05958425998687744,0.2350294440984726,0.5941932797431946,-0.01876511611044407,0.23055800795555115,0.5369827747344971,-0.04852377995848656,0.22542034089565277,0.6003698706626892,-0.05754493921995163,0.22625911235809326,0.6477860808372498,-0.055636871606111526,0.20546774566173553,0.5993404984474182,-0.022080320864915848,0.19976261258125305,0.5553882718086243,-0.05009354278445244,0.20067861676216125,0.6172699928283691,-0.04705005884170532,0.20395804941654205,0.6594328880310059,-0.03656445071101189,0.17741914093494415,0.6161158084869385,-0.02761484682559967,0.1725362092256546,0.5717544555664062,-0.04634696617722511,0.17856556177139282,0.6165038347244263,-0.04155953228473663,0.18622073531150818,0.6516942977905273,-0.03230586275458336
D,0.25681769847869873,0.88701331615448,1.912504643541979e-07,0.3191112279891968,0.8345807790756226,0.005763887893408537,0.363498330116272,0.7533604502677917,0.006600009277462959,0.39459943771362305,0.6926743388175964,-0.00042045910959132016,0.4158438444137573,0.622597336769104,-0.007374979555606842,0.3345363438129425,0.6145870685577393,0.032895974814891815,0.3486992120742798,0.498174250125885,0.025873573496937752,0.37030380964279175,0.4364857077598572,0.016574803739786148,0.381504088640213,0.38714590668678284,0.009172764606773853,0.31965458393096924,0.6079035401344299,0.015595593489706516,0.35124215483665466,0.4843935966491699,-0.007088853046298027,0.39124035835266113,0.5187472105026245,-0.026214102283120155,0.40347084403038025,0.5808797478675842,-0.03282050043344498,0.301533043384552,0.6115328669548035,-0.003927304409444332,0.335224449634552,0.5034112930297852,-0.02493075653910637,0.376845121383667,0.5417691469192505,-0.0350615419447422,0.3925095796585083,0.6018298268318176,-0.03536202386021614,0.28346535563468933,0.6260467767715454,-0.023707130923867226,0.3143634498119354,0.532768189907074,-0.03875534236431122,0.3509480655193329,0.5393486618995667,-0.04317992925643921,0.37121766805648804,0.5763303637504578,-0.04262418672442436
D,0.20609541237354279,0.8626883029937744,1.863949137259624e-07,0.26600268483161926,0.8235783576965332,-0.01133903581649065,0.3136322796344757,0.7455444931983948,-0.018608860671520233,0.33834537863731384,0.677644670009613,-0.029552225023508072,0.34545567631721497,0.5987177491188049,-0.0406268909573555,0.2906302511692047,0.5888018608093262,0.0026187566109001637,0.30329811573028564,0.46540671586990356,-0.011251473799347878,0.3176902234554291,0.3972282111644745,-0.0237734355032444,0.32099705934524536,0.33639922738075256,-0.03339555859565735,0.26493361592292786,0.5829006433486938,-0.00689811771735549,0.2886321246623993,0.45838797092437744,-0.036086224019527435,0.323672354221344,0.5023671984672546,-0.05552585795521736,0.33389589190483093,0.5646925568580627,-0.062232669442892075,0.2378360629081726,0.5909044742584229,-0.018426790833473206,0.2561154067516327,0.4737378656864166,-0.04237215965986252,0.29425176978111267,0.5113433599472046,-0.05044445022940636,0.3100816011428833,0.5706799626350403,-0.04986410588026047,0.2079271525144577,0.6101312041282654,-0.031738925725221634,0.22119233012199402,0.5116086602210999,-0.050289493054151535,0.2561374306678772,0.513943612575531,-0.056190866976976395,0.2797437012195587,0.5492920875549316,-0.056625526398420334
D,0.39309924840927124,0.8506225347518921,1.9801696282684134e-07,0.44973286986351013,0.8319385647773743,-0.018169285729527473,0.4958624541759491,0.7694021463394165,-0.029718618839979172,0.5196046233177185,0.7024547457695007,-0.04355749860405922,0.5243334174156189,0.6258546710014343,-0.05773928761482239,0.49064695835113525,0.611353874206543,-0.008063547313213348,0.5100290179252625,0.494315505027771,-0.02384682558476925,0.523407518863678,0.42740580439567566,-0.036884915083646774,0.5282653570175171,0.36721378564834595,-0.04683731123805046,0.4634290337562561,0.597915768623352,-0.014192565344274044,0.4850962460041046,0.47159165143966675,-0.0429704450070858,0.5093830823898315,0.5169180035591125,-0.06030067801475525,0.515845775604248,0.5795577764511108,-0.06596037745475769,0.4338616132736206,0.5993798971176147,-0.022418571636080742,0.4529699683189392,0.48396939039230347,-0.04561521112918854,0.48095300793647766,0.522539496421814,-0.05124582722783089,0.4894866943359375,0.5824483633041382,-0.0494694784283638,0.3999249041080475,0.6117367148399353,-0.033000461757183075,0.4128749966621399,0.5133385062217712,-0.05103515461087227,0.4421756863594055,0.5204896926879883,-0.05548147112131119,0.45984983444213867,0.5599503517150879,-0.055017005652189255
D,0.5006433725357056,0.8078092932701111,2.696368142096617e-07,0.5681787133216858,0.7440462708473206,0.0087594510987401,0.6023389101028442,0.6688425540924072,0.003767287591472268,0.6277270317077637,0.6177101135253906,-0.008184949867427349,0.6481519341468811,0.5721786618232727,-0.020029300823807716,0.5262022018432617,0.5417508482933044,0.0068460195325315,0.5681738257408142,0.4446425437927246,-0.0019216450164094567,0.5916455388069153,0.3842436671257019,-0.009049393236637115,0.6061530709266663,0.33694735169410706,-0.015202824026346207,0.5142822861671448,0.5444074273109436,-0.010144159197807312,0.5866443514823914,0.4613720178604126,-0.0276505034416914,0.627743124961853,0.4901084303855896,-0.03563310205936432,0.6436707973480225,0.5319279432296753,-0.037712737917900085,0.518507719039917,0.5646607279777527,-0.026723315939307213,0.587940514087677,0.4810309410095215,-0.04131736978888512,0.6280597448348999,0.5132571458816528,-0.039827123284339905,0.6445170044898987,0.5593839287757874,-0.03517242148518562,0.5350533127784729,0.5944236516952515,-0.043221261352300644,0.5853992700576782,0.5212669372558594,-0.04982976242899895,0.6199828386306763,0.527631402015686,-0.04480411112308502,0.6387611031532288,0.5563625693321228,-0.03916030004620552
D,0.2764589190483093,0.756953239440918,1.1593429860567994e-07,0.33018210530281067,0.7200555801391602,-0.01526910811662674,0.3694442808628082,0.6517719626426697,-0.024424869567155838,0.3808930516242981,0.5837414264678955,-0.035724151879549026,0.3763159513473511,0.5141129493713379,-0.04697830602526665,0.3522965610027313,0.5100798010826111,-0.006989642046391964,0.3646659553050995,0.39605024456977844,-0.023894915357232094,0.3711967170238495,0.3319385349750519,-0.03693809732794762,0.36977964639663696,0.27605244517326355,-0.04599917680025101,0.3243553042411804,0.504523515701294,-0.012885496951639652,0.33769991993904114,0.3884502053260803,-0.042157676070928574,0.36036786437034607,0.43053755164146423,-0.05837320163846016,0.36808499693870544,0.4889853000640869,-0.06303034722805023,0.29547107219696045,0.5123817324638367,-0.020856739953160286,0.3063642382621765,0.4056474566459656,-0.04477406665682793,0.3322575092315674,0.4411463141441345,-0.04962773993611336,0.34330952167510986,0.4956534206867218,-0.046934764832258224,0.2636576294898987,0.5291445255279541,-0.03075619600713253,0.2691715955734253,0.4415120780467987,-0.048284292221069336,0.2959340214729309,0.4440809190273285,-0.05225721374154091,0.315899133682251,0.4731636047363281,-0.051355991512537
D,0.3052970767021179,0.8264446258544922,2.0299310676819005e-07,0.3675571084022522,0.7825521230697632,0.006943209562450647,0.41384056210517883,0.7162994146347046,0.0025546548422425985,0.4466709494590759,0.669684886932373,-0.009112909436225891,0.47105908393859863,0.6236756443977356,-0.021195001900196075,0.38382112979888916,0.5542622804641724,0.010368135757744312,0.41204726696014404,0.44820377230644226,-0.0019881369080394506,0.43740612268447876,0.39255720376968384,-0.01180807501077652,0.4542304277420044,0.3432483971118927,-0.0197091456502676,0.3641665279865265,0.5511894226074219,-0.007847304455935955,0.4151904881000519,0.46191126108169556,-0.03567032888531685,0.45862674713134766,0.5192065238952637,-0.05184964835643768,0.4729055166244507,0.5835341215133667,-0.0565197728574276,0.34888580441474915,0.5666983723640442,-0.02616269513964653,0.398834764957428,0.49124640226364136,-0.05108257755637169,0.44327735900878906,0.5442980527877808,-0.057626936584711075,0.4608892500400543,0.6042240262031555,-0.05547231435775757,0.33666831254959106,0.5993161201477051,-0.044078126549720764,0.3802494704723358,0.5366564989089966,-0.061296496540308,0.41990357637405396,0.5593079328536987,-0.06380334496498108,0.4419867992401123,0.5987381935119629,-0.06150325387716293
D,0.3084561228752136,0.7205306887626648,-1.9176539467480325e-08,0.3308233320713043,0.7294098734855652,-0.05231893062591553,0.3341280221939087,0.6847847104072571,-0.0778021514415741,0.30366069078445435,0.6134340167045593,-0.09622666984796524,0.28094029426574707,0.5454980134963989,-0.11222583800554276,0.38886407017707825,0.5400529503822327,-0.05562110245227814,0.3965063691139221,0.4144805669784546,-0.08553163707256317,0.3892482817173004,0.32428935170173645,-0.10496202111244202,0.382417768239975,0.25516772270202637,-0.11720327287912369,0.35756367444992065,0.5073254108428955,-0.04366668313741684,0.3436698615550995,0.4001140594482422,-0.08561302721500397,0.30129116773605347,0.42693617939949036,-0.10208126157522202,0.2791789174079895,0.4810582399368286,-0.10320156812667847,0.32546743750572205,0.4922424554824829,-0.036096736788749695,0.3092152774333954,0.40034428238868713,-0.07310961931943893,0.275701105594635,0.4311836063861847,-0.079224593937397,0.2614692151546478,0.4840942621231079,-0.07268716394901276,0.2988806664943695,0.49560344219207764,-0.03260918706655502,0.2823167145252228,0.42116814851760864,-0.058154162019491196,0.26492419838905334,0.43357640504837036,-0.06105596944689751,0.25991693139076233,0.4751538038253784,-0.05551890283823013
D,0.2717786431312561,0.8017295598983765,-1.3965432366092045e-08,0.2973193824291229,0.8240911960601807,-0.04887678101658821,0.3191284239292145,0.7915260195732117,-0.07219821959733963,0.3013937473297119,0.7295219898223877,-0.08960580825805664,0.2848304212093353,0.6692565083503723,-0.10629462450742722,0.37024417519569397,0.6585448980331421,-0.04921938106417656,0.39191633462905884,0.5511693358421326,-0.0774635449051857,0.3964337110519409,0.46577608585357666,-0.09699639678001404,0.399798721075058,0.3997661769390106,-0.11023770272731781,0.3403148353099823,0.6172826886177063,-0.03910604119300842,0.34135952591896057,0.5146905183792114,-0.08145446330308914,0.30143997073173523,0.5422073602676392,-0.1002226173877716,0.27932095527648926,0.5943730473518372,-0.10280266404151917,0.31013840436935425,0.5935919284820557,-0.03301996365189552,0.30699238181114197,0.5086031556129456,-0.07141061872243881,0.2757665514945984,0.5363221168518066,-0.08068559318780899,0.25902247428894043,0.5872071385383606,-0.076107457280159,0.2834094166755676,0.588058352470398,-0.030426237732172012,0.27433323860168457,0.5171356201171875,-0.05826147645711899,0.25816452503204346,0.5335067510604858,-0.06314563006162643,0.25009649991989136,0.5761187672615051,-0.05894286558032036
D,0.37436380982398987,0.8054636716842651,9.619615326528219e-08,0.42440199851989746,0.7942886352539062,-0.02463090792298317,0.4660981595516205,0.7485912442207336,-0.04052422568202019,0.4806952476501465,0.6939225792884827,-0.056667231023311615,0.47528237104415894,0.630714476108551,-0.07256415486335754,0.47255122661590576,0.5764332413673401,-0.022327067330479622,0.4908836781978607,0.45897310972213745,-0.041366007179021835,0.4968535304069519,0.3908569812774658,-0.05590539425611496,0.49772387742996216,0.3302466869354248,-0.06660769879817963,0.4394643306732178,0.5613709092140198,-0.025169329717755318,0.4587334990501404,0.4537057876586914,-0.057240311056375504,0.46950066089630127,0.5109278559684753,-0.07393144071102142,0.4693405032157898,0.5732844471931458,-0.07901143282651901,0.4049611985683441,0.5632177591323853,-0.030033821240067482,0.41944706439971924,0.45777982473373413,-0.05578046664595604,0.43520787358283997,0.5073710083961487,-0.0605313740670681,0.4380809962749481,0.5689535737037659,-0.05794380232691765,0.36777251958847046,0.5785275101661682,-0.037569064646959305,0.3792728781700134,0.4887006878852844,-0.056773874908685684,0.39891931414604187,0.5107482671737671,-0.06006249412894249,0.40909236669540405,0.5532580614089966,-0.058569155633449554
D,0.4294869005680084,0.7486147284507751,2.212074718954682e-07,0.48947426676750183,0.7082996964454651,0.009151451289653778,0.5329849123954773,0.6453801393508911,0.006446294020861387,0.5658031105995178,0.5978730916976929,-0.004304083529859781,0.585105836391449,0.5440200567245483,-0.015453931875526905,0.4923937916755676,0.5018285512924194,0.017545444890856743,0.5194854140281677,0.3976031243801117,0.009981157258152962,0.541273295879364,0.3410317301750183,0.003116858657449484,0.5549895763397217,0.29359379410743713,-0.0031873558182269335,0.4766421914100647,0.4979347288608551,-0.0015064950566738844,0.5238969326019287,0.3991145193576813,-0.02433738112449646,0.564594566822052,0.4384761452674866,-0.03916487470269203,0.5783137083053589,0.49489137530326843,-0.043711964040994644,0.4652656316757202,0.5103212594985962,-0.020889997482299805,0.5141139030456543,0.4245830774307251,-0.04182461276650429,0.556249737739563,0.4691217243671417,-0.04849419370293617,0.5717291831970215,0.5243670344352722,-0.047274019569158554,0.4595898389816284,0.5374174118041992,-0.039751965552568436,0.5013840794563293,0.46365559101104736,-0.053618136793375015,0.5395753383636475,0.47880107164382935,-0.05583453178405762,0.5604690909385681,0.5137929320335388,-0.05423196405172348
D,0.49226614832878113,0.7318867444992065,-7.419764358473913e-08,0.46180903911590576,0.6365482807159424,0.019145507365465164,0.45864349603652954,0.541517972946167,0.02214859053492546,0.4783917963504791,0.47756797075271606,0.02042912319302559,0.5040386319160461,0.4473026394844055,0.017307309433817863,0.4585443139076233,0.49358007311820984,0.0007823292398825288,0.48470211029052734,0.3814297914505005,-0.0006739040254615247,0.503482460975647,0.3259541988372803,0.00032188426121138036,0.5167195796966553,0.28429973125457764,0.0003968737437389791,0.4913618266582489,0.4983211159706116,-0.012584312818944454,0.5195700526237488,0.4048610031604767,-0.012914277613162994,0.5222522616386414,0.43852850794792175,-0.0062473975121974945,0.5147280693054199,0.4773242473602295,-0.0013947602128610015,0.5268458724021912,0.5198165774345398,-0.023046202957630157,0.5467536449432373,0.42812755703926086,-0.020353777334094048,0.5459960103034973,0.46100354194641113,-0.00645736139267683,0.5381903648376465,0.49720391631126404,0.0021344588603824377,0.5591880679130554,0.5527656078338623,-0.03198204189538956,0.573684811592102,0.46488285064697266,-0.024481995031237602,0.5697563886642456,0.485542893409729,-0.008558334782719612,0.5617340803146362,0.5181556940078735,0.0026080000679939985
D,0.26659122109413147,0.794183611869812,-1.0654395588005627e-08,0.29389050602912903,0.7894628643989563,-0.05019040033221245,0.31048038601875305,0.7337536811828613,-0.07361035794019699,0.2854563593864441,0.663749098777771,-0.09200191497802734,0.25878238677978516,0.594876766204834,-0.10911718755960464,0.35093069076538086,0.5652626156806946,-0.04089708998799324,0.3545688986778259,0.44678789377212524,-0.06664059311151505,0.34783661365509033,0.36490339040756226,-0.0867486298084259,0.34288835525512695,0.30013108253479004,-0.10101652890443802,0.31440916657447815,0.5434330105781555,-0.031130487099289894,0.30588796734809875,0.4346183240413666,-0.07107798755168915,0.2730433940887451,0.47016215324401855,-0.09403478354215622,0.2566291093826294,0.5254059433937073,-0.10116975754499435,0.2794056534767151,0.5399051308631897,-0.02579532191157341,0.2699753940105438,0.4479428231716156,-0.06227249652147293,0.24213151633739471,0.48115038871765137,-0.0764041543006897,0.22899295389652252,0.5347235202789307,-0.07672016322612762,0.25006547570228577,0.5525866746902466,-0.024371560662984848,0.23744110763072968,0.4735472500324249,-0.050828415900468826,0.2238302230834961,0.4890248775482178,-0.05903558433055878,0.21931040287017822,0.5313196182250977,-0.05889255926012993
D,0.6929276585578918,0.8002761602401733,2.539553349834023e-07,0.7549280524253845,0.7757912278175354,0.009857251308858395,0.7982624769210815,0.7144870758056641,0.008734171278774738,0.8332760334014893,0.6714295148849487,-0.0008277594461105764,0.8629989624023438,0.624467134475708,-0.010341080836951733,0.7519498467445374,0.5628120303153992,0.026343509554862976,0.7832499742507935,0.465307354927063,0.023509444668889046,0.8047484159469604,0.4084351062774658,0.01983276754617691,0.8208800554275513,0.3640727400779724,0.015410753898322582,0.7375689744949341,0.5550485253334045,0.008096463978290558,0.7905131578445435,0.47502297163009644,-0.009514751844108105,0.833301842212677,0.511978268623352,-0.021825408563017845,0.8532776832580566,0.5667163729667664,-0.025290414690971375,0.7302935123443604,0.5652263164520264,-0.01094374991953373,0.7870583534240723,0.48738253116607666,-0.028000671416521072,0.8321120738983154,0.52689528465271,-0.0338682122528553,0.8528807163238525,0.581621527671814,-0.03287964686751366,0.7310140132904053,0.5874863862991333,-0.029663637280464172,0.7769128680229187,0.5181782841682434,-0.04132343456149101,0.8157803416252136,0.5330543518066406,-0.043026939034461975,0.8390055894851685,0.569097101688385,-0.04132074490189552
D,0.19732576608657837,0.7890716791152954,4.7914593181985765e-08,0.21567820012569427,0.7761496305465698,-0.04918478801846504,0.21148967742919922,0.7200714349746704,-0.070836640894413,0.17455001175403595,0.6615229845046997,-0.0863691121339798,0.14739540219306946,0.6012556552886963,-0.09972072392702103,0.24597302079200745,0.5698947310447693,-0.04123779758810997,0.24963954091072083,0.4558205008506775,-0.06344243139028549,0.24231413006782532,0.37999284267425537,-0.07991796731948853,0.23548540472984314,0.3199082612991333,-0.09214171767234802,0.21275842189788818,0.556231677532196,-0.029142556712031364,0.1878185272216797,0.46352654695510864,-0.06666151434183121,0.1545741856098175,0.49578943848609924,-0.08748073875904083,0.1397165060043335,0.5483139157295227,-0.0933009684085846,0.18182729184627533,0.5593284368515015,-0.021136634051799774,0.15601179003715515,0.4780786335468292,-0.054924242198467255,0.13035611808300018,0.5078046321868896,-0.06762580573558807,0.12301693111658096,0.5545263290405273,-0.06717348843812943,0.16008037328720093,0.5759115815162659,-0.01673820987343788,0.13467144966125488,0.5104302167892456,-0.04197847098112106,0.12007462978363037,0.5221964716911316,-0.05015866085886955,0.12044409662485123,0.5567011833190918,-0.04958823323249817
D,0.33018508553504944,0.8133213520050049,6.333970503646924e-08,0.37519198656082153,0.8005640506744385,-0.025397101417183876,0.41187581419944763,0.7688754200935364,-0.04403631389141083,0.41509538888931274,0.7264876365661621,-0.06272552162408829,0.3998347818851471,0.6847952604293823,-0.08096980303525925,0.4106692373752594,0.5961322784423828,-0.02871590666472912,0.4204541742801666,0.4832000434398651,-0.05086385831236839,0.42143672704696655,0.4177352786064148,-0.06630171090364456,0.42034876346588135,0.3615277409553528,-0.07704350352287292,0.3738008439540863,0.5880510807037354,-0.03150888532400131,0.38348275423049927,0.5124995112419128,-0.0663018673658371,0.3881470561027527,0.5760700702667236,-0.08012384176254272,0.3891667425632477,0.6362274289131165,-0.0827082172036171,0.33797624707221985,0.59536212682724,-0.03651589900255203,0.34178492426872253,0.5071383118629456,-0.06348949670791626,0.35212594270706177,0.5590283274650574,-0.06304123997688293,0.3572324216365814,0.614894449710846,-0.05667323246598244,0.30335891246795654,0.6162735223770142,-0.044237446039915085,0.3032088875770569,0.541558563709259,-0.0618886761367321,0.31801700592041016,0.5696061849594116,-0.05973491445183754,0.32894572615623474,0.6098592281341553,-0.05394735559821129
E,0.20667481422424316,0.8658127784729004,-2.921452733062324e-07,0.2760760188102722,0.8276166915893555,-0.018737394362688065,0.3268558084964752,0.7495477199554443,-0.027547476813197136,0.3125493824481964,0.6630798578262329,-0.03832249715924263,0.2682335376739502,0.6479434967041016,-0.04663671925663948,0.2945376932621002,0.6001337766647339,-0.00316830538213253,0.3061598837375641,0.4851312041282654,-0.028955675661563873,0.29753562808036804,0.5488017201423645,-0.045669782906770706,0.2893817722797394,0.6141857504844666,-0.05262136831879616,0.25390273332595825,0.5883433818817139,-0.0056783040054142475,0.2613230049610138,0.4745362401008606,-0.03148385509848595,0.2574272155761719,0.5592442750930786,-0.04159343242645264,0.25528836250305176,0.6248251795768738,-0.04157670959830284,0.2151879370212555,0.5898794531822205,-0.012598825618624687,0.2179395854473114,0.4710044264793396,-0.03459302335977554,0.22175365686416626,0.5455079078674316,-0.03303413465619087,0.22078867256641388,0.6135286092758179,-0.024829769507050514,0.17458736896514893,0.6057243347167969,-0.021831585094332695,0.17270821332931519,0.5088961720466614,-0.03494882211089134,0.1850435584783554,0.5480002760887146,-0.030735881999135017,0.1917782425880432,0.600632905960083,-0.023010501638054848
E,0.29843416810035706,0.8285449743270874,-3.0394213013096305e-07,0.366416335105896,0.8023391962051392,-0.00897435937076807,0.4174642264842987,0.7281686067581177,-0.011675429530441761,0.4177660048007965,0.644996702671051,-0.017053654417395592,0.3790230453014374,0.63558429479599,-0.020563365891575813,0.38861924409866333,0.5849140882492065,0.0012222338700667024,0.4059728980064392,0.47594115138053894,-0.020454950630664825,0.4035956859588623,0.536291241645813,-0.036091964691877365,0.3931760787963867,0.5998607873916626,-0.042584341019392014,0.3537243604660034,0.5742467641830444,-0.003716371487826109,0.3615607023239136,0.45944297313690186,-0.022720836102962494,0.36493268609046936,0.5300934910774231,-0.032275933772325516,0.3604547381401062,0.5927873253822327,-0.034258414059877396,0.3195193409919739,0.5737534165382385,-0.011654448695480824,0.3243230879306793,0.46565741300582886,-0.026598559692502022,0.3339534103870392,0.5246794819831848,-0.026995014399290085,0.33132630586624146,0.5832626819610596,-0.02276092953979969,0.2832469940185547,0.5821845531463623,-0.021099045872688293,0.2886615991592407,0.48955443501472473,-0.029033591970801353,0.3017823398113251,0.521723210811615,-0.02529069036245346,0.303836464881897,0.569358229637146,-0.019904594868421555
E,0.3615702688694,0.7671709060668945,-3.942000432743953e-07,0.42144450545310974,0.7601810693740845,-0.026450742036104202,0.4710959196090698,0.6931354999542236,-0.03637375310063362,0.45360201597213745,0.6083256006240845,-0.046277668327093124,0.4136212468147278,0.5720421075820923,-0.05278385430574417,0.46339523792266846,0.5281389355659485,-0.010612125508487225,0.469971626996994,0.415452778339386,-0.03987661749124527,0.444166898727417,0.4709511399269104,-0.05751848220825195,0.43156418204307556,0.5337033867835999,-0.06418765336275101,0.4209288954734802,0.5042901039123535,-0.009189123287796974,0.42467957735061646,0.38945358991622925,-0.04105885326862335,0.40056663751602173,0.4688816964626312,-0.05329474061727524,0.3970569968223572,0.5390825271606445,-0.05230993777513504,0.38342589139938354,0.49362149834632874,-0.012837766669690609,0.3858242630958557,0.3870149850845337,-0.03976863622665405,0.3703444004058838,0.45774421095848083,-0.04009024053812027,0.3684566617012024,0.5271697640419006,-0.031085019931197166,0.34825676679611206,0.4995846748352051,-0.01921585388481617,0.34702828526496887,0.41169023513793945,-0.03456662595272064,0.3424011468887329,0.4551329016685486,-0.03120788373053074,0.3448447585105896,0.5118086934089661,-0.022899240255355835
E,0.2757551372051239,0.7481515407562256,-4.6016018018235627e-07,0.3290775418281555,0.749031126499176,-0.03601425513625145,0.37321236729621887,0.6788626313209534,-0.04725862666964531,0.3529369533061981,0.579951822757721,-0.05619511008262634,0.32043135166168213,0.522494375705719,-0.060630179941654205,0.3876683712005615,0.5166916251182556,-0.014345168136060238,0.3905366063117981,0.39132043719291687,-0.04571943357586861,0.34967973828315735,0.428876131772995,-0.06507565081119537,0.33271193504333496,0.49124303460121155,-0.07302696257829666,0.34806880354881287,0.48280060291290283,-0.00837503932416439,0.35043543577194214,0.35396525263786316,-0.04466479271650314,0.30680039525032043,0.41914281249046326,-0.06106036901473999,0.2991493344306946,0.4918396770954132,-0.0613163560628891,0.313841313123703,0.4634888172149658,-0.008695879951119423,0.3148316442966461,0.349979430437088,-0.042141884565353394,0.28120550513267517,0.4112865924835205,-0.04906788095831871,0.27652639150619507,0.482288122177124,-0.042137984186410904,0.28335124254226685,0.4650688171386719,-0.01219553966075182,0.2770008146762848,0.3749670386314392,-0.033378224819898605,0.2612448036670685,0.4136252701282501,-0.03543759509921074,0.26290419697761536,0.47282856702804565,-0.02938356064260006
E,0.366607129573822,0.7076307535171509,-2.1257331184187933e-07,0.424659788608551,0.6543709635734558,-0.0010672991629689932,0.4626139998435974,0.5700163841247559,-0.00704545434564352,0.47348153591156006,0.501732587814331,-0.018222108483314514,0.44339555501937866,0.4926440119743347,-0.028019359335303307,0.4321299195289612,0.4441317319869995,0.0012900984147563577,0.44530966877937317,0.3391551971435547,-0.021196117624640465,0.46527299284935,0.40751445293426514,-0.039485279470682144,0.46067938208580017,0.4689866304397583,-0.04840555042028427,0.40863651037216187,0.44823816418647766,-0.010774292051792145,0.4193425476551056,0.33328354358673096,-0.03034481219947338,0.4467906057834625,0.4083864986896515,-0.04269415885210037,0.44413432478904724,0.4723943769931793,-0.047945134341716766,0.38268086314201355,0.45979177951812744,-0.02510591223835945,0.3898669481277466,0.347488671541214,-0.03993156924843788,0.4227749705314636,0.40974360704421997,-0.04304475337266922,0.42681246995925903,0.4730650782585144,-0.04193424433469772,0.3542822301387787,0.4800826907157898,-0.04050011560320854,0.3661412298679352,0.3864613175392151,-0.05177630856633186,0.3957088589668274,0.4163362979888916,-0.0520484559237957,0.4056510627269745,0.4664872884750366,-0.05039859563112259
E,0.22756952047348022,0.719658374786377,-1.5783921014644875e-07,0.29234549403190613,0.6844586133956909,-0.013291512615978718,0.3386916518211365,0.6011096835136414,-0.016135727986693382,0.3358687162399292,0.5140364170074463,-0.021460095420479774,0.29591527581214905,0.5021554231643677,-0.025514239445328712,0.30674225091934204,0.47235625982284546,0.006158288102596998,0.3196409344673157,0.3625950217247009,-0.014349078759551048,0.3244876563549042,0.3982599675655365,-0.032332099974155426,0.31978967785835266,0.45654329657554626,-0.040894947946071625,0.2743682265281677,0.4649387001991272,0.003832884831354022,0.282505065202713,0.35574907064437866,-0.017431192100048065,0.28910309076309204,0.4060961604118347,-0.03416699916124344,0.28730741143226624,0.4711032509803772,-0.041092731058597565,0.24200519919395447,0.46658074855804443,-0.002229690318927169,0.24589328467845917,0.3601488173007965,-0.018974265083670616,0.2579253613948822,0.39709997177124023,-0.029012534767389297,0.25955599546432495,0.4602247476577759,-0.031406402587890625,0.2065618634223938,0.47489142417907715,-0.010139071382582188,0.2095651924610138,0.38873428106307983,-0.01998426578938961,0.22506453096866608,0.4003552496433258,-0.024491433054208755,0.23387399315834045,0.44263023138046265,-0.025577764958143234
E,0.24875718355178833,0.6159869432449341,-2.6063744940074685e-07,0.2996681034564972,0.6165591478347778,-0.020401746034622192,0.3549685776233673,0.571533203125,-0.035200782120227814,0.3713049292564392,0.5264922380447388,-0.049617916345596313,0.3378509283065796,0.5160165429115295,-0.060518063604831696,0.3430999517440796,0.4131891131401062,-0.028934841975569725,0.35662198066711426,0.3575059175491333,-0.06407109647989273,0.3512704074382782,0.4479112923145294,-0.08105441182851791,0.34492677450180054,0.4877381920814514,-0.08802153915166855,0.29918989539146423,0.4065094292163849,-0.03397905081510544,0.3072238564491272,0.35635659098625183,-0.07087549567222595,0.30978137254714966,0.4629918336868286,-0.07840054482221603,0.3067282438278198,0.49590885639190674,-0.07739460468292236,0.2584432363510132,0.41500329971313477,-0.04238724708557129,0.26572132110595703,0.3634958565235138,-0.07774679362773895,0.2754499912261963,0.4681089520454407,-0.06909193843603134,0.27613377571105957,0.5078832507133484,-0.05565614998340607,0.21839839220046997,0.43276098370552063,-0.052135344594717026,0.227103590965271,0.40260249376296997,-0.07415886223316193,0.2414487898349762,0.4741531014442444,-0.0655549019575119,0.246795192360878,0.5082968473434448,-0.05418625473976135
E,0.30047422647476196,0.6387631893157959,-3.9980693600227823e-07,0.3446955680847168,0.6420111656188965,-0.03530488163232803,0.37910211086273193,0.5893187522888184,-0.050357501953840256,0.36147308349609375,0.5144027471542358,-0.06309736520051956,0.333565354347229,0.4619007408618927,-0.07204004377126694,0.39534544944763184,0.4360618591308594,-0.02291296236217022,0.3934101164340973,0.3261472284793854,-0.054554376751184464,0.35637882351875305,0.36505579948425293,-0.07466334104537964,0.33999505639076233,0.4246525168418884,-0.08307892829179764,0.35892778635025024,0.4045250117778778,-0.017148524522781372,0.36005789041519165,0.2892834544181824,-0.05232033133506775,0.3206993639469147,0.3494222164154053,-0.06887543201446533,0.31087976694107056,0.41600650548934937,-0.07036523520946503,0.32707905769348145,0.38652926683425903,-0.016667060554027557,0.3297279179096222,0.28844982385635376,-0.04759451746940613,0.29891762137413025,0.3418617248535156,-0.05470329895615578,0.2915835678577423,0.40699470043182373,-0.04920534789562225,0.29913344979286194,0.38613584637641907,-0.019163163378834724,0.29433169960975647,0.305894672870636,-0.03868596628308296,0.2800145149230957,0.33608996868133545,-0.04096498712897301,0.2799118161201477,0.3893962800502777,-0.035844020545482635
E,0.2619624733924866,0.643717348575592,-3.7878493230891763e-07,0.30373063683509827,0.6510350704193115,-0.03925181180238724,0.33555081486701965,0.606813907623291,-0.05812709406018257,0.3140020966529846,0.5435063242912292,-0.07334665209054947,0.28596240282058716,0.4915710985660553,-0.08450868725776672,0.3534318208694458,0.4428664743900299,-0.03249664232134819,0.3369388282299042,0.34850090742111206,-0.0684550479054451,0.3002564609050751,0.39708349108695984,-0.08840478211641312,0.29065993428230286,0.44924506545066833,-0.09667874872684479,0.31753823161125183,0.40946897864341736,-0.025974933058023453,0.3044010400772095,0.3077426552772522,-0.06603015959262848,0.2669561803340912,0.3829677700996399,-0.0794009268283844,0.2661502957344055,0.4401618242263794,-0.07821229100227356,0.28561505675315857,0.38982030749320984,-0.025099653750658035,0.2722635865211487,0.30163127183914185,-0.06147267669439316,0.24364018440246582,0.37383154034614563,-0.06257888674736023,0.2472948133945465,0.4316402077674866,-0.05250884220004082,0.25825563073158264,0.3887351453304291,-0.027362942695617676,0.24289797246456146,0.32180255651474,-0.05041159316897392,0.2265450805425644,0.3706399202346802,-0.04886866733431816,0.2318238914012909,0.4209088385105133,-0.040315866470336914
E,0.23061710596084595,0.6614145040512085,-1.8533903300976817e-07,0.29608291387557983,0.6186211109161377,-0.004853737540543079,0.3462574779987335,0.539233386516571,-0.011537697166204453,0.36452823877334595,0.46564239263534546,-0.022979270666837692,0.33149808645248413,0.4529757797718048,-0.03306169435381889,0.3208824694156647,0.3960770070552826,0.00039019514224492013,0.34415411949157715,0.29860830307006836,-0.023082105442881584,0.3599705398082733,0.3638997972011566,-0.0412123017013073,0.35331347584724426,0.426585853099823,-0.049572452902793884,0.2932044267654419,0.3906686007976532,-0.010079040192067623,0.31182384490966797,0.2772104740142822,-0.031984809786081314,0.334496408700943,0.3532617688179016,-0.04554508626461029,0.33021119236946106,0.42106419801712036,-0.05081186071038246,0.2628331184387207,0.3945692479610443,-0.02318219095468521,0.27629199624061584,0.2822446823120117,-0.041425105184316635,0.3057716488838196,0.3521667718887329,-0.04654136300086975,0.3080815076828003,0.42210450768470764,-0.04556213319301605,0.22839629650115967,0.4082651138305664,-0.03751979023218155,0.24352556467056274,0.3153204321861267,-0.05083410441875458,0.2721348702907562,0.3486340045928955,-0.05303794518113136,0.2828952670097351,0.40082812309265137,-0.052075859159231186
E,0.29838812351226807,0.6484957933425903,-2.042216777908834e-07,0.3610343337059021,0.6419652700424194,-0.017976053059101105,0.4104747176170349,0.5649598836898804,-0.021643294021487236,0.4056570529937744,0.4720311164855957,-0.026291299611330032,0.36532142758369446,0.4485960006713867,-0.028888661414384842,0.3930013179779053,0.43154263496398926,-9.751437028171495e-05,0.41037094593048096,0.32756760716438293,-0.019886130467057228,0.40221792459487915,0.3681156635284424,-0.03582894802093506,0.38802558183670044,0.4270155131816864,-0.04314003139734268,0.3587067425251007,0.4131052494049072,0.00020373810548335314,0.3650428056716919,0.30144673585891724,-0.019802452996373177,0.3629056513309479,0.3554236888885498,-0.033861372619867325,0.3578526973724365,0.4214310646057129,-0.038634542375802994,0.3253077566623688,0.40620002150535583,-0.0033558255527168512,0.32957345247268677,0.3000580966472626,-0.019940311089158058,0.3348678946495056,0.34007102251052856,-0.028531216084957123,0.3316017985343933,0.4025433361530304,-0.029555056244134903,0.2902218997478485,0.4065011739730835,-0.00901005044579506,0.2951221466064453,0.31860941648483276,-0.01924566924571991,0.3049953877925873,0.3334229588508606,-0.02298281155526638,0.3074280023574829,0.37801772356033325,-0.023105517029762268
E,0.5974483489990234,0.6705201864242554,-3.4418093264321215e-07,0.6605591177940369,0.6541143655776978,-0.01997295394539833,0.7190639972686768,0.597842812538147,-0.033459827303886414,0.7264069318771362,0.5218378305435181,-0.04828736558556557,0.6844069957733154,0.5061755776405334,-0.05983984097838402,0.6981212496757507,0.42990896105766296,-0.019155358895659447,0.7224103212356567,0.32194265723228455,-0.0514187216758728,0.7137513160705566,0.4071503281593323,-0.07039439678192139,0.7017886638641357,0.4707273542881012,-0.07786589860916138,0.6585081815719604,0.41977161169052124,-0.023102276027202606,0.672913134098053,0.31446313858032227,-0.052453186362981796,0.671198308467865,0.4103529155254364,-0.061192836612463,0.6658529043197632,0.47448214888572693,-0.06125453859567642,0.6200633645057678,0.4208287000656128,-0.030958300456404686,0.6280959844589233,0.3179367482662201,-0.05392485484480858,0.6365611553192139,0.40273308753967285,-0.048949986696243286,0.6357360482215881,0.4691663980484009,-0.03971685469150543,0.5806677341461182,0.43294981122016907,-0.04133664816617966,0.587444543838501,0.34864839911460876,-0.053692519664764404,0.6031057834625244,0.3997364938259125,-0.047473348677158356,0.6091296076774597,0.4559597373008728,-0.03932524099946022
E,0.7723173499107361,0.8837301731109619,-3.8938372881602845e-07,0.8561868071556091,0.8866759538650513,-0.014842319302260876,0.9317753314971924,0.8287798166275024,-0.024575598537921906,0.9446351528167725,0.7309961318969727,-0.0372491292655468,0.896504282951355,0.7028483152389526,-0.04714146628975868,0.9205358028411865,0.6335106492042542,-0.011824022978544235,0.9615853428840637,0.5152379870414734,-0.04415429010987282,0.9474084377288818,0.6062153577804565,-0.06519509851932526,0.9220632314682007,0.6745893955230713,-0.07382994145154953,0.877921462059021,0.6077345609664917,-0.019112946465611458,0.9064738154411316,0.4839249849319458,-0.04801027104258537,0.9000470638275146,0.5911460518836975,-0.05861597880721092,0.8838651180267334,0.6609988808631897,-0.059732530266046524,0.8343839645385742,0.5956725478172302,-0.030175844207406044,0.8577431440353394,0.4773871898651123,-0.051650505512952805,0.863229513168335,0.571104109287262,-0.04847356304526329,0.8519514203071594,0.641335666179657,-0.04030994325876236,0.7870378494262695,0.5950292348861694,-0.043597280979156494,0.8074954748153687,0.48705723881721497,-0.05483727902173996,0.8261995911598206,0.5418684482574463,-0.048997439444065094,0.8276585340499878,0.6057441234588623,-0.04125187546014786
E,0.35970398783683777,0.6507505774497986,-2.98287488931237e-07,0.41907069087028503,0.6065371036529541,-0.009355646558105946,0.46160072088241577,0.5313304662704468,-0.016516968607902527,0.460692822933197,0.4563879370689392,-0.02673134207725525,0.4226599931716919,0.4524935781955719,-0.03483204171061516,0.4268912374973297,0.3999687433242798,-0.006518964190036058,0.4361805021762848,0.2855335772037506,-0.030443189665675163,0.4412072002887726,0.35628825426101685,-0.0465942807495594,0.43645983934402466,0.41551482677459717,-0.05380360409617424,0.3942866623401642,0.39982300996780396,-0.013057890348136425,0.39866456389427185,0.29385092854499817,-0.033845290541648865,0.40793201327323914,0.37397968769073486,-0.04206184670329094,0.40473902225494385,0.43009158968925476,-0.04387497156858444,0.3611631393432617,0.40894535183906555,-0.022464828565716743,0.36250993609428406,0.30358508229255676,-0.038106728345155716,0.37785840034484863,0.3703976273536682,-0.035277433693408966,0.3780283033847809,0.42876356840133667,-0.029383253306150436,0.326327383518219,0.42690351605415344,-0.03362445533275604,0.323330819606781,0.33489564061164856,-0.042776189744472504,0.34423762559890747,0.368052214384079,-0.038514867424964905,0.35476335883140564,0.417551726102829,-0.03288564831018448
E,0.19155022501945496,0.6557012796401978,-1.4582447249722463e-07,0.24988633394241333,0.6385670304298401,-0.014398685656487942,0.2975657284259796,0.5759598016738892,-0.020182287320494652,0.3028590977191925,0.4987834692001343,-0.027420438826084137,0.2678845226764679,0.48114562034606934,-0.03331480547785759,0.2713121771812439,0.448950856924057,-0.003140760585665703,0.2901338040828705,0.3525174558162689,-0.023403823375701904,0.2922319173812866,0.3955160081386566,-0.03984696790575981,0.284226655960083,0.44890883564949036,-0.04769807681441307,0.24208705127239227,0.43876954913139343,-0.004963507875800133,0.2548179030418396,0.33942508697509766,-0.024113338440656662,0.2609843313694,0.3946533501148224,-0.03744899481534958,0.25769054889678955,0.4505647122859955,-0.0430474616587162,0.21257077157497406,0.43675845861434937,-0.009927954524755478,0.22103475034236908,0.3390478491783142,-0.024464663118124008,0.23293247818946838,0.3800134062767029,-0.03176305815577507,0.23179584741592407,0.4356473386287689,-0.03339208662509918,0.180223286151886,0.44055452942848206,-0.016763480380177498,0.18645992875099182,0.35920965671539307,-0.025970948860049248,0.20204788446426392,0.37619292736053467,-0.029409609735012054,0.20841866731643677,0.41741231083869934,-0.030181096866726875
E,0.2326970100402832,0.7554634809494019,2.9708250082194354e-08,0.2951960265636444,0.7195671200752258,-0.01266574114561081,0.33620503544807434,0.6426811218261719,-0.011313595809042454,0.3317166566848755,0.553889811038971,-0.011842608451843262,0.2929520308971405,0.5455157160758972,-0.01120354887098074,0.3074586093425751,0.5465458631515503,0.020593533292412758,0.31785252690315247,0.45852720737457275,0.008526405319571495,0.3236703872680664,0.46388089656829834,-0.0060121226124465466,0.32140105962753296,0.5077552795410156,-0.012820613570511341,0.2779831290245056,0.5311641693115234,0.02146383561193943,0.2829643487930298,0.44002848863601685,0.00838299561291933,0.2916690409183502,0.456739604473114,-0.008216249756515026,0.29180392622947693,0.5125171542167664,-0.015751399099826813,0.24982771277427673,0.5253647565841675,0.01825079508125782,0.2515580654144287,0.4387962222099304,0.005883967038244009,0.26461222767829895,0.44519564509391785,-0.009531250223517418,0.2678054869174957,0.4989888072013855,-0.015801196917891502,0.2176949381828308,0.5259534120559692,0.01346859522163868,0.22097988426685333,0.4517083466053009,0.005279317032545805,0.2351554036140442,0.44794410467147827,-0.0027915865648537874,0.2450859695672989,0.4840070605278015,-0.006295979954302311
E,0.2612479627132416,0.7867799997329712,-1.8049982486445515e-07,0.31508684158325195,0.7814741730690002,-0.0441010519862175,0.3675406873226166,0.7493111491203308,-0.07682299613952637,0.37226420640945435,0.7364662885665894,-0.1044655293226242,0.34113991260528564,0.7414308190345764,-0.12784019112586975,0.3353976607322693,0.5595872402191162,-0.0718931257724762,0.34394127130508423,0.6215003132820129,-0.12261053174734116,0.3424086570739746,0.7066316604614258,-0.147023007273674,0.33288758993148804,0.7223796844482422,-0.1594797670841217,0.28013530373573303,0.5654051303863525,-0.07208612561225891,0.28642675280570984,0.6451876759529114,-0.11907637864351273,0.2949020564556122,0.7371482253074646,-0.12585684657096863,0.2925567924976349,0.7307842373847961,-0.12601853907108307,0.23476466536521912,0.603911817073822,-0.07714340090751648,0.24421805143356323,0.6847296953201294,-0.11745402216911316,0.25835084915161133,0.7581501007080078,-0.10474245995283127,0.2595168650150299,0.7442232370376587,-0.09139911085367203,0.197367861866951,0.6497552990913391,-0.08677546679973602,0.2058354914188385,0.7190815806388855,-0.11065879464149475,0.22225132584571838,0.7702951431274414,-0.10231835395097733,0.2287904918193817,0.7584660053253174,-0.09285599738359451
E,0.3629315197467804,0.7531330585479736,-2.5935329972526233e-07,0.42771753668785095,0.7349560260772705,-0.01391777116805315,0.4785732924938202,0.6659616827964783,-0.021245840936899185,0.48168471455574036,0.586042582988739,-0.031041771173477173,0.4427589774131775,0.568734347820282,-0.03893381729722023,0.4552261233329773,0.5155150294303894,-0.005907741840928793,0.4760516285896301,0.4135921001434326,-0.03052409738302231,0.473945289850235,0.4798901081085205,-0.047789111733436584,0.4630207419395447,0.5399579405784607,-0.055494796484708786,0.42144647240638733,0.503616213798523,-0.010777800343930721,0.43408554792404175,0.3942447900772095,-0.033383987843990326,0.4383091330528259,0.4716690480709076,-0.04403621703386307,0.4332956075668335,0.5327839851379395,-0.046583276242017746,0.3871377110481262,0.5030114650726318,-0.019160611554980278,0.39489930868148804,0.3932022154331207,-0.0372634120285511,0.4064474105834961,0.4612082839012146,-0.03822968155145645,0.40394943952560425,0.5245102047920227,-0.033998459577560425,0.35048118233680725,0.513170599937439,-0.029605338349938393,0.355925589799881,0.4214194416999817,-0.04085135459899902,0.3738272190093994,0.45655691623687744,-0.03963823616504669,0.38015323877334595,0.5064294338226318,-0.03588597849011421
E,0.5020385980606079,0.6976670026779175,-3.0449831456280663e-07,0.566072404384613,0.6977776885032654,-0.017781054601073265,0.6239972114562988,0.636216938495636,-0.02650819718837738,0.6298351883888245,0.5488937497138977,-0.0368390828371048,0.5901142358779907,0.5213134288787842,-0.0445987805724144,0.6082858443260193,0.47075000405311584,-0.011965969577431679,0.6372712254524231,0.3592804968357086,-0.039327021688222885,0.6294583082199097,0.42487794160842896,-0.05750426650047302,0.611868679523468,0.48621174693107605,-0.06524327397346497,0.5735284090042114,0.45153185725212097,-0.014761929400265217,0.5951173305511475,0.3408035635948181,-0.03872575983405113,0.5904872417449951,0.4233841896057129,-0.0480308011174202,0.5801563262939453,0.4859667122364044,-0.04929821193218231,0.5385171175003052,0.4436657726764679,-0.021410822868347168,0.5553179383277893,0.331077516078949,-0.03937691077589989,0.5590975284576416,0.40067920088768005,-0.03797513246536255,0.5512665510177612,0.4646134078502655,-0.03227267786860466,0.5000571012496948,0.44522759318351746,-0.030594710260629654,0.5099160075187683,0.35093486309051514,-0.04126104339957237,0.5232443809509277,0.3868806064128876,-0.038759633898735046,0.5257402658462524,0.43749740719795227,-0.034019868820905685
E,0.3556632101535797,0.6484527587890625,-2.4221924377343385e-07,0.4115244746208191,0.595110297203064,-0.025085367262363434,0.44261085987091064,0.488768994808197,-0.03477872535586357,0.41628894209861755,0.4109053611755371,-0.04541544243693352,0.37159445881843567,0.4192814528942108,-0.052950404584407806,0.3955919146537781,0.35304224491119385,-0.003632569219917059,0.38791424036026,0.24815340340137482,-0.03158380091190338,0.3882255256175995,0.3076392710208893,-0.05136021226644516,0.38880422711372375,0.37789398431777954,-0.05960540473461151,0.3548269271850586,0.36063507199287415,-0.0032558334060013294,0.34086135029792786,0.25494691729545593,-0.0315081849694252,0.34871572256088257,0.32722845673561096,-0.046334076672792435,0.35818469524383545,0.3938344717025757,-0.048818983137607574,0.31871819496154785,0.38047295808792114,-0.008261119946837425,0.2998536229133606,0.28197962045669556,-0.03189893811941147,0.31354108452796936,0.33526039123535156,-0.037498991936445236,0.32551896572113037,0.39785492420196533,-0.0337236151099205,0.28438612818717957,0.4118041396141052,-0.016087256371974945,0.26534199714660645,0.3285621702671051,-0.02891760692000389,0.27951306104660034,0.3500288128852844,-0.02892460860311985,0.29395973682403564,0.39274537563323975,-0.02461465820670128
E,0.17717885971069336,0.7352533340454102,-3.074655410273408e-07,0.2323112189769745,0.7601314783096313,-0.025150004774332047,0.28937768936157227,0.7352502346038818,-0.03796946257352829,0.30098724365234375,0.6661931276321411,-0.05171794444322586,0.2719336450099945,0.614020586013794,-0.06215415149927139,0.3091000020503998,0.5779658555984497,-0.010111486539244652,0.344369113445282,0.4958425760269165,-0.0408419668674469,0.31546974182128906,0.5435968637466431,-0.05966813117265701,0.29055559635162354,0.5903801918029785,-0.06676962971687317,0.27603772282600403,0.5389660000801086,-0.010457093827426434,0.3067091405391693,0.45355886220932007,-0.04087666794657707,0.2780064046382904,0.52362060546875,-0.051826007664203644,0.2633729577064514,0.5741849541664124,-0.05128404498100281,0.24392610788345337,0.5121159553527832,-0.016067178919911385,0.26956984400749207,0.42147377133369446,-0.04147379845380783,0.2502214312553406,0.4896288812160492,-0.03952057659626007,0.2358410358428955,0.5452257990837097,-0.030441883951425552,0.20903249084949493,0.49719205498695374,-0.02451896481215954,0.22770966589450836,0.42281365394592285,-0.0381796732544899,0.2215244024991989,0.46879446506500244,-0.032991599291563034,0.21371719241142273,0.5153825879096985,-0.024517809972167015
E,0.46186569333076477,0.7873172163963318,-2.6976786671184527e-07,0.5276734828948975,0.7511583566665649,-0.01146692968904972,0.5768844485282898,0.6633533835411072,-0.01769549399614334,0.5808743834495544,0.5736702680587769,-0.02717914804816246,0.5393335819244385,0.5653271079063416,-0.03505603224039078,0.5398975610733032,0.5128830075263977,-0.0032868103589862585,0.5563878417015076,0.389198899269104,-0.02717440575361252,0.5621833801269531,0.44829535484313965,-0.04500960186123848,0.5537492036819458,0.5152391791343689,-0.05307897552847862,0.5056008100509644,0.5091491937637329,-0.009037066251039505,0.5107126832008362,0.38541123270988464,-0.030588163062930107,0.523331880569458,0.461039662361145,-0.04210129380226135,0.521937906742096,0.526989221572876,-0.04550592228770256,0.4719650149345398,0.5156502723693848,-0.017969954758882523,0.4724794626235962,0.39624929428100586,-0.033295802772045135,0.49174878001213074,0.4550336003303528,-0.03533438965678215,0.4935210347175598,0.5201116800308228,-0.032781679183244705,0.4356396794319153,0.5302438139915466,-0.028972893953323364,0.4351673424243927,0.42969220876693726,-0.03786366805434227,0.4563251733779907,0.4556388258934021,-0.03685974329710007,0.46589967608451843,0.5049691200256348,-0.033959779888391495
E,0.654752790927887,0.8153855204582214,-2.4536325327062514e-07,0.7322278618812561,0.727691650390625,0.01818666234612465,0.7656135559082031,0.6458126306533813,0.011362111195921898,0.7922617793083191,0.600243330001831,-0.004660827107727528,0.7962507605552673,0.5817908644676208,-0.01985262893140316,0.6810227632522583,0.47652366757392883,-0.004334829747676849,0.7534792423248291,0.4014512896537781,-0.0290916059166193,0.7911266088485718,0.4791106581687927,-0.04601605609059334,0.7930975556373596,0.5422323942184448,-0.055601224303245544,0.6631726026535034,0.49357491731643677,-0.030852317810058594,0.7488531470298767,0.42077383399009705,-0.05059508606791496,0.7877278923988342,0.5092631578445435,-0.05960262939333916,0.7829726934432983,0.5673606991767883,-0.06538624316453934,0.6568595170974731,0.5359272956848145,-0.05656003952026367,0.7322380542755127,0.45654866099357605,-0.07383932173252106,0.7742987275123596,0.5315975546836853,-0.0702802762389183,0.7766141295433044,0.588702917098999,-0.06627041101455688,0.6622790694236755,0.5969436764717102,-0.08108669519424438,0.7155582308769226,0.5185525417327881,-0.09270012378692627,0.7575854659080505,0.5459241271018982,-0.08560346812009811,0.7765243649482727,0.5863021612167358,-0.07897644490003586
E,0.3867998719215393,0.5593037009239197,-1.9324676259202533e-07,0.4454873502254486,0.532188892364502,-0.024161426350474358,0.48940861225128174,0.4454195201396942,-0.033694952726364136,0.4774154722690582,0.35639628767967224,-0.04440208151936531,0.4344850182533264,0.3367086350917816,-0.052798569202423096,0.4616139531135559,0.3083164393901825,-0.004189465194940567,0.4683196246623993,0.1995479017496109,-0.029453270137310028,0.4618527889251709,0.24057385325431824,-0.048692356795072556,0.4528701603412628,0.30662864446640015,-0.05708290636539459,0.42351943254470825,0.2992488145828247,-0.0034366766922175884,0.42006081342697144,0.18847841024398804,-0.03019327111542225,0.4205932915210724,0.2481764853000641,-0.04748769849538803,0.4230545163154602,0.3147086799144745,-0.0525917112827301,0.38873520493507385,0.30134955048561096,-0.007495713885873556,0.3819887042045593,0.1950080394744873,-0.028794841840863228,0.38931605219841003,0.23525379598140717,-0.039150387048721313,0.39346277713775635,0.2999884784221649,-0.039912763983011246,0.35450980067253113,0.31396058201789856,-0.014312835410237312,0.3461211323738098,0.22453832626342773,-0.02679164707660675,0.3577776551246643,0.23446965217590332,-0.03168882429599762,0.3685460388660431,0.2779155969619751,-0.031806278973817825
E,0.1665956974029541,0.91401207447052,-3.3234599072784476e-07,0.22603005170822144,0.8601380586624146,-0.01708262972533703,0.26954567432403564,0.76996910572052,-0.026527803391218185,0.2521863579750061,0.6977528929710388,-0.0378904789686203,0.20753034949302673,0.7002547383308411,-0.046330247074365616,0.22260408103466034,0.6304765343666077,-0.008804630488157272,0.2221379429101944,0.5202867388725281,-0.03773463889956474,0.22496522963047028,0.5937284231185913,-0.054294757544994354,0.22603671252727509,0.6566945314407349,-0.06045927107334137,0.18061043322086334,0.6364315748214722,-0.012898014858365059,0.17569424211978912,0.5310654640197754,-0.03961395472288132,0.18369926512241364,0.6225318312644958,-0.046651098877191544,0.1898391842842102,0.6806111931800842,-0.0449589379131794,0.14311867952346802,0.6537227630615234,-0.021254651248455048,0.13328012824058533,0.5506356358528137,-0.04397013410925865,0.14827373623847961,0.6291825771331787,-0.038416750729084015,0.15722253918647766,0.688275158405304,-0.028041500598192215,0.10633740574121475,0.6837764382362366,-0.0318174883723259,0.09394577145576477,0.5985782742500305,-0.04410824552178383,0.11362424492835999,0.6385593414306641,-0.036873042583465576,0.12972229719161987,0.684984564781189,-0.027387579903006554
E,0.3742053210735321,0.8489770293235779,-3.903941774296982e-07,0.4414944648742676,0.8143256902694702,-0.00878129992634058,0.49453210830688477,0.732016384601593,-0.018047500401735306,0.511772871017456,0.6596180200576782,-0.0316074974834919,0.4728151857852936,0.666545033454895,-0.0419887937605381,0.4635859429836273,0.5723366141319275,-0.008830890990793705,0.47945353388786316,0.4641034007072449,-0.04047083482146263,0.48417341709136963,0.5618187189102173,-0.059658076614141464,0.47818678617477417,0.6326286196708679,-0.06750241667032242,0.42581531405448914,0.5786565542221069,-0.019919153302907944,0.43399691581726074,0.47064876556396484,-0.050809264183044434,0.449533075094223,0.5790055990219116,-0.06077268347144127,0.44928187131881714,0.64560866355896,-0.06143463775515556,0.38852325081825256,0.5944412350654602,-0.03438287600874901,0.3919956386089325,0.48773932456970215,-0.058770593255758286,0.4169694185256958,0.5841695666313171,-0.05588769167661667,0.42278075218200684,0.6518097519874573,-0.0478796511888504,0.3512929081916809,0.6231797933578491,-0.05056826397776604,0.35686302185058594,0.5347878932952881,-0.06421731412410736,0.38435399532318115,0.5918828248977661,-0.06010719761252403,0.3975716531276703,0.650679349899292,-0.053798530250787735
E,0.24565182626247406,0.5759392976760864,-1.9360814462743292e-07,0.3073212206363678,0.5444560050964355,-0.020905114710330963,0.3521285653114319,0.4600715637207031,-0.029459329321980476,0.3427380323410034,0.37916314601898193,-0.039641838520765305,0.30075424909591675,0.3739011883735657,-0.04776386916637421,0.31333282589912415,0.3187296688556671,-0.005046927835792303,0.3220084011554718,0.20757047832012177,-0.03199620172381401,0.3217725455760956,0.2608228921890259,-0.0515764094889164,0.3168822228908539,0.3276824951171875,-0.06016090512275696,0.27573806047439575,0.3135232627391815,-0.006294459570199251,0.27727842330932617,0.20198355615139008,-0.034162458032369614,0.28207212686538696,0.2700309455394745,-0.0504433698952198,0.2835025191307068,0.34034669399261475,-0.055313125252723694,0.23976922035217285,0.31930920481681824,-0.012145569548010826,0.2352120727300644,0.2020190805196762,-0.03428350389003754,0.24652345478534698,0.2524757981300354,-0.04245303198695183,0.25101563334465027,0.3219376802444458,-0.04197068512439728,0.20307409763336182,0.3360156714916229,-0.0204345490783453,0.19487448036670685,0.24602478742599487,-0.03360031172633171,0.21028277277946472,0.26304811239242554,-0.037478506565093994,0.22202293574810028,0.30836865305900574,-0.037070877850055695
E,0.22953461110591888,0.705824077129364,-4.341756039139e-07,0.2856457233428955,0.687096357345581,-0.03866605460643768,0.3233933448791504,0.6054259538650513,-0.05325067415833473,0.2919430434703827,0.5290316343307495,-0.06557486951351166,0.2515217959880829,0.4888351559638977,-0.07405620068311691,0.3132544457912445,0.4375527799129486,-0.021109776571393013,0.30300241708755493,0.31840357184410095,-0.05523227900266647,0.27031341195106506,0.37298357486724854,-0.07746114581823349,0.2596830427646637,0.4430002272129059,-0.08734715729951859,0.2681293189525604,0.42181167006492615,-0.01582798920571804,0.2571776211261749,0.2988821864128113,-0.054075732827186584,0.22617770731449127,0.38081908226013184,-0.07396603375673294,0.2270640730857849,0.45575395226478577,-0.07756359875202179,0.22980619966983795,0.4188327491283417,-0.01677687093615532,0.21937334537506104,0.3080364465713501,-0.05049052834510803,0.1978292167186737,0.3755464553833008,-0.061781931668519974,0.20085690915584564,0.4482877850532532,-0.05899415910243988,0.19767436385154724,0.4339538812637329,-0.021002789959311485,0.17911960184574127,0.346329927444458,-0.04237661883234978,0.1712016612291336,0.3829661011695862,-0.047393664717674255,0.17966368794441223,0.4381551146507263,-0.044492341578006744
E,0.4270813763141632,0.8628736734390259,-2.991276630837092e-07,0.4994393289089203,0.8125854134559631,-0.008440729230642319,0.5505467653274536,0.7051945924758911,-0.012968887574970722,0.5561656951904297,0.609653651714325,-0.021885905414819717,0.511407732963562,0.6138330698013306,-0.029122719541192055,0.502979576587677,0.5482470393180847,0.004010356962680817,0.5155476331710815,0.4246569871902466,-0.02094190940260887,0.5303739905357361,0.49114924669265747,-0.04144087806344032,0.5272632241249084,0.5640184283256531,-0.05120193958282471,0.46841925382614136,0.5491783618927002,-0.004469533450901508,0.4717598259449005,0.4214598536491394,-0.028126737102866173,0.4953134059906006,0.503297746181488,-0.04288000985980034,0.4966605603694916,0.5785104036331177,-0.047981347888708115,0.43418753147125244,0.5609506368637085,-0.01635165698826313,0.4321235716342926,0.4355527460575104,-0.03386184945702553,0.46188923716545105,0.5001247525215149,-0.03891929239034653,0.4678957164287567,0.5728732347488403,-0.0376712828874588,0.3975187838077545,0.5832770466804504,-0.03015103191137314,0.39617252349853516,0.47570446133613586,-0.04080771654844284,0.42464274168014526,0.502446174621582,-0.041784610599279404,0.4394022822380066,0.553872287273407,-0.04010290279984474
E,0.3683561682701111,0.8643091917037964,-4.209465771509713e-07,0.45084431767463684,0.8362011313438416,-0.024442307651042938,0.5141360759735107,0.7351401448249817,-0.03423507139086723,0.50407475233078,0.6258954405784607,-0.04673044756054878,0.4479629695415497,0.6139108538627625,-0.0560636892914772,0.47915682196617126,0.5386143922805786,-0.004286762792617083,0.4936041831970215,0.39252907037734985,-0.03748198226094246,0.48382166028022766,0.4756994843482971,-0.05971235781908035,0.4742426872253418,0.5597421526908875,-0.06951199471950531,0.43143385648727417,0.5235549807548523,-0.007620054297149181,0.441823810338974,0.3790791630744934,-0.040207989513874054,0.4354597330093384,0.48640453815460205,-0.054270338267087936,0.4330984652042389,0.5691609978675842,-0.055937062948942184,0.3860795795917511,0.5238617062568665,-0.016901273280382156,0.3884739875793457,0.3741738200187683,-0.04389401525259018,0.3921736478805542,0.4664168953895569,-0.04527532309293747,0.3920212686061859,0.5542283058166504,-0.038213569670915604,0.3389235734939575,0.5411171913146973,-0.029376253485679626,0.33586516976356506,0.41723474860191345,-0.04518425464630127,0.3488803505897522,0.4646495580673218,-0.04289279878139496,0.3561953902244568,0.5350688695907593,-0.036664992570877075
F,0.23248828947544098,0.9480218887329102,1.4326332120617735e-07,0.2911156117916107,0.9082282781600952,-0.028681309893727303,0.34400007128715515,0.8255478739738464,-0.0463438518345356,0.3643743693828583,0.7371619939804077,-0.0657966285943985,0.33364206552505493,0.6661446690559387,-0.0824294239282608,0.32162657380104065,0.6365638375282288,-0.006286561489105225,0.3475169539451599,0.5329437851905823,-0.047230351716279984,0.3430345058441162,0.5713937282562256,-0.08170526474714279,0.33189475536346436,0.6308188438415527,-0.09781702607870102,0.2803657650947571,0.6071277856826782,-0.010554322972893715,0.2956148087978363,0.46309196949005127,-0.029160644859075546,0.29695582389831543,0.3778155446052551,-0.05003807693719864,0.2988930940628052,0.2936956286430359,-0.06528624892234802,0.2406008392572403,0.6138085126876831,-0.022652389481663704,0.2521478533744812,0.4818776249885559,-0.038172267377376556,0.2567507028579712,0.3951573371887207,-0.051612354815006256,0.26163846254348755,0.3138454854488373,-0.061165209859609604,0.19872842729091644,0.6492972373962402,-0.03897269815206528,0.20742672681808472,0.5435053110122681,-0.04757996276021004,0.21403014659881592,0.4726065695285797,-0.049275144934654236,0.22257916629314423,0.4050773084163666,-0.05081408470869064
F,0.2510414719581604,0.9354187250137329,2.1039925002241944e-07,0.3070265054702759,0.8860980868339539,-0.022760804742574692,0.34872549772262573,0.8111578822135925,-0.03595998138189316,0.36025911569595337,0.733654260635376,-0.05111582949757576,0.3371199369430542,0.665943443775177,-0.06385533511638641,0.32816973328590393,0.6472193598747253,0.0006309353047981858,0.3476181924343109,0.5466888546943665,-0.03410708159208298,0.34777113795280457,0.571534276008606,-0.06456863880157471,0.34218648076057434,0.6215079426765442,-0.07866563647985458,0.29015302658081055,0.6216849088668823,-0.0036317440681159496,0.30432721972465515,0.4830464720726013,-0.019687287509441376,0.30813801288604736,0.4037140905857086,-0.03807743266224861,0.3111843764781952,0.33530133962631226,-0.05093442648649216,0.2518353760242462,0.6267536282539368,-0.015034115873277187,0.2614767253398895,0.5022788643836975,-0.02880622074007988,0.26755931973457336,0.4231184720993042,-0.04100542888045311,0.2744351923465729,0.3549734354019165,-0.048979781568050385,0.21151281893253326,0.6579946279525757,-0.02989320084452629,0.2193368524312973,0.559439480304718,-0.036804232746362686,0.22712163627147675,0.49656128883361816,-0.0371297150850296,0.2374994307756424,0.4386599361896515,-0.03735997527837753
F,0.3906254172325134,0.9449411034584045,-6.5047305319865245e-09,0.43352362513542175,0.9081779718399048,-0.032400935888290405,0.4623737633228302,0.8180766105651855,-0.048356518149375916,0.4452848732471466,0.7445014715194702,-0.0637536570429802,0.4139915108680725,0.6887242794036865,-0.07441551238298416,0.45469069480895996,0.6320955157279968,-0.0126646151766181,0.4570508301258087,0.5285152792930603,-0.04995402693748474,0.43860945105552673,0.5920191407203674,-0.08116298168897629,0.4212374687194824,0.6625062823295593,-0.09595455229282379,0.41542884707450867,0.6081392168998718,-0.012225767597556114,0.4115893840789795,0.4689810872077942,-0.0297221876680851,0.404369056224823,0.38437238335609436,-0.04778272658586502,0.39867591857910156,0.2976706922054291,-0.060766011476516724,0.3796255886554718,0.617533266544342,-0.01923905313014984,0.3754193186759949,0.49257218837738037,-0.03262880817055702,0.3713252544403076,0.4130299687385559,-0.04208909720182419,0.3686384856700897,0.33185452222824097,-0.04811811074614525,0.34629687666893005,0.6548232436180115,-0.030728425830602646,0.3432448208332062,0.5508390665054321,-0.03597284108400345,0.34388983249664307,0.4889286160469055,-0.03345893695950508,0.3469434678554535,0.42814522981643677,-0.031428080052137375
F,0.17644470930099487,0.8183726072311401,2.529721143673669e-07,0.23088130354881287,0.7732179164886475,-0.013414698652923107,0.2745113670825958,0.7036967277526855,-0.020749934017658234,0.30324068665504456,0.647314727306366,-0.03092344105243683,0.30781257152557373,0.5900365114212036,-0.03926755115389824,0.2388683408498764,0.5617598295211792,0.005558514501899481,0.27333950996398926,0.4853273332118988,-0.02631809376180172,0.29065844416618347,0.5209161639213562,-0.055696338415145874,0.29654014110565186,0.5710497498512268,-0.0696885734796524,0.2115730494260788,0.5416646599769592,-0.0020046699792146683,0.2332373708486557,0.42634904384613037,-0.01614152267575264,0.24689707159996033,0.3562780022621155,-0.034965917468070984,0.2568143904209137,0.29393720626831055,-0.048861339688301086,0.18302401900291443,0.5508105158805847,-0.015532017685472965,0.1955171525478363,0.4454185962677002,-0.028790390118956566,0.20310939848423004,0.37803924083709717,-0.041174449026584625,0.21045081317424774,0.31839051842689514,-0.04934333637356758,0.15247395634651184,0.5812751054763794,-0.03156832233071327,0.1630341112613678,0.49523934721946716,-0.03999177739024162,0.17137135565280914,0.44081079959869385,-0.04096383601427078,0.18084868788719177,0.3920731842517853,-0.04125434532761574
F,0.38279813528060913,0.8455213308334351,2.4095643880173157e-07,0.4366197884082794,0.8007001280784607,-0.02098574861884117,0.4767974019050598,0.7323094010353088,-0.033928316086530685,0.496818482875824,0.6595690250396729,-0.04894397780299187,0.4771724343299866,0.5965611338615417,-0.0623442567884922,0.45594242215156555,0.5848569869995117,-0.0025361361913383007,0.4772648811340332,0.4951302409172058,-0.03742068633437157,0.47939354181289673,0.5209274888038635,-0.06779198348522186,0.47495004534721375,0.5670480728149414,-0.08223416656255722,0.420305460691452,0.5588138103485107,-0.007560105994343758,0.4352388381958008,0.4336322844028473,-0.024422144517302513,0.4438726305961609,0.3586788773536682,-0.043131932616233826,0.4507888853549957,0.2867208421230316,-0.05662854015827179,0.384522020816803,0.5617764592170715,-0.01909712329506874,0.39323094487190247,0.4494674801826477,-0.034036703407764435,0.3986562192440033,0.3755256235599518,-0.045802030712366104,0.40486305952072144,0.3088853657245636,-0.053370945155620575,0.34639936685562134,0.5883408784866333,-0.03382178023457527,0.3533182144165039,0.4962822496891022,-0.04187644273042679,0.3609873950481415,0.4371200203895569,-0.042369283735752106,0.3712405264377594,0.38231074810028076,-0.042664870619773865
F,0.3613363206386566,0.8373286724090576,1.8762617060019693e-07,0.41907572746276855,0.8012673854827881,-0.02731478027999401,0.4687379002571106,0.7337801456451416,-0.04536832496523857,0.4891219735145569,0.6627178192138672,-0.06449983268976212,0.45705604553222656,0.6181570887565613,-0.08134692162275314,0.4385818839073181,0.5552433133125305,-0.0188505407422781,0.4608656167984009,0.4554976224899292,-0.060704756528139114,0.46122634410858154,0.5059974193572998,-0.09397915750741959,0.4557311534881592,0.5637917518615723,-0.10993350297212601,0.39654186367988586,0.527057945728302,-0.02407214790582657,0.40690067410469055,0.38777080178260803,-0.04824517294764519,0.410047322511673,0.3039560616016388,-0.07209818065166473,0.41162002086639404,0.2172490358352661,-0.0893964096903801,0.35590454936027527,0.53452068567276,-0.0354081392288208,0.3583299517631531,0.40567946434020996,-0.05608847737312317,0.3610025644302368,0.3216603398323059,-0.07256977260112762,0.365407258272171,0.24016085267066956,-0.08328549563884735,0.31562256813049316,0.5698464512825012,-0.05002300441265106,0.3189803957939148,0.4633108377456665,-0.06033071130514145,0.3239526152610779,0.3963437080383301,-0.062843456864357,0.33263731002807617,0.3335036039352417,-0.0649624764919281
F,0.3640788793563843,0.9216657280921936,2.0930123412199464e-07,0.41462668776512146,0.8740065693855286,-0.012310967780649662,0.4452644884586334,0.7971459627151489,-0.01903274841606617,0.4605807662010193,0.7149000763893127,-0.02838762477040291,0.4409455358982086,0.6597411036491394,-0.03679944574832916,0.42223241925239563,0.6952924132347107,0.007578350603580475,0.43370896577835083,0.6091052889823914,-0.016798900440335274,0.4372663199901581,0.6199815273284912,-0.03885052353143692,0.43591776490211487,0.6556500196456909,-0.04874013736844063,0.39258909225463867,0.6766455173492432,0.002931940136477351,0.40319299697875977,0.5652904510498047,-0.00634834636002779,0.40813323855400085,0.49488401412963867,-0.01831718347966671,0.4129449129104614,0.4291386902332306,-0.02703046426177025,0.36365821957588196,0.6784709095954895,-0.006982993800193071,0.36984342336654663,0.5803793668746948,-0.015230090357363224,0.3735693097114563,0.5197876691818237,-0.020927028730511665,0.37828415632247925,0.471633642911911,-0.02455015853047371,0.3334812521934509,0.6964685916900635,-0.019484909251332283,0.33971676230430603,0.6147462725639343,-0.02332017570734024,0.34722253680229187,0.5650373101234436,-0.02093900740146637,0.356711745262146,0.5250864028930664,-0.019054897129535675
F,0.2535416781902313,0.8984160423278809,2.9816104074598115e-07,0.311100035905838,0.8503119349479675,-0.018412617966532707,0.35061416029930115,0.7779194712638855,-0.0285312682390213,0.3691152334213257,0.6948877573013306,-0.04130732640624046,0.34558597207069397,0.6358635425567627,-0.052093081176280975,0.3300459384918213,0.6520798206329346,0.010411528870463371,0.34879040718078613,0.5615251064300537,-0.016132740303874016,0.35160452127456665,0.5711938142776489,-0.039246030151844025,0.3483450710773468,0.6074931621551514,-0.048391714692115784,0.29586753249168396,0.6289500594139099,0.007698866073042154,0.3116424083709717,0.5136345624923706,-0.0006953699630685151,0.3181284964084625,0.4439156651496887,-0.009963787160813808,0.324383407831192,0.37990039587020874,-0.015474794432520866,0.2617107033729553,0.6284084320068359,-0.0018776811193674803,0.2732078433036804,0.5245178937911987,-0.009896617382764816,0.2821207344532013,0.45856723189353943,-0.012235020287334919,0.2905641496181488,0.40692970156669617,-0.012238800525665283,0.22529812157154083,0.6452973484992981,-0.014980060048401356,0.23618605732917786,0.5603179335594177,-0.017705796286463737,0.2464105486869812,0.5084694623947144,-0.012240086682140827,0.258196622133255,0.4667782187461853,-0.006963667459785938
F,0.18863454461097717,0.9417127966880798,-3.062768172412689e-08,0.22744101285934448,0.9071358442306519,-0.04134267941117287,0.25477680563926697,0.8215636610984802,-0.06170141324400902,0.23192140460014343,0.7366060614585876,-0.07925811409950256,0.20095683634281158,0.6714382171630859,-0.09254316985607147,0.2739998698234558,0.6447651386260986,-0.019821055233478546,0.2540545165538788,0.5436861515045166,-0.05617588013410568,0.22668728232383728,0.599143922328949,-0.08835771679878235,0.2119416892528534,0.664833664894104,-0.1060304269194603,0.2338055521249771,0.6133883595466614,-0.01585150882601738,0.2267041951417923,0.47287437319755554,-0.03560708090662956,0.2145976573228836,0.38914090394973755,-0.05796704813838005,0.2097679078578949,0.30547812581062317,-0.07532917708158493,0.1959342360496521,0.6180005073547363,-0.019543161615729332,0.19610626995563507,0.49095967411994934,-0.0372626967728138,0.19430482387542725,0.4058734178543091,-0.05307140573859215,0.1977071762084961,0.3220350742340088,-0.0643933042883873,0.16024695336818695,0.6497993469238281,-0.02785838395357132,0.16121459007263184,0.5450423955917358,-0.03772760182619095,0.1628057062625885,0.4827360510826111,-0.04056054353713989,0.16745112836360931,0.419048011302948,-0.04341750591993332
F,0.44394004344940186,0.8493313789367676,2.3566248330553208e-07,0.49538087844848633,0.8035559058189392,-0.017855143174529076,0.5341857671737671,0.7402278780937195,-0.02908671461045742,0.5615096092224121,0.6830242276191711,-0.04280811920762062,0.5558501482009888,0.6288521885871887,-0.054337769746780396,0.5028882026672363,0.6026583313941956,1.3810482414555736e-05,0.5298210978507996,0.5271262526512146,-0.03506029024720192,0.541425883769989,0.5738108158111572,-0.06522393971681595,0.5430641770362854,0.6268724799156189,-0.07912284880876541,0.4736979305744171,0.5801695585250854,-0.006227455101907253,0.49193477630615234,0.4676457643508911,-0.022961964830756187,0.5047341585159302,0.3997444212436676,-0.040699709206819534,0.5148360133171082,0.3336237668991089,-0.05314011871814728,0.44299381971359253,0.5850611925125122,-0.019138861447572708,0.4532066285610199,0.47579002380371094,-0.03488078713417053,0.46178433299064636,0.40608054399490356,-0.04688261076807976,0.47115862369537354,0.3424432873725891,-0.053896598517894745,0.41062355041503906,0.612104058265686,-0.03491765633225441,0.4185050129890442,0.5243969559669495,-0.04350275918841362,0.42678672075271606,0.46799522638320923,-0.04435636103153229,0.4375922977924347,0.41733455657958984,-0.04442010074853897
F,0.2721387445926666,0.9405765533447266,2.0620736052023858e-07,0.32274937629699707,0.8853783011436462,-0.01963972859084606,0.3580097556114197,0.8137379288673401,-0.03268691524863243,0.3738093078136444,0.7430610060691833,-0.04829218238592148,0.35455894470214844,0.6889809966087341,-0.061509136110544205,0.33089759945869446,0.6725189089775085,0.0026498364750295877,0.34374764561653137,0.5867421627044678,-0.03005245141685009,0.3448164463043213,0.6184278726577759,-0.05776521936058998,0.34114980697631836,0.6667596697807312,-0.07002254575490952,0.2954276502132416,0.6552723050117493,-0.002237894805148244,0.30632781982421875,0.5387077927589417,-0.015951910987496376,0.31043529510498047,0.47278833389282227,-0.029488010331988335,0.3141130208969116,0.40970438718795776,-0.03856668993830681,0.2612326145172119,0.6644117832183838,-0.014191016554832458,0.26479336619377136,0.5570206642150879,-0.025957170873880386,0.26765644550323486,0.48621314764022827,-0.03361362963914871,0.2722466289997101,0.4223274290561676,-0.03814008831977844,0.2267727553844452,0.6971167922019958,-0.029611827805638313,0.22876238822937012,0.6090061068534851,-0.03503898158669472,0.2330697774887085,0.5508047938346863,-0.03365157172083855,0.24024319648742676,0.4976454973220825,-0.03233880177140236
F,0.3879169225692749,0.7915796041488647,1.4785665314320795e-07,0.4347905218601227,0.7474530935287476,-0.019735103473067284,0.46818920969963074,0.6727015972137451,-0.030133742839097977,0.47821253538131714,0.596156895160675,-0.04222973436117172,0.4593932628631592,0.5339881181716919,-0.05207034945487976,0.4570397436618805,0.5525937080383301,0.002193833701312542,0.4711386561393738,0.4684797525405884,-0.028996624052524567,0.4704062342643738,0.5009316802024841,-0.055425047874450684,0.465958833694458,0.5488267540931702,-0.06719119846820831,0.4267619550228119,0.5300887227058411,-0.0009807735914364457,0.4409467577934265,0.41668397188186646,-0.014500407502055168,0.4462616443634033,0.34906333684921265,-0.02854730747640133,0.4503667652606964,0.2857440114021301,-0.03807946294546127,0.39574170112609863,0.5334526300430298,-0.01086988765746355,0.4026481807231903,0.43098852038383484,-0.02358299493789673,0.40704837441444397,0.3643679618835449,-0.032339707016944885,0.41183435916900635,0.30534830689430237,-0.03732415288686752,0.36215800046920776,0.5580927133560181,-0.023833341896533966,0.36731186509132385,0.47560474276542664,-0.03020571731030941,0.37354776263237,0.4223811626434326,-0.029731787741184235,0.3813534080982208,0.37294870615005493,-0.029072536155581474
F,0.46777623891830444,0.7789424061775208,2.0713333981348114e-07,0.51540607213974,0.7484416961669922,-0.012340147979557514,0.5523977279663086,0.6936325430870056,-0.02039109729230404,0.5791065096855164,0.6545001268386841,-0.030886724591255188,0.5898052453994751,0.6138980388641357,-0.03955310955643654,0.5304175019264221,0.5612753033638,-0.0009129192330874503,0.5646073818206787,0.49823033809661865,-0.031764328479766846,0.5762144923210144,0.546978235244751,-0.05817095562815666,0.5759323835372925,0.5975158214569092,-0.07024208456277847,0.5069442987442017,0.536267876625061,-0.007991963066160679,0.5318470001220703,0.43550267815589905,-0.022191889584064484,0.5503056049346924,0.3789207637310028,-0.037985362112522125,0.5645314455032349,0.32451072335243225,-0.049304526299238205,0.480350136756897,0.5384032726287842,-0.020357631146907806,0.4948404133319855,0.4358655512332916,-0.033563122153282166,0.5062370300292969,0.3721422553062439,-0.04518415406346321,0.5173758268356323,0.31415650248527527,-0.05249081552028656,0.4516921043395996,0.5609259605407715,-0.03471562638878822,0.4610241949558258,0.48005902767181396,-0.042084794491529465,0.4710124731063843,0.42761749029159546,-0.043030817061662674,0.4831199645996094,0.3817581832408905,-0.0432872511446476
F,0.5434825420379639,0.7858672738075256,2.744735922988184e-07,0.5984581708908081,0.7511369585990906,-0.024537857621908188,0.6411272883415222,0.6829365491867065,-0.03979131579399109,0.6659270524978638,0.6082050800323486,-0.05675297603011131,0.6512460112571716,0.5358616709709167,-0.07199311256408691,0.6243352293968201,0.5270007848739624,-0.010044275783002377,0.650078296661377,0.4279248118400574,-0.04740478843450546,0.6526955962181091,0.45311439037323,-0.07785625010728836,0.6463456153869629,0.5003968477249146,-0.09161935746669769,0.5893875360488892,0.4972326159477234,-0.013766756281256676,0.6117956042289734,0.37061405181884766,-0.032389480620622635,0.6242578029632568,0.2928451895713806,-0.05138567090034485,0.6343138813972473,0.2179189920425415,-0.06477601081132889,0.5533868670463562,0.49661052227020264,-0.024210350587964058,0.5632392764091492,0.37864112854003906,-0.04028385877609253,0.5698691606521606,0.298969030380249,-0.053645286709070206,0.5778360962867737,0.22849491238594055,-0.062413495033979416,0.514747142791748,0.5209806561470032,-0.03807656839489937,0.5216226577758789,0.42647606134414673,-0.04729926213622093,0.5293111205101013,0.3639041483402252,-0.049756377935409546,0.5400424003601074,0.3068150579929352,-0.051544200628995895
F,0.25336968898773193,0.8361432552337646,1.450022750759672e-07,0.3026449382305145,0.792335569858551,-0.024639569222927094,0.3357977271080017,0.7159793376922607,-0.0372328944504261,0.3370380699634552,0.6323227286338806,-0.050748035311698914,0.31417810916900635,0.5632797479629517,-0.06148940324783325,0.3298707604408264,0.5802908539772034,0.0007675772649236023,0.34459733963012695,0.49121221899986267,-0.03020746447145939,0.33481085300445557,0.5192232131958008,-0.0576976053416729,0.3223505914211273,0.5659120678901672,-0.0707390159368515,0.29584360122680664,0.552768886089325,-0.00013374780246522278,0.3082246482372284,0.4332483410835266,-0.013200647197663784,0.3086296021938324,0.3615618944168091,-0.02877531386911869,0.3098413944244385,0.2959955632686615,-0.03991968557238579,0.2622590959072113,0.5551788806915283,-0.008128765970468521,0.2673494219779968,0.4481441378593445,-0.01991409622132778,0.26744797825813293,0.3796747326850891,-0.029322074726223946,0.26908642053604126,0.31984853744506836,-0.035375237464904785,0.22702351212501526,0.5811470746994019,-0.019701266661286354,0.23177605867385864,0.49580568075180054,-0.02551937662065029,0.2368946522474289,0.4420759081840515,-0.024997178465127945,0.2438669204711914,0.39261654019355774,-0.024541186168789864
F,0.2997545003890991,0.842167854309082,1.784981833452548e-07,0.3458900451660156,0.7995982766151428,-0.01744024269282818,0.37644582986831665,0.7349820137023926,-0.02839052863419056,0.3874702751636505,0.6692603826522827,-0.04142910987138748,0.3712507486343384,0.6119001507759094,-0.052535198628902435,0.35794544219970703,0.6059137582778931,-0.0006550191319547594,0.37283214926719666,0.5210450291633606,-0.03083122707903385,0.37287551164627075,0.5471209287643433,-0.05660974234342575,0.3671266436576843,0.5913224220275879,-0.06830041855573654,0.3263639509677887,0.5871089100837708,-0.004286943934857845,0.3370659351348877,0.47722476720809937,-0.01769617199897766,0.3442654311656952,0.4141771197319031,-0.03173710033297539,0.3504447638988495,0.3546935021877289,-0.04155401885509491,0.29537433385849,0.5924488306045532,-0.013816345483064651,0.29833364486694336,0.4919193387031555,-0.025028403848409653,0.3012545108795166,0.4256369173526764,-0.03325876593589783,0.3053356409072876,0.36678099632263184,-0.03842654451727867,0.26445505023002625,0.6191060543060303,-0.026249906048178673,0.26664531230926514,0.5367644429206848,-0.0319720059633255,0.27136844396591187,0.4827381670475006,-0.03163307532668114,0.2788425087928772,0.43261024355888367,-0.031157994642853737
F,0.3696085810661316,0.7210538387298584,2.3684616223818011e-07,0.4211181700229645,0.6995140314102173,-0.027295077219605446,0.46537238359451294,0.6501113176345825,-0.04733382165431976,0.49263566732406616,0.6093118190765381,-0.06843268871307373,0.47924143075942993,0.5807106494903564,-0.08664285391569138,0.4441087543964386,0.4754267632961273,-0.025381382554769516,0.4733656942844391,0.4016360640525818,-0.06796911358833313,0.4728994071483612,0.4729478657245636,-0.0995173379778862,0.46313023567199707,0.5313071012496948,-0.11402662098407745,0.4064549505710602,0.44950422644615173,-0.03078141249716282,0.4236404597759247,0.33262237906455994,-0.05738202854990959,0.43378645181655884,0.26453787088394165,-0.0785200372338295,0.43991947174072266,0.18763357400894165,-0.09283817559480667,0.367052286863327,0.4573920667171478,-0.042195212095975876,0.3698500990867615,0.3450799286365509,-0.06502602249383926,0.3743857145309448,0.2719447612762451,-0.07994550466537476,0.38084089756011963,0.19571825861930847,-0.08854113519191742,0.3283275365829468,0.48999494314193726,-0.05659625306725502,0.32937824726104736,0.39555612206459045,-0.0682760700583458,0.33391129970550537,0.3345937132835388,-0.0709657222032547,0.3430308699607849,0.2767033576965332,-0.07262367010116577
F,0.40615954995155334,0.9114142656326294,2.4566259071434615e-07,0.45659902691841125,0.8719116449356079,-0.01849166303873062,0.4951598644256592,0.8042386174201965,-0.0300164632499218,0.5164809823036194,0.7329059839248657,-0.0434880293905735,0.5012224912643433,0.6741269826889038,-0.05555520951747894,0.4742412269115448,0.6723316311836243,-0.0023489966988563538,0.4937388002872467,0.5844240188598633,-0.03295966237783432,0.49772942066192627,0.6056354641914368,-0.058946702629327774,0.4950714111328125,0.6487149000167847,-0.07079052925109863,0.4426101744174957,0.6486939787864685,-0.006392586976289749,0.4604940414428711,0.5364140868186951,-0.020353766158223152,0.47136467695236206,0.4698771834373474,-0.035420939326286316,0.4806870222091675,0.405994713306427,-0.046078190207481384,0.4108142852783203,0.6498363018035889,-0.01638057455420494,0.4192694425582886,0.5434746742248535,-0.02928568795323372,0.42524778842926025,0.47307541966438293,-0.03999064490199089,0.4316217601299286,0.4119218587875366,-0.04693428426980972,0.37756675481796265,0.6720972061157227,-0.02914724126458168,0.38547924160957336,0.5861911177635193,-0.036103103309869766,0.3919019401073456,0.5345630645751953,-0.03679080307483673,0.3993804454803467,0.48948824405670166,-0.03727558255195618
F,0.5255759358406067,0.9260864853858948,1.958766091547659e-07,0.587401807308197,0.9102263450622559,-0.03363748639822006,0.6481876969337463,0.8582727909088135,-0.053201112896203995,0.6526204943656921,0.7816916704177856,-0.07310185581445694,0.6284160614013672,0.713132917881012,-0.09004364907741547,0.6415784955024719,0.6667562127113342,-0.012735343538224697,0.6640273332595825,0.5761328935623169,-0.055334389209747314,0.6514163613319397,0.6175220608711243,-0.09081761538982391,0.6334119439125061,0.6768323183059692,-0.10711943358182907,0.6018967628479004,0.6258511543273926,-0.012871750630438328,0.6277199983596802,0.5020439028739929,-0.033495619893074036,0.6411563158035278,0.42484673857688904,-0.05553680658340454,0.6562922596931458,0.3479381501674652,-0.07092120498418808,0.563034176826477,0.6177396774291992,-0.020987041294574738,0.577960729598999,0.5002753734588623,-0.038893625140190125,0.5868749022483826,0.42175212502479553,-0.054093267768621445,0.5987062454223633,0.350185364484787,-0.0634927973151207,0.5191093683242798,0.6397975087165833,-0.03337704762816429,0.5319470763206482,0.5404419898986816,-0.04210497811436653,0.541344940662384,0.47901564836502075,-0.0439632311463356,0.55355304479599,0.4214581251144409,-0.045054011046886444
F,0.2871735692024231,0.8191416263580322,2.2003325739206048e-07,0.3357338309288025,0.7856295108795166,-0.01236604992300272,0.3719155490398407,0.7333054542541504,-0.019298847764730453,0.39579862356185913,0.6866858005523682,-0.028873508796095848,0.39930492639541626,0.6378863453865051,-0.03707361966371536,0.34988322854042053,0.6143285036087036,0.005996231455355883,0.37815696001052856,0.5487372279167175,-0.021915942430496216,0.39026546478271484,0.5819967985153198,-0.04778840392827988,0.3922842741012573,0.6264265179634094,-0.059771183878183365,0.32805269956588745,0.5936452150344849,0.0004963176907040179,0.35198524594306946,0.5005962252616882,-0.011570700444281101,0.36657509207725525,0.44285959005355835,-0.027855297550559044,0.37759727239608765,0.3900269865989685,-0.03971093147993088,0.30301913619041443,0.5939534902572632,-0.01040717028081417,0.3199827969074249,0.503385066986084,-0.020826365798711777,0.3309338688850403,0.44290679693222046,-0.03141564503312111,0.3413969874382019,0.3908715844154358,-0.038239505141973495,0.2738865911960602,0.6106944680213928,-0.023678774014115334,0.2850109934806824,0.5363004803657532,-0.029088707640767097,0.2937797009944916,0.48676976561546326,-0.029598303139209747,0.30420151352882385,0.4431917667388916,-0.029705308377742767
F,0.2198546826839447,0.8220260143280029,2.097261670996886e-07,0.2661537826061249,0.7753613591194153,-0.023455170914530754,0.2974364757537842,0.7082472443580627,-0.036836378276348114,0.3026295602321625,0.6363638639450073,-0.05145322531461716,0.27748221158981323,0.5798838138580322,-0.06381440162658691,0.2792278528213501,0.5819650888442993,-0.0015189516125246882,0.2949778139591217,0.4979557394981384,-0.03201035037636757,0.29217031598091125,0.5199660658836365,-0.05798810347914696,0.2839256525039673,0.5575905442237854,-0.06989264488220215,0.24733439087867737,0.5620882511138916,-0.0031756258103996515,0.258924663066864,0.4493069052696228,-0.01649704948067665,0.26110461354255676,0.3838033974170685,-0.0314241461455822,0.262626588344574,0.32076290249824524,-0.0419827476143837,0.2155963033437729,0.5674704313278198,-0.011498071253299713,0.22169993817806244,0.4677763879299164,-0.02377486042678356,0.22484701871871948,0.40234196186065674,-0.03419487923383713,0.22784678637981415,0.34510526061058044,-0.04090675339102745,0.1824483424425125,0.5940035581588745,-0.023117633536458015,0.18712455034255981,0.5150322318077087,-0.029447006061673164,0.193029522895813,0.4630475640296936,-0.030214130878448486,0.2004348635673523,0.4152345657348633,-0.030785074457526207
F,0.3546759784221649,0.8701271414756775,2.3671431392813247e-07,0.40474647283554077,0.8276716470718384,-0.01513709593564272,0.43709608912467957,0.760831356048584,-0.024313680827617645,0.4549091160297394,0.6904729008674622,-0.03605695441365242,0.44313666224479675,0.6316647529602051,-0.046593159437179565,0.41680771112442017,0.6329609155654907,0.003148190211504698,0.4304741322994232,0.542609453201294,-0.024348273873329163,0.4357992112636566,0.5542411208152771,-0.04816831648349762,0.4358036518096924,0.5940477848052979,-0.05859417840838432,0.3860066533088684,0.6134754419326782,-0.0014856490306556225,0.39950981736183167,0.49824702739715576,-0.012688659131526947,0.40637680888175964,0.4298950731754303,-0.026085348799824715,0.41169580817222595,0.3701731264591217,-0.035641368478536606,0.3550313413143158,0.6165381073951721,-0.011835262179374695,0.3636496961116791,0.5105313062667847,-0.02144177258014679,0.367797315120697,0.4411816895008087,-0.030339201912283897,0.3725450932979584,0.3841415047645569,-0.03635815903544426,0.32194066047668457,0.6392657160758972,-0.024847550317645073,0.32759448885917664,0.5552118420600891,-0.029765726998448372,0.33432745933532715,0.50031578540802,-0.02980465069413185,0.3435012996196747,0.4521167278289795,-0.029860442504286766
F,0.4446997344493866,0.878308117389679,2.9347825147851836e-07,0.5015344023704529,0.8307039737701416,-0.016913972795009613,0.5474950671195984,0.7552980184555054,-0.026244230568408966,0.5799922943115234,0.6963049173355103,-0.038128308951854706,0.5753538608551025,0.6336780786514282,-0.0476967953145504,0.5044589638710022,0.6129820942878723,0.005934544373303652,0.5386348962783813,0.5309364795684814,-0.02813979797065258,0.5570802688598633,0.5669873952865601,-0.05935966596007347,0.5627681612968445,0.6174221634864807,-0.07439419627189636,0.47998762130737305,0.5923497080802917,-0.0004594552156049758,0.5054394006729126,0.4814099073410034,-0.01589941792190075,0.525689959526062,0.41347962617874146,-0.035043250769376755,0.5424994826316833,0.35222166776657104,-0.04902110621333122,0.45313382148742676,0.601211667060852,-0.013941396027803421,0.46938803791999817,0.49237048625946045,-0.02873639203608036,0.48238199949264526,0.4201061427593231,-0.04215402156114578,0.4953342080116272,0.3568764626979828,-0.051005247980356216,0.4248526096343994,0.631835401058197,-0.03042532317340374,0.43797409534454346,0.5480960011482239,-0.03999553993344307,0.4488522410392761,0.4919572174549103,-0.0424620620906353,0.46137335896492004,0.4418327808380127,-0.04408767819404602
F,0.44598695635795593,0.8598213195800781,-3.4102981771866325e-08,0.49350035190582275,0.8446359634399414,-0.03763381391763687,0.5289827585220337,0.7716100811958313,-0.05554652586579323,0.5145121216773987,0.6933718919754028,-0.07177963852882385,0.48996153473854065,0.6277344226837158,-0.08374021202325821,0.5465469360351562,0.587635338306427,-0.017864787951111794,0.5521778464317322,0.48456212878227234,-0.05602831393480301,0.5231858491897583,0.5336645841598511,-0.08815474063158035,0.49752533435821533,0.5934655070304871,-0.1044052243232727,0.5109054446220398,0.5484249591827393,-0.015155075117945671,0.5227068662643433,0.41321122646331787,-0.033501315861940384,0.5210867524147034,0.33261507749557495,-0.05221115052700043,0.5228655338287354,0.2531639635562897,-0.06620725989341736,0.4752553701400757,0.5437659621238708,-0.020462574437260628,0.48545899987220764,0.4245336651802063,-0.0351831391453743,0.48965883255004883,0.34613144397735596,-0.04691625013947487,0.4966614544391632,0.2662088871002197,-0.05511486530303955,0.4383409023284912,0.5666388869285583,-0.030609725043177605,0.44689756631851196,0.46793684363365173,-0.03783298283815384,0.4534737765789032,0.4103955030441284,-0.038288045674562454,0.4628993570804596,0.35122203826904297,-0.03906882926821709
F,0.5003657937049866,0.7245355248451233,2.0255808408364828e-07,0.5436868071556091,0.7067522406578064,-0.01442962046712637,0.5782354474067688,0.6699590682983398,-0.0235294122248888,0.6045220494270325,0.6279858946800232,-0.034320730715990067,0.6095243692398071,0.5783346891403198,-0.043613556772470474,0.5657140016555786,0.5574185848236084,-0.00047913388698361814,0.5908631682395935,0.4945860207080841,-0.02605491876602173,0.5970703959465027,0.5201180577278137,-0.0480949692428112,0.5947045683860779,0.5573126077651978,-0.057945095002651215,0.5451986789703369,0.5327677130699158,-0.0037070682737976313,0.5685029625892639,0.4484190046787262,-0.01508092600852251,0.5824730396270752,0.3996402621269226,-0.02798067033290863,0.593938946723938,0.35418015718460083,-0.03705046698451042,0.5223023891448975,0.5269927978515625,-0.011838105507194996,0.5389435887336731,0.4463982582092285,-0.02167491614818573,0.5497089624404907,0.39718180894851685,-0.029480401426553726,0.5598065853118896,0.35563212633132935,-0.034215088933706284,0.4962078034877777,0.5362296104431152,-0.022271055728197098,0.5086660385131836,0.4720020294189453,-0.027455469593405724,0.5177111625671387,0.4313447177410126,-0.02744355984032154,0.5271559953689575,0.39670631289482117,-0.02695501036942005
F,0.7242241501808167,0.7040829658508301,2.7791753609562875e-07,0.7858186960220337,0.7022898197174072,-0.021251888945698738,0.8397640585899353,0.6631768941879272,-0.03556803986430168,0.8827388286590576,0.6218585968017578,-0.051711555570364,0.8894742727279663,0.5606755614280701,-0.06634001433849335,0.833885908126831,0.5116592645645142,-0.010734643787145615,0.8776121139526367,0.43776193261146545,-0.049990229308605194,0.8816548585891724,0.48204484581947327,-0.08241990208625793,0.8717502355575562,0.5315924882888794,-0.09728997200727463,0.8063585162162781,0.47306138277053833,-0.015860358253121376,0.8488030433654785,0.36756426095962524,-0.035861361771821976,0.8740794658660889,0.3027127683162689,-0.05755637586116791,0.8942046761512756,0.23741161823272705,-0.07316331565380096,0.7732128500938416,0.4606679081916809,-0.02697923220694065,0.8049620389938354,0.3627443015575409,-0.043591830879449844,0.8248427510261536,0.29839327931404114,-0.05785835534334183,0.8429781794548035,0.23943793773651123,-0.06736883521080017,0.7347323298454285,0.467963844537735,-0.04098768159747124,0.7580296397209167,0.38926997780799866,-0.05068811774253845,0.7755523920059204,0.3393637537956238,-0.05297156050801277,0.7933698892593384,0.2945866584777832,-0.05447797104716301
F,0.26301702857017517,0.8499826192855835,1.9959738040142838e-07,0.30902981758117676,0.820448100566864,-0.012939931824803352,0.3450130820274353,0.7648389935493469,-0.019065063446760178,0.3589160442352295,0.7028937339782715,-0.02614498883485794,0.34060969948768616,0.6602216958999634,-0.032758597284555435,0.3323051631450653,0.6504611968994141,-0.0015169383259490132,0.35085251927375793,0.5723475217819214,-0.019960084930062294,0.3544587194919586,0.5640413761138916,-0.037304963916540146,0.3549032211303711,0.5706562399864197,-0.046482887119054794,0.3059941232204437,0.6263696551322937,-0.005243765190243721,0.32188811898231506,0.5274971723556519,-0.014967876486480236,0.3308374285697937,0.47060251235961914,-0.027070866897702217,0.33857277035713196,0.4261186718940735,-0.035859834402799606,0.2777605354785919,0.6227115988731384,-0.012514129281044006,0.2904840111732483,0.5279592871665955,-0.021502738818526268,0.3016519546508789,0.4728822112083435,-0.02964424341917038,0.3123588562011719,0.4297860264778137,-0.03508184105157852,0.24733491241931915,0.635313868522644,-0.021624812856316566,0.2588854432106018,0.559841513633728,-0.027314631268382072,0.26845216751098633,0.5165941119194031,-0.027864858508110046,0.2780868113040924,0.4806288480758667,-0.028039762750267982
F,0.13024593889713287,0.8897064924240112,2.4408268473052885e-07,0.18236076831817627,0.8358116149902344,-0.01909925974905491,0.2197689712047577,0.7625684142112732,-0.032226331532001495,0.23756499588489532,0.7026982307434082,-0.04736333712935448,0.2223871946334839,0.6681289672851562,-0.06044774129986763,0.1757221668958664,0.621799111366272,-0.009080794639885426,0.18664419651031494,0.5316533446311951,-0.04539986699819565,0.19715218245983124,0.5739143490791321,-0.07534252107143402,0.2021956443786621,0.623134195804596,-0.08939705789089203,0.13701653480529785,0.6115633845329285,-0.016113122925162315,0.14124491810798645,0.49011093378067017,-0.03548489883542061,0.144388347864151,0.41707658767700195,-0.05468599870800972,0.1459769308567047,0.34503161907196045,-0.0682479590177536,0.09965713322162628,0.6308220624923706,-0.028951503336429596,0.09683592617511749,0.5154931545257568,-0.04582591354846954,0.09674487262964249,0.4428710341453552,-0.05863223597407341,0.09853073209524155,0.37304675579071045,-0.0664944276213646,0.06346679478883743,0.6743430495262146,-0.04447612538933754,0.05932692438364029,0.5815032720565796,-0.05344614386558533,0.05992870777845383,0.5228192210197449,-0.05459092557430267,0.0634324699640274,0.46611735224723816,-0.055069442838430405
F,0.39576226472854614,0.9121435284614563,2.2601543037126248e-07,0.4535265564918518,0.8764477968215942,-0.01643691584467888,0.4988628029823303,0.8153800368309021,-0.026955990120768547,0.5235682725906372,0.7484787106513977,-0.040079087018966675,0.5120893716812134,0.6836199760437012,-0.05160001665353775,0.4786607623100281,0.6723759174346924,0.00208294321782887,0.5005838871002197,0.5796756148338318,-0.02974654734134674,0.5050063133239746,0.6038295030593872,-0.056780435144901276,0.5024141073226929,0.647258460521698,-0.06876879930496216,0.4466908872127533,0.645283043384552,-0.003267583902925253,0.46944040060043335,0.5299249291419983,-0.017548581585288048,0.48402106761932373,0.46382391452789307,-0.032973237335681915,0.49791646003723145,0.4019227921962738,-0.04363914206624031,0.4137791097164154,0.641527533531189,-0.014863691292703152,0.43093109130859375,0.5332691669464111,-0.027016935870051384,0.44311225414276123,0.46457767486572266,-0.03649595379829407,0.45613914728164673,0.4048236012458801,-0.0424104705452919,0.3782496750354767,0.6580972075462341,-0.029331211000680923,0.3916866183280945,0.5712150931358337,-0.03506842255592346,0.4037264585494995,0.5177275538444519,-0.03459291532635689,0.4178704023361206,0.470129132270813,-0.03403157368302345
F,0.396049439907074,0.792182207107544,2.598328023850627e-07,0.45090997219085693,0.7546952366828918,-0.024766569957137108,0.4940990209579468,0.6905876398086548,-0.04068521037697792,0.5167861580848694,0.6278819441795349,-0.05830961838364601,0.4995107352733612,0.572282075881958,-0.07347811758518219,0.4654133915901184,0.528612494468689,-0.009419715031981468,0.48377349972724915,0.4312337040901184,-0.04893676936626434,0.48920494318008423,0.4734348654747009,-0.08086735755205154,0.4876827895641327,0.527938723564148,-0.09494815021753311,0.4295024573802948,0.5057188272476196,-0.013553454540669918,0.4462391138076782,0.3801986873149872,-0.03350682929158211,0.45570752024650574,0.304276704788208,-0.05274410545825958,0.46293893456459045,0.22762998938560486,-0.06562928855419159,0.39399653673171997,0.5106509327888489,-0.02470129169523716,0.4013473391532898,0.3940903842449188,-0.0411827452480793,0.40749412775039673,0.317432165145874,-0.053170908242464066,0.41527730226516724,0.24569639563560486,-0.06007237732410431,0.35690903663635254,0.5405110716819763,-0.039485957473516464,0.3616071045398712,0.44394251704216003,-0.04710919409990311,0.36795613169670105,0.3826296925544739,-0.04728951305150986,0.3775445222854614,0.32679346203804016,-0.04690353199839592
G,0.9380455017089844,0.781949520111084,-2.8557207087942515e-07,0.9023627638816833,0.6603471040725708,0.00026053236797451973,0.8257412910461426,0.5893930196762085,-0.015142804011702538,0.7501827478408813,0.5828537344932556,-0.03016645647585392,0.6965718865394592,0.582038402557373,-0.04664171114563942,0.8239210247993469,0.506802499294281,-0.04119351506233215,0.7219528555870056,0.4953632354736328,-0.06849773228168488,0.6602132320404053,0.5048555135726929,-0.08340094238519669,0.6130108833312988,0.5206775069236755,-0.09368769079446793,0.8248504400253296,0.5910298228263855,-0.055408041924238205,0.7160673141479492,0.6433610320091248,-0.08240146189928055,0.7440688014030457,0.6705701351165771,-0.07993065565824509,0.7802547812461853,0.6613531112670898,-0.07816853374242783,0.824705183506012,0.6882262825965881,-0.06811267137527466,0.7257369756698608,0.7215921878814697,-0.09140922874212265,0.7577919960021973,0.7420260906219482,-0.0700872614979744,0.7923499941825867,0.7346711158752441,-0.0544823557138443,0.8248763680458069,0.7854584455490112,-0.0804019570350647,0.7471349239349365,0.7938476204872131,-0.0963449776172638,0.7732569575309753,0.8047341704368591,-0.080640509724617,0.801822304725647,0.7982324361801147,-0.06762376427650452
G,0.7370318174362183,0.7334579229354858,-1.9909491300040827e-07,0.6921208500862122,0.6164063215255737,0.02042279951274395,0.6314666867256165,0.5737086534500122,0.024391738697886467,0.5780389308929443,0.583267867565155,0.024297252297401428,0.5472391843795776,0.6217770576477051,0.021273981779813766,0.59906405210495,0.5420700907707214,-0.0025516690220683813,0.5147881507873535,0.5537128448486328,-0.0031076206360012293,0.4729236960411072,0.5713590979576111,-0.0019739086274057627,0.44323521852493286,0.5871132016181946,-0.00199047289788723,0.5900960564613342,0.6164847612380981,-0.01445687748491764,0.5431311130523682,0.6529759764671326,-0.011385638266801834,0.5660580992698669,0.6666786670684814,-0.003557576099410653,0.5912989974021912,0.6621596813201904,-0.0006938765873201191,0.5907886624336243,0.6961206793785095,-0.02319876290857792,0.561573326587677,0.7140371203422546,-0.014742432162165642,0.5834897756576538,0.7229035496711731,-0.0024896806571632624,0.6055031418800354,0.7208889722824097,0.0008055912330746651,0.5957813262939453,0.7748258709907532,-0.030738599598407745,0.5739901661872864,0.776457667350769,-0.021357201039791107,0.5954039692878723,0.7808665633201599,-0.009328496642410755,0.6160140633583069,0.779960036277771,-0.0024087331257760525
G,0.952536940574646,0.8122902512550354,-2.6253530904796207e-07,0.9244798421859741,0.6956151127815247,-0.0019569240976125,0.8595348000526428,0.6085801720619202,-0.01847037672996521,0.7921931147575378,0.5778828859329224,-0.034863803535699844,0.7506901621818542,0.5659348964691162,-0.0527549684047699,0.8888843655586243,0.5300574898719788,-0.03877103328704834,0.8068362474441528,0.4898577928543091,-0.0680653378367424,0.7494739294052124,0.47547173500061035,-0.08393971621990204,0.7054964303970337,0.4758688509464264,-0.0945378988981247,0.8887535333633423,0.6051925420761108,-0.05355722829699516,0.7690426707267761,0.6255520582199097,-0.08497651666402817,0.7889379858970642,0.6645185947418213,-0.08449120074510574,0.823480486869812,0.6668030023574829,-0.08245013654232025,0.8813286423683167,0.6953851580619812,-0.06771545112133026,0.7707623839378357,0.7065335512161255,-0.09825323522090912,0.7941826581954956,0.7342240810394287,-0.08113637566566467,0.8270863890647888,0.7318705320358276,-0.06555395573377609,0.8686580657958984,0.7867358922958374,-0.08117102831602097,0.7782526016235352,0.7798922061920166,-0.1032596156001091,0.7957115173339844,0.7927646636962891,-0.09154381603002548,0.8233364820480347,0.788130521774292,-0.07987576723098755
G,0.6490532159805298,0.7326402068138123,-1.0166252906174122e-07,0.6562071442604065,0.6526710391044617,-0.018700197339057922,0.6939906477928162,0.5907883048057556,-0.031056907027959824,0.741122305393219,0.5809164047241211,-0.04467737674713135,0.7783522009849548,0.5830391645431519,-0.05705057457089424,0.7581941485404968,0.6010277271270752,-0.01330206822603941,0.8097776770591736,0.5847470164299011,-0.03786115720868111,0.8446829915046692,0.574543297290802,-0.049101632088422775,0.8756411075592041,0.5766690373420715,-0.05538482218980789,0.758689820766449,0.6581177115440369,-0.016907908022403717,0.7825472354888916,0.6355799436569214,-0.04944416135549545,0.7312281727790833,0.6396824717521667,-0.04647006466984749,0.7198305726051331,0.6547510027885437,-0.035002194344997406,0.7537713646888733,0.7123609781265259,-0.025068122893571854,0.768817663192749,0.6906212568283081,-0.056554436683654785,0.7222875952720642,0.6857374906539917,-0.03944087773561478,0.7152121663093567,0.6974154710769653,-0.019109154120087624,0.7443954944610596,0.7659923434257507,-0.03566433861851692,0.7555854320526123,0.740256130695343,-0.05236218497157097,0.7233588695526123,0.7280521988868713,-0.039480775594711304,0.7160607576370239,0.7359848022460938,-0.025087084621191025
G,0.5426674485206604,0.745269775390625,-1.895279950758777e-07,0.5379549264907837,0.6748078465461731,-0.0232076495885849,0.555220901966095,0.6044749021530151,-0.03958281874656677,0.5811164379119873,0.5907644033432007,-0.054185692220926285,0.610379159450531,0.6190001964569092,-0.06717559695243835,0.6396823525428772,0.6111385226249695,-0.03257162868976593,0.6693521738052368,0.6033399105072021,-0.06208096817135811,0.6898428201675415,0.6101231575012207,-0.08438534289598465,0.7119141817092896,0.6189061403274536,-0.10119455307722092,0.661139726638794,0.6784734129905701,-0.034233491867780685,0.6204361915588379,0.6758739948272705,-0.06385012716054916,0.579475462436676,0.6680931448936462,-0.0699455738067627,0.5734232068061829,0.6652556657791138,-0.0707147940993309,0.6547532081604004,0.7440572381019592,-0.03939352184534073,0.5974955558776855,0.7420779466629028,-0.06326285004615784,0.5682366490364075,0.7243703007698059,-0.053585827350616455,0.5733681321144104,0.7172702550888062,-0.04438578709959984,0.6354494094848633,0.80218106508255,-0.04799589514732361,0.5855176448822021,0.7919294238090515,-0.0677444115281105,0.5632567405700684,0.7754917144775391,-0.06409230828285217,0.5676460266113281,0.767318844795227,-0.057537347078323364
G,0.5853724479675293,0.7062310576438904,3.014219274177776e-08,0.586690366268158,0.6277915835380554,-0.022817710414528847,0.6141881942749023,0.56052565574646,-0.02957804687321186,0.6585245728492737,0.5369642972946167,-0.03575034812092781,0.6935669779777527,0.52597975730896,-0.04052414000034332,0.6410861611366272,0.5142660737037659,-0.0009091882966458797,0.6816062331199646,0.4791366755962372,-0.016119053587317467,0.7055138349533081,0.4679456651210785,-0.026350107043981552,0.7310043573379517,0.4576619565486908,-0.0334555022418499,0.652903139591217,0.5656653046607971,0.0012901581358164549,0.6882814764976501,0.5668965578079224,-0.026126673445105553,0.6563038229942322,0.5910018086433411,-0.03370875120162964,0.6390184760093689,0.5940456390380859,-0.03174950182437897,0.6593350172042847,0.6163010597229004,-0.0009490760276094079,0.6880013942718506,0.6189959049224854,-0.02973693422973156,0.651676595211029,0.6341285109519958,-0.02744499407708645,0.6349788308143616,0.6302303671836853,-0.017945105209946632,0.6610544919967651,0.664951503276825,-0.0053174905478954315,0.6826059222221375,0.6654382348060608,-0.02404569275677204,0.6559941172599792,0.6702927947044373,-0.021330900490283966,0.6390345096588135,0.6640026569366455,-0.014434817247092724
G,0.5827457904815674,0.8048223257064819,-5.796950119929534e-08,0.5660176873207092,0.6823716163635254,0.009621785022318363,0.5250555872917175,0.6172887682914734,0.01390594057738781,0.4822436571121216,0.6239492893218994,0.016911964863538742,0.4629914164543152,0.6661263108253479,0.018452363088726997,0.4610399901866913,0.6417306065559387,-0.009447307325899601,0.38944390416145325,0.6254723072052002,-0.009956847876310349,0.34838324785232544,0.6310375928878784,-0.010077339597046375,0.3181290328502655,0.6382947564125061,-0.011550956405699253,0.4436328709125519,0.7184253931045532,-0.013808250427246094,0.432284951210022,0.6755604147911072,-0.00824653822928667,0.45321494340896606,0.6750168204307556,-0.001630220445804298,0.47362300753593445,0.6829488277435303,-0.00011281143088126555,0.4479905068874359,0.7835533022880554,-0.015255252830684185,0.4447479844093323,0.7419766187667847,-0.005898302420973778,0.4633679687976837,0.7419958114624023,0.004851007368415594,0.48136550188064575,0.7521299719810486,0.007170284166932106,0.4589490592479706,0.8426213264465332,-0.016479380428791046,0.45781779289245605,0.7996647953987122,-0.006781739182770252,0.4749072194099426,0.7967507243156433,0.004823266062885523,0.4887810945510864,0.8031008839607239,0.011460535228252411
G,0.2795420289039612,0.9629350304603577,5.5686790290110366e-08,0.30439069867134094,0.8405512571334839,0.0012109644012525678,0.3523593544960022,0.7315115332603455,-0.005589962471276522,0.4057236611843109,0.6801376342773438,-0.01339541096240282,0.44216981530189514,0.6893175840377808,-0.02151738479733467,0.3924325406551361,0.7347747087478638,-0.02567189559340477,0.4891115128993988,0.7133699059486389,-0.03493021801114082,0.5420812964439392,0.7088285684585571,-0.03922346979379654,0.5832515954971313,0.703218936920166,-0.044227346777915955,0.3999837636947632,0.8175730109214783,-0.034686822444200516,0.4819870591163635,0.8442673683166504,-0.052455026656389236,0.4512023329734802,0.8666514158248901,-0.0489182211458683,0.41243475675582886,0.8656603693962097,-0.043738458305597305,0.40409672260284424,0.9052174687385559,-0.04119277000427246,0.47747257351875305,0.9173110723495483,-0.051128603518009186,0.4500996470451355,0.9335938692092896,-0.03288542479276657,0.4145117998123169,0.9338228702545166,-0.019598284736275673,0.40258339047431946,0.9853291511535645,-0.04765851050615311,0.4617919623851776,0.9817323684692383,-0.049751728773117065,0.43980127573013306,0.9923577308654785,-0.03323900327086449,0.41026654839515686,0.9953955411911011,-0.0204779002815485
G,0.29263269901275635,0.9109146595001221,-1.8510601051957565e-08,0.3195255398750305,0.7920539379119873,0.010105724446475506,0.3707989752292633,0.7215957641601562,0.00886557251214981,0.41483989357948303,0.7229176759719849,0.004155237693339586,0.4421805441379547,0.7622373104095459,-0.0014644323382526636,0.4088064134120941,0.680569052696228,-0.009034382179379463,0.49007055163383484,0.6560389995574951,-0.012486720457673073,0.5363655686378479,0.6502386331558228,-0.013954101130366325,0.5720974206924438,0.6466397047042847,-0.016785603016614914,0.4282166361808777,0.7459301948547363,-0.019258739426732063,0.4742916226387024,0.7911238670349121,-0.023488588631153107,0.4513409733772278,0.8137703537940979,-0.020357336848974228,0.42709049582481384,0.8139603137969971,-0.019033333286643028,0.4385373890399933,0.8242992758750916,-0.026746198534965515,0.4677865505218506,0.851119339466095,-0.024467241019010544,0.44670528173446655,0.8654682636260986,-0.01258280873298645,0.4248127341270447,0.8638738989830017,-0.007362431846559048,0.44239121675491333,0.8957397937774658,-0.03416217118501663,0.46164456009864807,0.9040173888206482,-0.02553367428481579,0.441837877035141,0.915285587310791,-0.010240986943244934,0.4225148558616638,0.9178970456123352,8.093975338852033e-06
G,0.4380163550376892,0.8481314778327942,-4.240877160555101e-08,0.45031505823135376,0.717535138130188,-0.04559662193059921,0.41746723651885986,0.5970065593719482,-0.07033693790435791,0.3586979806423187,0.5610515475273132,-0.09260096400976181,0.3096270263195038,0.521709144115448,-0.11285246908664703,0.30672696232795715,0.5635597705841064,-0.05129460245370865,0.22444981336593628,0.4975028932094574,-0.09109876304864883,0.16433162987232208,0.4686570167541504,-0.11390724033117294,0.11313381791114807,0.4448277950286865,-0.12835557758808136,0.28060591220855713,0.6529412269592285,-0.04762643203139305,0.2865757644176483,0.609752357006073,-0.11585091054439545,0.3556011915206909,0.6547760963439941,-0.13099810481071472,0.40578848123550415,0.6896328330039978,-0.125677227973938,0.2678984999656677,0.743622899055481,-0.04823552072048187,0.28059855103492737,0.7060797214508057,-0.11221752315759659,0.35047516226768494,0.7438123226165771,-0.10124091804027557,0.39899319410324097,0.7715006470680237,-0.07664033025503159,0.26432791352272034,0.8403047323226929,-0.05284518748521805,0.269508957862854,0.795455813407898,-0.09931129962205887,0.3275490403175354,0.8016184568405151,-0.09281241148710251,0.3683709502220154,0.809505045413971,-0.07471571117639542
G,0.23612180352210999,0.9092795252799988,4.592920177515225e-08,0.2631884813308716,0.7710811495780945,0.0029871680308133364,0.3303363621234894,0.6733325123786926,-0.009639393538236618,0.3988662362098694,0.6413018703460693,-0.024573523551225662,0.4484696388244629,0.6252853870391846,-0.039164524525403976,0.33190083503723145,0.6037502288818359,-0.03371725231409073,0.42506638169288635,0.5562306642532349,-0.05178919807076454,0.47751927375793457,0.5408855676651001,-0.05978000536561012,0.5194985270500183,0.5276313424110413,-0.06579660624265671,0.3427545428276062,0.6835451722145081,-0.048830967396497726,0.43891268968582153,0.7029044032096863,-0.07134319096803665,0.41297462582588196,0.740292489528656,-0.068199023604393,0.3777277171611786,0.7448038458824158,-0.06469772756099701,0.3531891703605652,0.7785931825637817,-0.06179777905344963,0.4391303062438965,0.7759922742843628,-0.07497952878475189,0.4117150604724884,0.8041830658912659,-0.05341958627104759,0.3803460896015167,0.8071828484535217,-0.03908492252230644,0.3602325916290283,0.8698208928108215,-0.07497237622737885,0.43242859840393066,0.8442864418029785,-0.07373125106096268,0.4096086919307709,0.8624077439308167,-0.05138205364346504,0.38128891587257385,0.866582989692688,-0.036201853305101395
G,0.1068454310297966,0.8874261975288391,2.5775713652365084e-07,0.142123281955719,0.7745632529258728,-0.00654603959992528,0.21419504284858704,0.6942605972290039,-0.02612394280731678,0.2858084440231323,0.6799476742744446,-0.04420560225844383,0.33187493681907654,0.6847538352012634,-0.06103121116757393,0.18025992810726166,0.6387627720832825,-0.06222091242671013,0.26240530610084534,0.6025723218917847,-0.09338603913784027,0.3139037489891052,0.5970034003257751,-0.1093989908695221,0.35556238889694214,0.5992653965950012,-0.1189686581492424,0.17510104179382324,0.7192121148109436,-0.0774574726819992,0.29639697074890137,0.7237117886543274,-0.11175636947154999,0.2746633291244507,0.7561294436454773,-0.10786350071430206,0.23748590052127838,0.7583994269371033,-0.10145573318004608,0.17623072862625122,0.8098810911178589,-0.09127947688102722,0.28617313504219055,0.8013466000556946,-0.11406531184911728,0.2590370178222656,0.8262941241264343,-0.09157799184322357,0.22584524750709534,0.8246204853057861,-0.07347684353590012,0.1807323396205902,0.9033111333847046,-0.10617303848266602,0.27035221457481384,0.8756256103515625,-0.10982488840818405,0.25261417031288147,0.8822556138038635,-0.08751589059829712,0.22062037885189056,0.8815169334411621,-0.0717172846198082
G,0.20539656281471252,0.9214791059494019,3.894599842624302e-07,0.23416638374328613,0.816268801689148,-0.03010346181690693,0.263334184885025,0.7243180274963379,-0.0728372260928154,0.3078886568546295,0.6714001893997192,-0.11403471976518631,0.35828667879104614,0.6384966373443604,-0.15417487919330597,0.17709749937057495,0.6537802219390869,-0.10159963369369507,0.21495601534843445,0.6059651374816895,-0.16510187089443207,0.253121942281723,0.5774603486061096,-0.20087110996246338,0.28877219557762146,0.5572046041488647,-0.2211412787437439,0.15344363451004028,0.7282414436340332,-0.11276989430189133,0.27897560596466064,0.717964231967926,-0.16968080401420593,0.2780172824859619,0.7778099179267883,-0.17263314127922058,0.25184401869773865,0.7945467233657837,-0.17223681509494781,0.15386444330215454,0.821890115737915,-0.12640050053596497,0.2814716696739197,0.8147377967834473,-0.1745152622461319,0.2658551037311554,0.8521528840065002,-0.15929077565670013,0.2338794618844986,0.8583187460899353,-0.1454746574163437,0.1656678318977356,0.9164353609085083,-0.1434825360774994,0.26471778750419617,0.894649863243103,-0.1731758564710617,0.25426357984542847,0.909164547920227,-0.16230760514736176,0.22502753138542175,0.9181891679763794,-0.15190668404102325
G,0.2382746934890747,0.8131272196769714,-9.382923593648229e-08,0.2697618305683136,0.7346601486206055,-0.015524908900260925,0.2863312363624573,0.6524978280067444,-0.039271287620067596,0.29996630549430847,0.599032998085022,-0.06551439315080643,0.3228585720062256,0.561592698097229,-0.09031085669994354,0.20231494307518005,0.5693737864494324,-0.042564477771520615,0.19194267690181732,0.538163959980011,-0.08616624772548676,0.18924890458583832,0.5240358114242554,-0.11278700083494186,0.18766134977340698,0.5157045125961304,-0.12805168330669403,0.16391690075397491,0.616808295249939,-0.052316322922706604,0.25332844257354736,0.655769407749176,-0.0930323600769043,0.273641437292099,0.7057501077651978,-0.09873932600021362,0.25901705026626587,0.7128377556800842,-0.09852202981710434,0.15203134715557098,0.6945709586143494,-0.06506258994340897,0.24888931214809418,0.7380180954933167,-0.10179652273654938,0.2586778998374939,0.7664520144462585,-0.09279195964336395,0.23820318281650543,0.7578144073486328,-0.08195505291223526,0.15306968986988068,0.7778797149658203,-0.08011430501937866,0.22842970490455627,0.804741382598877,-0.10588018596172333,0.23866787552833557,0.822210967540741,-0.10137849301099777,0.22012336552143097,0.8192983865737915,-0.0932842493057251
G,0.32038453221321106,0.8020886778831482,3.324989563679992e-07,0.365938663482666,0.7075590491294861,-0.027796076610684395,0.39974990487098694,0.6487571597099304,-0.06835541874170303,0.43345513939857483,0.6120685935020447,-0.10261077433824539,0.47139525413513184,0.5733665823936462,-0.1339443325996399,0.3331044316291809,0.5754122734069824,-0.12190582603216171,0.3615992069244385,0.5385447144508362,-0.18451173603534698,0.3895518183708191,0.5131086707115173,-0.21371249854564667,0.41746699810028076,0.501549482345581,-0.22769562900066376,0.3117474317550659,0.6286336779594421,-0.13044583797454834,0.4015912413597107,0.6485707759857178,-0.1749797761440277,0.39470285177230835,0.6975142955780029,-0.15960124135017395,0.37473365664482117,0.702700674533844,-0.14807777106761932,0.3054403066635132,0.7023163437843323,-0.14118638634681702,0.39505451917648315,0.7314813733100891,-0.1798834204673767,0.38216087222099304,0.7600836753845215,-0.1527244746685028,0.3576282262802124,0.754425585269928,-0.1329411268234253,0.3087552785873413,0.7829608917236328,-0.1549675613641739,0.37563005089759827,0.7991688847541809,-0.18016061186790466,0.3690808415412903,0.8028335571289062,-0.16514231264591217,0.34496864676475525,0.8020186424255371,-0.1531137228012085
G,0.25461792945861816,0.8744527101516724,4.6330750791412356e-08,0.2954632639884949,0.7977157235145569,-0.013477186672389507,0.3198848068714142,0.7207091450691223,-0.03653331473469734,0.3393270969390869,0.6703780293464661,-0.06182647868990898,0.3700059950351715,0.6326678991317749,-0.08632025122642517,0.24394503235816956,0.6217221617698669,-0.044984713196754456,0.2466367483139038,0.5859830379486084,-0.08806238323450089,0.25980931520462036,0.5615691542625427,-0.11380668729543686,0.2745877206325531,0.5391335487365723,-0.12920451164245605,0.2078651338815689,0.6587087512016296,-0.05683240294456482,0.2998456358909607,0.696989119052887,-0.09980233758687973,0.31026819348335266,0.7606934309005737,-0.10556818544864655,0.29327401518821716,0.7752642035484314,-0.10549479722976685,0.19230502843856812,0.7324423789978027,-0.07121635973453522,0.2904771566390991,0.7836751937866211,-0.11116930097341537,0.2906692922115326,0.8230595588684082,-0.10355701297521591,0.2673596739768982,0.8175916075706482,-0.09357041865587234,0.18734243512153625,0.8183037638664246,-0.08711598068475723,0.26332202553749084,0.8513838052749634,-0.11379518359899521,0.26577138900756836,0.871472954750061,-0.10968595743179321,0.2435758262872696,0.8644883632659912,-0.10283470153808594
G,0.24330221116542816,0.9009342193603516,-2.9880119711833686e-08,0.28710871934890747,0.801457941532135,-0.007930600084364414,0.3177894353866577,0.6951776146888733,-0.025414271280169487,0.3540879786014557,0.6314212083816528,-0.045893680304288864,0.39217114448547363,0.584954023361206,-0.06626230478286743,0.23745325207710266,0.6289743185043335,-0.037762753665447235,0.24599102139472961,0.5849470496177673,-0.0700332298874855,0.2593146562576294,0.5623482465744019,-0.08966739475727081,0.27607420086860657,0.5472820997238159,-0.10273762047290802,0.20428314805030823,0.6721335649490356,-0.05099695920944214,0.29822319746017456,0.7046412825584412,-0.08751285076141357,0.3020819425582886,0.7635483741760254,-0.09407202899456024,0.2852720320224762,0.7838037610054016,-0.09607676416635513,0.18977853655815125,0.7480559349060059,-0.06533194333314896,0.29194357991218567,0.7942590117454529,-0.09645208716392517,0.2822960913181305,0.8299223184585571,-0.09121046215295792,0.25697824358940125,0.8274397253990173,-0.08528666198253632,0.18481606245040894,0.833608865737915,-0.08126163482666016,0.26702961325645447,0.8648671507835388,-0.10223473608493805,0.2624445855617523,0.8803755640983582,-0.10054798424243927,0.23781704902648926,0.8718264102935791,-0.09708719700574875
G,0.2495746910572052,0.7686902284622192,6.953439424250973e-08,0.28629738092422485,0.6804139614105225,-0.002906720619648695,0.3163071572780609,0.5917643904685974,-0.019027069211006165,0.3536014258861542,0.5426655411720276,-0.03818988427519798,0.38832831382751465,0.5047228336334229,-0.057871513068675995,0.24638433754444122,0.5349544286727905,-0.03564128279685974,0.25829190015792847,0.4869794249534607,-0.06640544533729553,0.273842453956604,0.4554624557495117,-0.08627384155988693,0.2915824353694916,0.4318084716796875,-0.09929785877466202,0.22297248244285583,0.5697394609451294,-0.0493343360722065,0.3075072169303894,0.5884788632392883,-0.07985915243625641,0.30817705392837524,0.6376593112945557,-0.08407376706600189,0.29093390703201294,0.6512815952301025,-0.0858733206987381,0.21467623114585876,0.6345940828323364,-0.06360586732625961,0.3012574315071106,0.6602345108985901,-0.09194500744342804,0.2926306128501892,0.6920446157455444,-0.08671653270721436,0.2705357074737549,0.6934641599655151,-0.08131078630685806,0.21494480967521667,0.7075344920158386,-0.07840810716152191,0.2843019366264343,0.718559980392456,-0.09689171612262726,0.27929288148880005,0.7325536608695984,-0.09266956895589828,0.2579221725463867,0.7338153123855591,-0.08815392106771469
G,0.2399974763393402,0.8434363603591919,2.9240389665119437e-08,0.2733786404132843,0.7637743353843689,-0.012831117957830429,0.2947307825088501,0.6850330829620361,-0.030875930562615395,0.30809885263442993,0.6329822540283203,-0.050584033131599426,0.3238556981086731,0.5895280838012695,-0.06914612650871277,0.2245686799287796,0.6047338247299194,-0.04197720065712929,0.23184843361377716,0.5720254182815552,-0.0813332200050354,0.24491791427135468,0.5476957559585571,-0.10614389181137085,0.25878089666366577,0.5244442224502563,-0.12103015184402466,0.194179505109787,0.6487604975700378,-0.05183085426688194,0.2960626780986786,0.6861270666122437,-0.08929609507322311,0.29554441571235657,0.7315253615379333,-0.09536553174257278,0.2716725766658783,0.7402356266975403,-0.09693524241447449,0.18566571176052094,0.7249711155891418,-0.06421510130167007,0.2909821569919586,0.7700800895690918,-0.09750563651323318,0.2793790400028229,0.7962973117828369,-0.08995931595563889,0.2519530653953552,0.7898026704788208,-0.081319659948349,0.1857214719057083,0.8099029660224915,-0.07863985747098923,0.2666640281677246,0.8314189910888672,-0.10294721275568008,0.25927257537841797,0.843565046787262,-0.0999642163515091,0.23365536332130432,0.8395237922668457,-0.09383577853441238
G,0.2960208058357239,0.8401544094085693,1.4164608330702322e-07,0.3195574879646301,0.7411054968833923,-0.00043420802103355527,0.36733347177505493,0.663031280040741,-0.015710702165961266,0.41780877113342285,0.6281926035881042,-0.03247450664639473,0.4524591863155365,0.6033948063850403,-0.048880383372306824,0.3562604784965515,0.6034775376319885,-0.042174190282821655,0.4320277273654938,0.5631668567657471,-0.06723771244287491,0.4781738519668579,0.5496478080749512,-0.08027707785367966,0.5147988200187683,0.5418021082878113,-0.08810058236122131,0.35549044609069824,0.6622028946876526,-0.055986013263463974,0.4490501284599304,0.6825467348098755,-0.08178664743900299,0.42992207407951355,0.7141392827033997,-0.07870461791753769,0.40221625566482544,0.713743269443512,-0.07498712837696075,0.35927554965019226,0.737007737159729,-0.06855053454637527,0.44396647810935974,0.7465420365333557,-0.08776787668466568,0.42063117027282715,0.771020233631134,-0.07053427398204803,0.3952345550060272,0.7674520611763,-0.05757300555706024,0.3648785948753357,0.8134075403213501,-0.08130186796188354,0.434665709733963,0.8042344450950623,-0.08643557131290436,0.4184185266494751,0.8166152238845825,-0.06941480934619904,0.3942232131958008,0.8138951659202576,-0.057098329067230225
G,0.2726133167743683,0.8797287344932556,9.251457555592424e-08,0.31958460807800293,0.7663176655769348,-0.006768620572984219,0.3466135859489441,0.6659706830978394,-0.027351858094334602,0.3734675943851471,0.6075318455696106,-0.05037672072649002,0.4049950838088989,0.574275016784668,-0.07242932170629501,0.26741793751716614,0.5870717763900757,-0.0492425262928009,0.28259915113449097,0.5243421792984009,-0.09208321571350098,0.31419509649276733,0.49702101945877075,-0.11558147519826889,0.3442131578922272,0.48495492339134216,-0.12829606235027313,0.24290594458580017,0.6355997920036316,-0.06544875353574753,0.3489694893360138,0.642927348613739,-0.10844817012548447,0.35650327801704407,0.7082485556602478,-0.11222358047962189,0.3352065682411194,0.7275344133377075,-0.110508494079113,0.23613587021827698,0.7140670418739319,-0.0828813686966896,0.3451344072818756,0.7369940280914307,-0.12352955341339111,0.34206172823905945,0.7851649522781372,-0.11561115086078644,0.31611233949661255,0.7863691449165344,-0.10491511970758438,0.24069765210151672,0.7979140877723694,-0.10083293914794922,0.3254154622554779,0.8087106943130493,-0.12425265461206436,0.3274533450603485,0.8289812207221985,-0.11594215035438538,0.30447980761528015,0.8285143971443176,-0.10668954253196716
G,0.24344098567962646,0.860899806022644,-3.9519495231843393e-08,0.2885669469833374,0.7654391527175903,-0.005058205220848322,0.311129093170166,0.6802155375480652,-0.022557733580470085,0.3242596387863159,0.6191648840904236,-0.04413599893450737,0.3322765827178955,0.5643976926803589,-0.06364788115024567,0.22478660941123962,0.582123875617981,-0.034092437475919724,0.23142775893211365,0.4996362626552582,-0.07204542309045792,0.2702515125274658,0.4879419803619385,-0.09303900599479675,0.3051259219646454,0.502765953540802,-0.10259207338094711,0.1948060393333435,0.6214239001274109,-0.047503016889095306,0.2827947735786438,0.6301765441894531,-0.08360528945922852,0.30074605345726013,0.6927207112312317,-0.08993150293827057,0.2854587733745575,0.7172629833221436,-0.09071425348520279,0.18348273634910583,0.6900387406349182,-0.06239721551537514,0.27707064151763916,0.7120254635810852,-0.09347184747457504,0.28634801506996155,0.7579092979431152,-0.08660630136728287,0.2685074210166931,0.7683340907096863,-0.07832995057106018,0.18344777822494507,0.7647933959960938,-0.07820133119821548,0.2567959427833557,0.7779362201690674,-0.0953688845038414,0.2684599459171295,0.8013913035392761,-0.08763100206851959,0.2537747323513031,0.8051563501358032,-0.07845709472894669
G,0.27367085218429565,0.8307865262031555,1.6957562820607563e-07,0.30951663851737976,0.7279037833213806,-0.001037748297676444,0.3520231246948242,0.6405636072158813,-0.01969209313392639,0.3941078782081604,0.6047144532203674,-0.04160151258111,0.4215351939201355,0.6131322979927063,-0.06283700466156006,0.309264212846756,0.5782601833343506,-0.04512384533882141,0.3464915454387665,0.5125599503517151,-0.07561734318733215,0.388741672039032,0.5134199261665344,-0.08967061340808868,0.42035046219825745,0.5372421741485596,-0.09691281616687775,0.2980740964412689,0.6355751156806946,-0.06361328810453415,0.39773285388946533,0.6510702967643738,-0.09647069126367569,0.3907269835472107,0.6986278295516968,-0.09518004208803177,0.3649395704269409,0.7011175751686096,-0.09119193255901337,0.29508793354034424,0.7078859210014343,-0.08158869296312332,0.39391788840293884,0.7265591621398926,-0.10905971378087997,0.37733587622642517,0.7608807682991028,-0.09519104659557343,0.351485937833786,0.755075216293335,-0.08258278667926788,0.2989308834075928,0.7836959362030029,-0.10000454634428024,0.3813372552394867,0.784619927406311,-0.11166100949048996,0.3715980052947998,0.8011302947998047,-0.09648367762565613,0.34648504853248596,0.7990577816963196,-0.08413636684417725
G,0.34219157695770264,0.8503332138061523,2.789282120829739e-07,0.38445723056793213,0.7435791492462158,-0.011364849284291267,0.4371807277202606,0.6501021385192871,-0.03168531134724617,0.4876110553741455,0.6144898533821106,-0.051772940903902054,0.5228754878044128,0.6088396310806274,-0.07054458558559418,0.38335689902305603,0.5997689366340637,-0.06046747416257858,0.4345928728580475,0.5428528785705566,-0.09924866259098053,0.4777439534664154,0.5341854095458984,-0.12183935195207596,0.5164411664009094,0.5376192331314087,-0.13498513400554657,0.3715737760066986,0.6726319789886475,-0.07608045637607574,0.4926150143146515,0.6989663243293762,-0.11600304394960403,0.476762980222702,0.738117516040802,-0.1167302206158638,0.4436642825603485,0.7383295893669128,-0.11390184611082077,0.3677254915237427,0.7585363388061523,-0.0923779159784317,0.4839060604572296,0.7846757173538208,-0.12744934856891632,0.46111026406288147,0.8123014569282532,-0.1135912835597992,0.4300791323184967,0.8011121153831482,-0.09983700513839722,0.37168601155281067,0.8498694896697998,-0.10983555763959885,0.46799495816230774,0.8509883880615234,-0.1262201964855194,0.45366260409355164,0.8616305589675903,-0.11048433929681778,0.4206185042858124,0.8563234806060791,-0.09767673164606094
G,0.22033976018428802,0.8935947418212891,3.446235297133171e-08,0.26049095392227173,0.7887059450149536,-0.026949899271130562,0.28242993354797363,0.6977968811988831,-0.06261147558689117,0.2930886745452881,0.6329746246337891,-0.10023714601993561,0.2865101099014282,0.620657205581665,-0.13457033038139343,0.17263607680797577,0.6142222285270691,-0.06700427830219269,0.1438581347465515,0.5669602751731873,-0.12652546167373657,0.16201990842819214,0.5396686792373657,-0.15504573285579681,0.1893884390592575,0.5382232666015625,-0.16651879251003265,0.13736236095428467,0.6765625476837158,-0.07637937366962433,0.24334034323692322,0.694901168346405,-0.13166940212249756,0.2703278660774231,0.7590478658676147,-0.13357964158058167,0.2503146827220917,0.7701305747032166,-0.12649957835674286,0.13132035732269287,0.7678896188735962,-0.09026265144348145,0.25032368302345276,0.7956586480140686,-0.14036443829536438,0.26022663712501526,0.8298681974411011,-0.12541382014751434,0.23102959990501404,0.8213790059089661,-0.10700859129428864,0.1399034559726715,0.8619354963302612,-0.10721021145582199,0.22793859243392944,0.8799757361412048,-0.14092637598514557,0.23917317390441895,0.8949301242828369,-0.13237115740776062,0.21609723567962646,0.8893789649009705,-0.11849892884492874
G,0.24112489819526672,0.8822510242462158,-9.483333229809432e-08,0.26706045866012573,0.7725810408592224,-0.035644643008708954,0.26314663887023926,0.6387428045272827,-0.06236036866903305,0.23799067735671997,0.572903573513031,-0.08941689878702164,0.1996183693408966,0.5913034677505493,-0.11262938380241394,0.12523262202739716,0.5866729617118835,-0.043418679386377335,0.04039912670850754,0.5337755680084229,-0.09349218755960464,0.022263824939727783,0.506744384765625,-0.12023750692605972,0.03996472805738449,0.5082567930221558,-0.1302279680967331,0.08233847469091415,0.6660085916519165,-0.044674016535282135,0.12543070316314697,0.6760669946670532,-0.09738035500049591,0.18130961060523987,0.7212520837783813,-0.10640355199575424,0.20380501449108124,0.7377296090126038,-0.10027682036161423,0.06660374999046326,0.7598094940185547,-0.05212507024407387,0.13523821532726288,0.7885539531707764,-0.09836249053478241,0.17796124517917633,0.8104196786880493,-0.08974578976631165,0.18476106226444244,0.8033139705657959,-0.07321781665086746,0.06280811131000519,0.855343759059906,-0.06408439576625824,0.12851937115192413,0.8786526918411255,-0.09252262860536575,0.17065055668354034,0.8865264058113098,-0.08571267873048782,0.17733269929885864,0.8744379878044128,-0.07141067832708359
G,0.3142070770263672,0.8411182165145874,3.1865130267760833e-07,0.33861446380615234,0.726768970489502,-0.01121800672262907,0.38443905115127563,0.635468065738678,-0.03240111842751503,0.43408989906311035,0.6005944609642029,-0.051259685307741165,0.47160643339157104,0.584250807762146,-0.06842818111181259,0.33762988448143005,0.6332173347473145,-0.07082290202379227,0.3838927745819092,0.5948954224586487,-0.10534706711769104,0.4222865700721741,0.5861155986785889,-0.12382255494594574,0.4546276926994324,0.5872447490692139,-0.1342926174402237,0.33412036299705505,0.7136207222938538,-0.08367802202701569,0.4466308057308197,0.6880866885185242,-0.12002059072256088,0.43857404589653015,0.7096810936927795,-0.11892225593328476,0.409254789352417,0.7212311625480652,-0.1150941327214241,0.34166643023490906,0.7926483154296875,-0.0956028625369072,0.44659197330474854,0.7618618607521057,-0.12134517729282379,0.43255680799484253,0.7758809924125671,-0.10418020188808441,0.4041178822517395,0.7781645655632019,-0.08963965624570847,0.356354683637619,0.8698556423187256,-0.10894221812486649,0.44108685851097107,0.8299953937530518,-0.11776810884475708,0.429132342338562,0.827709436416626,-0.10128851234912872,0.3993571996688843,0.8322385549545288,-0.08908066898584366
G,0.34511297941207886,0.8100149631500244,-6.029387833450528e-08,0.3714255392551422,0.692439615726471,0.01339141745120287,0.4292713403701782,0.6193729639053345,0.010226743295788765,0.48598331212997437,0.600688099861145,0.0038822696078568697,0.5289842486381531,0.6010563373565674,-0.0024551148526370525,0.44519752264022827,0.5681513547897339,-0.015826353803277016,0.5220317840576172,0.5324095487594604,-0.02345002442598343,0.5615402460098267,0.5380792021751404,-0.02473166026175022,0.5898395776748657,0.5495008826255798,-0.025499900802969933,0.45822829008102417,0.6326183676719666,-0.02931775525212288,0.5252412557601929,0.6568441390991211,-0.034499745815992355,0.5057826638221741,0.6849266886711121,-0.02636237069964409,0.480436772108078,0.6888720989227295,-0.021678946912288666,0.46664297580718994,0.7110558152198792,-0.040122177451848984,0.519270122051239,0.7244499325752258,-0.03893274441361427,0.49803364276885986,0.7458319067955017,-0.020824503153562546,0.47448185086250305,0.747758686542511,-0.011500799097120762,0.4705886244773865,0.7852762937545776,-0.05027018114924431,0.5125594735145569,0.7828803062438965,-0.04029928892850876,0.49314337968826294,0.798223078250885,-0.02059761807322502,0.4723222255706787,0.7998406887054443,-0.008288715034723282
G,0.34854066371917725,0.8065109252929688,8.541374718618044e-09,0.41134342551231384,0.7295569777488708,0.003167073242366314,0.4414292275905609,0.6491832733154297,-0.010452472604811192,0.46754878759384155,0.5931674242019653,-0.029927710071206093,0.4935736358165741,0.5423906445503235,-0.04701702669262886,0.3828827738761902,0.5153709650039673,-0.014778600074350834,0.41381368041038513,0.4220874011516571,-0.0424487479031086,0.4527835249900818,0.4070965051651001,-0.057405050843954086,0.4839726984500885,0.4257392883300781,-0.06489517539739609,0.36818161606788635,0.5391791462898254,-0.030846942216157913,0.46244528889656067,0.5624358057975769,-0.06082423776388168,0.45893406867980957,0.62452632188797,-0.06429105252027512,0.4380224347114563,0.6295069456100464,-0.06289631873369217,0.3665825426578522,0.5858820676803589,-0.04782556742429733,0.46389615535736084,0.6270594596862793,-0.0725373849272728,0.450168251991272,0.680755078792572,-0.06206271052360535,0.426676869392395,0.6788750886917114,-0.052157383412122726,0.37311017513275146,0.6421217322349548,-0.06548107415437698,0.4499978721141815,0.678034245967865,-0.07696527242660522,0.4393189549446106,0.7191725969314575,-0.0660521537065506,0.41718360781669617,0.7188277244567871,-0.05576955899596214
G,0.29384422302246094,0.8851810693740845,-1.374748670457393e-08,0.3244902789592743,0.7686095237731934,-0.013375741429626942,0.34265395998954773,0.6735605001449585,-0.03915424644947052,0.3595283031463623,0.6121217608451843,-0.06750961393117905,0.38140934705734253,0.5848530530929565,-0.09239108115434647,0.24538551270961761,0.6086099743843079,-0.054560914635658264,0.23933441936969757,0.5594049096107483,-0.10284408926963806,0.27696341276168823,0.5483237504959106,-0.12403003871440887,0.31570571660995483,0.5562875270843506,-0.13153067231178284,0.22153747081756592,0.6721306443214417,-0.06646134704351425,0.3340725600719452,0.6755650043487549,-0.1100296899676323,0.3493826985359192,0.7344313263893127,-0.10956642031669617,0.328180730342865,0.7478994131088257,-0.10387097299098969,0.22263064980506897,0.7584400773048401,-0.08088456839323044,0.3436465263366699,0.7710988521575928,-0.11737507581710815,0.338920533657074,0.8070735335350037,-0.10306569188833237,0.3097667992115021,0.8064305186271667,-0.08834496140480042,0.23466263711452484,0.8462137579917908,-0.09751653671264648,0.32564717531204224,0.8476569652557373,-0.1204298809170723,0.3222000002861023,0.8647497296333313,-0.11134061962366104,0.29645341634750366,0.8663734793663025,-0.09939135611057281
H,0.23696017265319824,0.8749289512634277,1.186256554319698e-06,0.26667681336402893,0.7452114820480347,-0.0210551880300045,0.3049243092536926,0.660499095916748,-0.06007065251469612,0.3481706976890564,0.6470364332199097,-0.09942100197076797,0.3793082535266876,0.6375017166137695,-0.13917715847492218,0.2584593594074249,0.6144947409629822,-0.09424196183681488,0.3457779884338379,0.5901732444763184,-0.14675921201705933,0.40229135751724243,0.5876356363296509,-0.1822662353515625,0.44998663663864136,0.5886878967285156,-0.2061433047056198,0.240097314119339,0.7136661410331726,-0.11043738573789597,0.35273900628089905,0.676800549030304,-0.16514556109905243,0.41882646083831787,0.6672211289405823,-0.18432024121284485,0.47167158126831055,0.6549348831176758,-0.19835607707500458,0.24358722567558289,0.8138622045516968,-0.12469637393951416,0.35951751470565796,0.7850372195243835,-0.16070091724395752,0.351164311170578,0.8089381456375122,-0.14350610971450806,0.3219567835330963,0.8239557147026062,-0.13116402924060822,0.2546733021736145,0.8982120156288147,-0.14251936972141266,0.3494296371936798,0.8688350319862366,-0.16124308109283447,0.34122103452682495,0.8701099157333374,-0.14346471428871155,0.3123965561389923,0.8745431900024414,-0.13019701838493347
H,0.2396286278963089,0.9266371726989746,5.431168119685026e-07,0.2722174823284149,0.812474250793457,-0.0258310679346323,0.2852059602737427,0.6938560009002686,-0.04441418498754501,0.28032469749450684,0.6438725590705872,-0.06273996084928513,0.26145219802856445,0.6679180860519409,-0.0790724828839302,0.1845400035381317,0.6540645360946655,-0.03464289382100105,0.17533990740776062,0.5857527852058411,-0.07734975963830948,0.19520843029022217,0.553764820098877,-0.10560011118650436,0.22456985712051392,0.5381619334220886,-0.1208830177783966,0.14253082871437073,0.7027696371078491,-0.041217852383852005,0.15460693836212158,0.6698681712150574,-0.08496920764446259,0.1876353770494461,0.6433787941932678,-0.10342475771903992,0.21777386963367462,0.6204270124435425,-0.10890120267868042,0.11902621388435364,0.7821171879768372,-0.052075859159231186,0.19546014070510864,0.8300402760505676,-0.0863017663359642,0.215621680021286,0.8516262769699097,-0.08807171136140823,0.2111610323190689,0.8457942605018616,-0.08303318917751312,0.11114173382520676,0.8743714690208435,-0.06719432771205902,0.18025299906730652,0.9254830479621887,-0.08736265450716019,0.2024374157190323,0.927678644657135,-0.08719515055418015,0.19607888162136078,0.9082662463188171,-0.08324506133794785
H,0.27164605259895325,0.9372122883796692,6.036602826497983e-07,0.30427876114845276,0.8119073510169983,-0.03478515148162842,0.2974452078342438,0.6675676703453064,-0.045860689133405685,0.2498769462108612,0.6170981526374817,-0.05642027035355568,0.20262491703033447,0.6418848037719727,-0.06696892529726028,0.20276577770709991,0.617918848991394,-0.026055753231048584,0.1544487178325653,0.5231287479400635,-0.054813649505376816,0.11482124030590057,0.46856656670570374,-0.07333044707775116,0.07892576605081558,0.4195617735385895,-0.08365810662508011,0.1611100435256958,0.674204409122467,-0.029276348650455475,0.10822368413209915,0.5745453834533691,-0.06332523375749588,0.06737066805362701,0.508590817451477,-0.08359381556510925,0.030630096793174744,0.44984471797943115,-0.09129826724529266,0.1366012990474701,0.7511427402496338,-0.036291252821683884,0.10503565520048141,0.7272689342498779,-0.08799534291028976,0.15812118351459503,0.7928167581558228,-0.09361355006694794,0.19923599064350128,0.8367583155632019,-0.08025596290826797,0.1239929273724556,0.8458253145217896,-0.04530544579029083,0.10182327032089233,0.8234093189239502,-0.08325362950563431,0.14536017179489136,0.8519845008850098,-0.07856585830450058,0.18131007254123688,0.8735145330429077,-0.0640547126531601
H,0.29311418533325195,0.9190858602523804,1.0321381296307663e-06,0.3092285990715027,0.7985286116600037,-0.011111684143543243,0.3541417419910431,0.7069106698036194,-0.03575452044606209,0.40519416332244873,0.6850215196609497,-0.0609380304813385,0.44096121191978455,0.6795013546943665,-0.08632238209247589,0.3403627574443817,0.6646513938903809,-0.07053631544113159,0.42627599835395813,0.6328674554824829,-0.10678914189338684,0.47865357995033264,0.6228956580162048,-0.1302030235528946,0.5218602418899536,0.6163150668144226,-0.14567123353481293,0.3322642147541046,0.7496217489242554,-0.08465612679719925,0.43563199043273926,0.7028476595878601,-0.11988628655672073,0.49512800574302673,0.6826657056808472,-0.13135820627212524,0.5439342856407166,0.668131411075592,-0.1408066749572754,0.33542853593826294,0.8418842554092407,-0.09640663117170334,0.4405548870563507,0.8050632476806641,-0.12185468524694443,0.4215553104877472,0.8205540180206299,-0.10863937437534332,0.38996756076812744,0.833281934261322,-0.09813936799764633,0.34510233998298645,0.9250865578651428,-0.10986816138029099,0.4284648895263672,0.8834542632102966,-0.12484253942966461,0.4132603108882904,0.8839480876922607,-0.11105905473232269,0.3831612169742584,0.8933915495872498,-0.09948422014713287
H,0.46147388219833374,0.8762161731719971,5.132403657626128e-07,0.4796566963195801,0.7541455626487732,-0.0004988086293451488,0.5197202563285828,0.6733805537223816,-0.008091817609965801,0.5686726570129395,0.6540824770927429,-0.015099789947271347,0.600571870803833,0.6655585765838623,-0.022284120321273804,0.5641939640045166,0.7094497680664062,-0.03565416857600212,0.6447109580039978,0.6962167620658875,-0.04824873432517052,0.6882187128067017,0.6920543909072876,-0.05216006934642792,0.7199787497520447,0.692518949508667,-0.052706215530633926,0.5774089097976685,0.7854511141777039,-0.03935873135924339,0.6588408350944519,0.7574567794799805,-0.04606250301003456,0.7052428126335144,0.7397332191467285,-0.04488444700837135,0.7369985580444336,0.7327327132225037,-0.04393927752971649,0.5825986266136169,0.8603675961494446,-0.03967398405075073,0.6281874775886536,0.8252162933349609,-0.04187902808189392,0.6093871593475342,0.8175570368766785,-0.030381878837943077,0.5838330388069153,0.824995219707489,-0.020693669095635414,0.5806154608726501,0.92558354139328,-0.03983980417251587,0.6067692637443542,0.8843288421630859,-0.038337744772434235,0.5910122394561768,0.8742297887802124,-0.024794723838567734,0.5727213621139526,0.8843485116958618,-0.01240584347397089
H,0.22832071781158447,0.7166881561279297,9.253006396647834e-07,0.23874706029891968,0.6067721247673035,-0.0049473680555820465,0.2664586305618286,0.5172457098960876,-0.0259015504270792,0.3030967712402344,0.4799578785896301,-0.04944630339741707,0.3291932940483093,0.45527374744415283,-0.07279820740222931,0.2559743821620941,0.44708067178726196,-0.05303605645895004,0.3290627598762512,0.39075058698654175,-0.0886150375008583,0.3751802146434784,0.3639540672302246,-0.11284240335226059,0.4130120575428009,0.3404330015182495,-0.12880337238311768,0.2514856159687042,0.5100575685501099,-0.06952010840177536,0.3385816812515259,0.44484129548072815,-0.10793715715408325,0.39270201325416565,0.41098010540008545,-0.12533685564994812,0.4369729161262512,0.3802918493747711,-0.13762329518795013,0.258897989988327,0.5838713049888611,-0.08369099348783493,0.353199303150177,0.5580751299858093,-0.11217732727527618,0.3401620090007782,0.5912748575210571,-0.1032809391617775,0.3126034140586853,0.609412670135498,-0.0945742204785347,0.2708739638328552,0.6529533863067627,-0.09910722076892853,0.3473396897315979,0.6264978647232056,-0.11582572013139725,0.33708804845809937,0.6418700218200684,-0.10474923998117447,0.31113648414611816,0.6510112285614014,-0.09458910673856735
H,0.24648845195770264,0.7548667192459106,7.04723390754225e-07,0.2726759910583496,0.6526772975921631,-0.009316664189100266,0.280571311712265,0.5556621551513672,-0.02321529947221279,0.2773030698299408,0.4970158636569977,-0.039692506194114685,0.2616214454174042,0.5019661784172058,-0.05624919757246971,0.19560536742210388,0.49449023604393005,-0.01574109122157097,0.22432434558868408,0.43053138256073,-0.04726821184158325,0.24532167613506317,0.3780786693096161,-0.07140310853719711,0.26266661286354065,0.32962295413017273,-0.08728409558534622,0.1658630520105362,0.5310973525047302,-0.029177896678447723,0.21163718402385712,0.4629158675670624,-0.06253732740879059,0.2443651705980301,0.4068562388420105,-0.08027423173189163,0.2662464678287506,0.3521312475204468,-0.08925876766443253,0.15167784690856934,0.5907683968544006,-0.04453039914369583,0.23388580977916718,0.5810717344284058,-0.0774695947766304,0.2561415731906891,0.634476363658905,-0.07626637816429138,0.25527459383010864,0.6627461910247803,-0.06868508458137512,0.15238985419273376,0.6610760688781738,-0.06176168844103813,0.22121264040470123,0.6600783467292786,-0.0817689523100853,0.2407514452934265,0.6892231702804565,-0.07688456028699875,0.23429276049137115,0.702254056930542,-0.06925559043884277
H,0.1916789561510086,0.8156004548072815,9.670758345237118e-07,0.21458953619003296,0.6957442760467529,-0.004222899209707975,0.2678426504135132,0.6219968199729919,-0.02614610828459263,0.3217778503894806,0.6189267039299011,-0.04894750192761421,0.36038267612457275,0.628736138343811,-0.07218313217163086,0.2752642333507538,0.5741491317749023,-0.06829841434955597,0.3689406216144562,0.5607123970985413,-0.09962877631187439,0.4221227765083313,0.5629330277442932,-0.11734934896230698,0.4636094570159912,0.5687309503555298,-0.12789173424243927,0.2635830044746399,0.651473879814148,-0.08255672454833984,0.37347158789634705,0.632146418094635,-0.11364223062992096,0.4337458312511444,0.6273490190505981,-0.1219438761472702,0.479594349861145,0.6251692175865173,-0.12856155633926392,0.26033830642700195,0.739112377166748,-0.09278818964958191,0.36563724279403687,0.7393370270729065,-0.11306796967983246,0.34455105662345886,0.7483910322189331,-0.09701987355947495,0.31124600768089294,0.7485229969024658,-0.08454859256744385,0.261161208152771,0.8204541206359863,-0.10377264022827148,0.3456979990005493,0.8088502287864685,-0.11221516877412796,0.32964789867401123,0.8068336844444275,-0.09428813308477402,0.2988145649433136,0.8039624691009521,-0.07983890920877457
H,0.2283543050289154,0.8097614049911499,8.941755709201971e-07,0.25004842877388,0.6896994709968567,-0.0048808990977704525,0.30230724811553955,0.6179748773574829,-0.02427278645336628,0.3559742867946625,0.627556562423706,-0.04286208748817444,0.39606937766075134,0.6574842929840088,-0.06158355623483658,0.32192039489746094,0.5887042284011841,-0.06519711762666702,0.4182446599006653,0.5914317965507507,-0.0881199911236763,0.46919333934783936,0.5916774272918701,-0.09801250696182251,0.5083812475204468,0.595392107963562,-0.103615403175354,0.3195306658744812,0.6709897518157959,-0.07516231387853622,0.42552047967910767,0.6536712050437927,-0.09721487760543823,0.48156487941741943,0.6478826999664307,-0.09969179332256317,0.5238993167877197,0.646716296672821,-0.10262251645326614,0.3182998597621918,0.7591453790664673,-0.08066564053297043,0.41079699993133545,0.7537431716918945,-0.09528188407421112,0.3857974410057068,0.7541674375534058,-0.07704228907823563,0.35232144594192505,0.7535619735717773,-0.0629371777176857,0.316092848777771,0.8407914638519287,-0.08652164787054062,0.38939368724823,0.8203783631324768,-0.0920029804110527,0.3711794316768646,0.8142925500869751,-0.07314415276050568,0.34241732954978943,0.8126977682113647,-0.05785130336880684
H,0.19606773555278778,0.7810526490211487,1.0263406693411525e-06,0.22301138937473297,0.6679585576057434,-0.015339084900915623,0.23823393881320953,0.5886470675468445,-0.04709868133068085,0.2616448998451233,0.5470053553581238,-0.08015511184930801,0.28461864590644836,0.5020980834960938,-0.11299695074558258,0.18337401747703552,0.5236825346946716,-0.07008994370698929,0.23841890692710876,0.47618091106414795,-0.12367938458919525,0.27640578150749207,0.44124338030815125,-0.1606663316488266,0.31261029839515686,0.4096943438053131,-0.18581154942512512,0.16053129732608795,0.5873018503189087,-0.08790189027786255,0.23592588305473328,0.5299652218818665,-0.15343637764453888,0.2865128517150879,0.495021253824234,-0.18527591228485107,0.32857319712638855,0.46039247512817383,-0.2049761414527893,0.1580427885055542,0.6625471115112305,-0.10370112210512161,0.2482077032327652,0.6430963277816772,-0.15014517307281494,0.25333690643310547,0.6778737902641296,-0.14146564900875092,0.23830950260162354,0.6972187161445618,-0.13214296102523804,0.16242074966430664,0.7371447086334229,-0.12209413200616837,0.23695288598537445,0.7242724299430847,-0.1507120281457901,0.24307337403297424,0.7364853620529175,-0.14123782515525818,0.22293013334274292,0.7384500503540039,-0.13169775903224945
H,0.20226344466209412,0.814234733581543,6.156196263873426e-07,0.23724335432052612,0.7028884887695312,-0.02704923041164875,0.2414112389087677,0.567744791507721,-0.03656384348869324,0.21033862233161926,0.5002907514572144,-0.04611704871058464,0.17489323019981384,0.5225129127502441,-0.05476894974708557,0.15324196219444275,0.5137778520584106,-0.022863518446683884,0.13203120231628418,0.42644408345222473,-0.04825487732887268,0.11195379495620728,0.3781907260417938,-0.06285928189754486,0.09332113713026047,0.33141544461250305,-0.070473812520504,0.10933234542608261,0.5576101541519165,-0.025496844202280045,0.09565035998821259,0.4844900667667389,-0.058577243238687515,0.08143538236618042,0.42188096046447754,-0.07602208852767944,0.06816540658473969,0.36143165826797485,-0.08136755228042603,0.07726280391216278,0.6233819127082825,-0.031222568824887276,0.11063309013843536,0.6302449107170105,-0.07242288440465927,0.1508488804101944,0.6849607229232788,-0.07752492278814316,0.17650115489959717,0.7185102701187134,-0.06702543050050735,0.05669868737459183,0.7036595344543457,-0.03958093374967575,0.09261270612478256,0.712306022644043,-0.06507541239261627,0.12747101485729218,0.7377133369445801,-0.06445630639791489,0.14815425872802734,0.7495006322860718,-0.055830471217632294
H,0.19754363596439362,0.8695595264434814,9.338787663182302e-07,0.2224368005990982,0.7407689690589905,-0.004678396042436361,0.27532029151916504,0.6307280659675598,-0.0230525191873312,0.3316613733768463,0.6068511009216309,-0.03920196369290352,0.3738611340522766,0.6418745517730713,-0.05512436851859093,0.3073360025882721,0.6631742119789124,-0.07419005781412125,0.4136175513267517,0.6696071624755859,-0.0969247817993164,0.4694517254829407,0.6728854179382324,-0.10646208375692368,0.5112873911857605,0.6788060665130615,-0.11237087100744247,0.3016756772994995,0.7517719268798828,-0.08277536928653717,0.42424285411834717,0.7390519380569458,-0.10380686074495316,0.48815715312957764,0.7335759401321411,-0.10521010309457779,0.5340596437454224,0.7350951433181763,-0.10799526423215866,0.2965047061443329,0.8439325094223022,-0.08545322716236115,0.4037647843360901,0.8361257314682007,-0.09912998229265213,0.37524670362472534,0.8237589001655579,-0.0782303437590599,0.33440831303596497,0.8155274391174316,-0.06239882856607437,0.29143279790878296,0.9280331134796143,-0.08802196383476257,0.3747415840625763,0.9047529697418213,-0.09592168778181076,0.35285407304763794,0.8861867785453796,-0.07662706822156906,0.31720590591430664,0.877770185470581,-0.06048288568854332
H,0.25080007314682007,0.8658339977264404,6.618948873438057e-07,0.2763785719871521,0.7394682168960571,-0.03338552638888359,0.274203896522522,0.589133620262146,-0.05021289736032486,0.24398286640644073,0.5411784052848816,-0.0656520426273346,0.22933830320835114,0.5934740900993347,-0.07901441305875778,0.19014501571655273,0.5620566606521606,-0.0374743677675724,0.16934837400913239,0.5004515647888184,-0.07890331000089645,0.1528601050376892,0.46489301323890686,-0.1038888543844223,0.14034050703048706,0.4440732002258301,-0.11759757250547409,0.13815823197364807,0.6211966276168823,-0.041973989456892014,0.12750574946403503,0.5782535076141357,-0.09229802340269089,0.12320505082607269,0.5427252054214478,-0.11429031938314438,0.11873334646224976,0.5119609832763672,-0.11982598900794983,0.10333086550235748,0.7091042399406433,-0.05120707303285599,0.15948596596717834,0.7365185618400574,-0.0996958315372467,0.20562930405139923,0.7753946781158447,-0.10271554440259933,0.22684086859226227,0.7879994511604309,-0.09092257171869278,0.08651858568191528,0.8060312867164612,-0.06440357863903046,0.14880095422267914,0.8329817056655884,-0.08989643305540085,0.18678201735019684,0.8474758863449097,-0.08920589089393616,0.19788722693920135,0.8389520645141602,-0.0819404274225235
H,0.2965773046016693,0.7910522222518921,1.0638440244292724e-06,0.31247448921203613,0.6646782159805298,-0.012456947937607765,0.3614014983177185,0.5752875208854675,-0.03966832533478737,0.4187527000904083,0.5737221240997314,-0.06470071524381638,0.4619121253490448,0.5974305868148804,-0.0894705280661583,0.3661174178123474,0.5559431910514832,-0.08575773984193802,0.46947768330574036,0.5427582859992981,-0.11558037996292114,0.5224543809890747,0.5432005524635315,-0.13061481714248657,0.5637345314025879,0.5460758209228516,-0.13998933136463165,0.3625355362892151,0.6468051671981812,-0.09497889876365662,0.47609376907348633,0.6185317635536194,-0.12490810453891754,0.5390564203262329,0.60701984167099,-0.1293603479862213,0.5867531299591064,0.6044207811355591,-0.13398191332817078,0.3651803731918335,0.73945152759552,-0.09963467717170715,0.4744209945201874,0.7117040157318115,-0.11643277108669281,0.45023277401924133,0.7128180265426636,-0.09631426632404327,0.4136863648891449,0.7192312479019165,-0.08200434595346451,0.37135010957717896,0.8228792548179626,-0.10572591423988342,0.45599478483200073,0.7832715511322021,-0.11222633719444275,0.43747109174728394,0.7739989757537842,-0.09312281757593155,0.40477219223976135,0.7771840691566467,-0.07841076701879501
H,0.26053255796432495,0.9431455731391907,1.3735678976445342e-06,0.2835385203361511,0.7996852993965149,-0.03041108138859272,0.33701446652412415,0.6851007342338562,-0.06420692801475525,0.39427104592323303,0.6694589853286743,-0.09237737953662872,0.43557268381118774,0.7238529324531555,-0.11861827224493027,0.3422974944114685,0.7117277979850769,-0.10151289403438568,0.4640706181526184,0.7288661003112793,-0.13304026424884796,0.5260101556777954,0.7435497641563416,-0.1508118063211441,0.5778794288635254,0.7576957941055298,-0.1634913980960846,0.3358277678489685,0.8259744048118591,-0.1012568473815918,0.46851810812950134,0.8267386555671692,-0.1338091343641281,0.545818567276001,0.8202176690101624,-0.14327400922775269,0.6030566692352295,0.8253860473632812,-0.15298353135585785,0.3386981189250946,0.9305210709571838,-0.09730411320924759,0.472348153591156,0.9074195623397827,-0.11682520061731339,0.45163190364837646,0.8797621130943298,-0.10276999324560165,0.4086478650569916,0.8712072968482971,-0.09249933809041977,0.3507694602012634,1.0112601518630981,-0.09618429839611053,0.45495593547821045,0.977763831615448,-0.10813339054584503,0.44026637077331543,0.9506605863571167,-0.0976790115237236,0.40206295251846313,0.9451972842216492,-0.08944880962371826
H,0.2843923568725586,0.704138994216919,1.102653868656489e-06,0.2951475977897644,0.5717214345932007,-0.016827499493956566,0.3279271125793457,0.4486807584762573,-0.04600333049893379,0.3692586123943329,0.40171492099761963,-0.07205456495285034,0.405560702085495,0.4056665599346161,-0.09750667959451675,0.3498688340187073,0.45614147186279297,-0.09168306738138199,0.4548720717430115,0.43048882484436035,-0.12240283936262131,0.508952260017395,0.42458081245422363,-0.1396131068468094,0.5528181195259094,0.42004287242889404,-0.15166990458965302,0.3456992506980896,0.550163209438324,-0.09936392307281494,0.4629480242729187,0.5092384815216064,-0.13005684316158295,0.5274372100830078,0.4851933419704437,-0.13722093403339386,0.5770256519317627,0.4713279604911804,-0.14498822391033173,0.34915244579315186,0.6489595174789429,-0.10200551897287369,0.46453073620796204,0.6039497256278992,-0.11940301954746246,0.44104626774787903,0.6017892360687256,-0.09882715344429016,0.4004945755004883,0.608549177646637,-0.085113525390625,0.3573300540447235,0.7337008714675903,-0.10644374042749405,0.4472958445549011,0.6847376823425293,-0.11623591929674149,0.4294338524341583,0.6736406087875366,-0.09821918606758118,0.3927886486053467,0.6786371469497681,-0.08453598618507385
H,0.2827422618865967,0.8946332931518555,6.61435763049667e-07,0.3039398193359375,0.7611215710639954,-0.040621399879455566,0.29212063550949097,0.6154636144638062,-0.060345061123371124,0.2646293044090271,0.5460790991783142,-0.0780319795012474,0.25354036688804626,0.5739902853965759,-0.09574302285909653,0.20081284642219543,0.6076385974884033,-0.057775598019361496,0.15921926498413086,0.5490466356277466,-0.09831010550260544,0.12660887837409973,0.5186915397644043,-0.12174185365438461,0.09352510422468185,0.49134498834609985,-0.13544058799743652,0.1505817323923111,0.6829320192337036,-0.058900877833366394,0.12557999789714813,0.6409363150596619,-0.10739215463399887,0.0991441085934639,0.605575442314148,-0.12850648164749146,0.06970443576574326,0.5681090354919434,-0.13556259870529175,0.12122303992509842,0.7795196771621704,-0.06351564079523087,0.15906694531440735,0.7984664440155029,-0.11598064005374908,0.2172052562236786,0.8215153813362122,-0.12136061489582062,0.25329816341400146,0.8256489038467407,-0.11037549376487732,0.1108807772397995,0.8825998306274414,-0.0721655935049057,0.15635961294174194,0.9020882844924927,-0.10428320616483688,0.20124684274196625,0.8985575437545776,-0.1057787537574768,0.22930020093917847,0.8808066248893738,-0.09877035766839981
H,0.8068504929542542,0.8142588138580322,-1.625589760578805e-07,0.786736786365509,0.7159400582313538,-0.020640073344111443,0.7728393077850342,0.6381685137748718,-0.054529350250959396,0.7610459327697754,0.5946928262710571,-0.08275998383760452,0.7555650472640991,0.5407098531723022,-0.11221463233232498,0.8085047006607056,0.6108489632606506,-0.11977798491716385,0.7535383105278015,0.5873278379440308,-0.15821115672588348,0.7129179835319519,0.5907295942306519,-0.1675293743610382,0.6790251731872559,0.5929896831512451,-0.1729094237089157,0.8182000517845154,0.6775453686714172,-0.12895938754081726,0.7379047870635986,0.6522829532623291,-0.17654100060462952,0.6908740401268005,0.6545243263244629,-0.17913581430912018,0.6540799736976624,0.6638590097427368,-0.18040543794631958,0.8139759302139282,0.7559389472007751,-0.13355007767677307,0.7394620180130005,0.7462708950042725,-0.16598984599113464,0.7429784536361694,0.7610246539115906,-0.14304473996162415,0.759526789188385,0.7681496143341064,-0.12745948135852814,0.8035654425621033,0.8247753381729126,-0.13865913450717926,0.7426149249076843,0.8093067407608032,-0.16394266486167908,0.7462741136550903,0.8122230172157288,-0.15160730481147766,0.7658585906028748,0.809965193271637,-0.14073513448238373
H,0.7314338684082031,0.8330760598182678,-7.003076785139228e-09,0.7157996296882629,0.7291237711906433,0.0016805920749902725,0.6828057765960693,0.6412642598152161,-0.005588524043560028,0.6460442543029785,0.6079071760177612,-0.011693191714584827,0.6149623394012451,0.6239230632781982,-0.01982022263109684,0.6605333089828491,0.6485964059829712,-0.04205959662795067,0.5802796483039856,0.6545533537864685,-0.05606408417224884,0.5385229587554932,0.6686289310455322,-0.06361214071512222,0.5054901838302612,0.6803665161132812,-0.06822555512189865,0.6592129468917847,0.7192755937576294,-0.04987509921193123,0.5726962089538574,0.7170563340187073,-0.06244799122214317,0.5229039788246155,0.7189459800720215,-0.0662630945444107,0.4848102927207947,0.7241992950439453,-0.07117203623056412,0.6570354104042053,0.7893868088722229,-0.053815603256225586,0.5834630131721497,0.7774931192398071,-0.06417188048362732,0.5980360507965088,0.7689982056617737,-0.05573846027255058,0.6201549172401428,0.7674148678779602,-0.04941163584589958,0.6524838209152222,0.8550959825515747,-0.056983042508363724,0.5970398187637329,0.8272218704223633,-0.06461167335510254,0.6087045073509216,0.8174694776535034,-0.05468671768903732,0.628054141998291,0.8114501237869263,-0.046436555683612823
H,0.7863810062408447,0.8263422250747681,-4.809840561392775e-07,0.7805804014205933,0.7459772825241089,-0.03545429930090904,0.7918872833251953,0.6534551978111267,-0.05902443453669548,0.8006075024604797,0.6041346192359924,-0.07911226898431778,0.8086299896240234,0.6221510171890259,-0.09458964318037033,0.8639233112335205,0.674079179763794,-0.044827017933130264,0.8471627831459045,0.6656475067138672,-0.08092179149389267,0.8182991743087769,0.6898006796836853,-0.10113703459501266,0.7902872562408447,0.7198789119720459,-0.11126679182052612,0.8858214020729065,0.753427267074585,-0.043004922568798065,0.8387628197669983,0.7674537301063538,-0.08298278599977493,0.8000131845474243,0.7794915437698364,-0.09398049116134644,0.7712122201919556,0.7897824645042419,-0.09504322707653046,0.8867078423500061,0.829856812953949,-0.045553334057331085,0.8335523009300232,0.8369007110595703,-0.07777074724435806,0.8037883639335632,0.838507890701294,-0.07106056809425354,0.790119469165802,0.8348910808563232,-0.060590773820877075,0.8781751990318298,0.897825300693512,-0.052213795483112335,0.8274305462837219,0.9026867747306824,-0.07359139621257782,0.8035032749176025,0.8953940868377686,-0.07134783267974854,0.7958657741546631,0.8832996487617493,-0.06510075181722641
H,0.028263360261917114,0.8579306602478027,1.0808552133312332e-06,0.06132178008556366,0.7084274291992188,-0.0036618653684854507,0.12891408801078796,0.6109165549278259,-0.024716613814234734,0.19445699453353882,0.5992586016654968,-0.04686781391501427,0.2458096295595169,0.6121552586555481,-0.06843777745962143,0.14162516593933105,0.5638308525085449,-0.06638665497303009,0.25594568252563477,0.5463391542434692,-0.0963243842124939,0.3181665539741516,0.5375190377235413,-0.11200810968875885,0.367733359336853,0.5355753898620605,-0.1214827448129654,0.13927242159843445,0.6644839644432068,-0.08246288448572159,0.26999229192733765,0.6319824457168579,-0.1114833652973175,0.3406243622303009,0.6111016273498535,-0.11959951370954514,0.3968515694141388,0.5963137149810791,-0.1271122843027115,0.13944143056869507,0.7726426124572754,-0.09426743537187576,0.2725301682949066,0.760001003742218,-0.11675722151994705,0.2416578084230423,0.7638856768608093,-0.09950459003448486,0.19741375744342804,0.7623931765556335,-0.08508136868476868,0.1398613154888153,0.8740555644035339,-0.10650206357240677,0.24071669578552246,0.8479213118553162,-0.11735744774341583,0.2188250720500946,0.836754322052002,-0.09850965440273285,0.17966505885124207,0.82846599817276,-0.08250577747821808
H,0.12993471324443817,0.7446560263633728,8.296017313114135e-07,0.16566435992717743,0.5977603197097778,0.0070395516231656075,0.23192156851291656,0.5198500156402588,-0.002824761439114809,0.2979705035686493,0.5305830240249634,-0.014876766130328178,0.34690022468566895,0.5735726356506348,-0.0261309165507555,0.2717013955116272,0.4920240640640259,-0.040745317935943604,0.38253897428512573,0.47675254940986633,-0.05833614617586136,0.4427310824394226,0.46879276633262634,-0.06411954760551453,0.4882327914237976,0.4644738733768463,-0.06667713075876236,0.2847357392311096,0.5758822560310364,-0.05458332598209381,0.401947557926178,0.5490366816520691,-0.07151158154010773,0.4666157364845276,0.5295178294181824,-0.07520449161529541,0.5156459808349609,0.5150460004806519,-0.07855585217475891,0.28845345973968506,0.6711902022361755,-0.06342096626758575,0.3830690085887909,0.6757282018661499,-0.07244205474853516,0.3520413935184479,0.6833019852638245,-0.05279437080025673,0.3143254518508911,0.6829937696456909,-0.03704316169023514,0.2820413112640381,0.7640424966812134,-0.07210766524076462,0.35043099522590637,0.7523750066757202,-0.0708065927028656,0.3286725580692291,0.7467036843299866,-0.048748500645160675,0.29838457703590393,0.7428231239318848,-0.030495863407850266
H,0.2202775925397873,0.8312968611717224,2.0219448515490512e-07,0.2592894434928894,0.7205101847648621,-0.042924243956804276,0.27137434482574463,0.5938162803649902,-0.06981154531240463,0.2680744230747223,0.5210160613059998,-0.09332156181335449,0.24837271869182587,0.5380171537399292,-0.11539613455533981,0.20346006751060486,0.6010571122169495,-0.0809466764330864,0.17808087170124054,0.5419707894325256,-0.1401364505290985,0.17313839495182037,0.5299937129020691,-0.17352741956710815,0.18174608051776886,0.5463447570800781,-0.18721215426921844,0.1475221961736679,0.669872522354126,-0.08054051548242569,0.14179176092147827,0.6641525030136108,-0.13748423755168915,0.1404496729373932,0.6617118120193481,-0.15273188054561615,0.15085811913013458,0.6692970395088196,-0.15306943655014038,0.11430838704109192,0.7563118934631348,-0.08509262651205063,0.1817840337753296,0.8321561217308044,-0.13521850109100342,0.22820621728897095,0.8384318947792053,-0.1361979842185974,0.26949191093444824,0.8285742998123169,-0.12389054149389267,0.10037419199943542,0.8447948694229126,-0.09484992921352386,0.15745943784713745,0.9072810411453247,-0.12359179556369781,0.189162939786911,0.9128509759902954,-0.12423957139253616,0.2127784788608551,0.8951899409294128,-0.1178540289402008
H,0.3097957968711853,0.7947672605514526,5.333990884537343e-07,0.3580007553100586,0.6995227932929993,-0.0751156285405159,0.37188786268234253,0.5867019295692444,-0.12096797674894333,0.35486772656440735,0.509615421295166,-0.15813224017620087,0.3197862505912781,0.4357249438762665,-0.1943987011909485,0.2750229239463806,0.5330884456634521,-0.12928394973278046,0.21116630733013153,0.4701139032840729,-0.199916273355484,0.16329771280288696,0.44311603903770447,-0.2394687980413437,0.1154765784740448,0.42568260431289673,-0.2601051330566406,0.219881072640419,0.5964159369468689,-0.12113945186138153,0.1643235683441162,0.568794846534729,-0.20401126146316528,0.106269970536232,0.5424779653549194,-0.2410792112350464,0.05078580975532532,0.5196042656898499,-0.25656238198280334,0.18744173645973206,0.6758015155792236,-0.1168353483080864,0.2069023847579956,0.7610665559768677,-0.2012823522090912,0.276528924703598,0.8151062726974487,-0.2082812786102295,0.3305644690990448,0.834007978439331,-0.19291841983795166,0.17593863606452942,0.758692741394043,-0.11784132570028305,0.1807243376970291,0.8313100337982178,-0.1752605438232422,0.22556959092617035,0.8660579919815063,-0.17578862607479095,0.26668140292167664,0.8696541786193848,-0.16384363174438477
H,0.1939406543970108,0.7557511925697327,8.166442171386734e-07,0.2217487096786499,0.6274252533912659,-0.003974653780460358,0.2844234108924866,0.5279031991958618,-0.02104632370173931,0.3424989581108093,0.4819459915161133,-0.03653297573328018,0.38624638319015503,0.4412069320678711,-0.05139734223484993,0.30418431758880615,0.5274819135665894,-0.07405797392129898,0.39891618490219116,0.5150927305221558,-0.10123458504676819,0.45239201188087463,0.5118112564086914,-0.11293528228998184,0.4933605194091797,0.5158721208572388,-0.11979230493307114,0.29974183440208435,0.6157079935073853,-0.0864335373044014,0.41495025157928467,0.6002772450447083,-0.11545966565608978,0.47723740339279175,0.5904146432876587,-0.12196170538663864,0.5227485299110413,0.5846039652824402,-0.12823419272899628,0.295126736164093,0.7137644290924072,-0.09327583014965057,0.4159288704395294,0.7233152985572815,-0.11503778398036957,0.395508736371994,0.7209855914115906,-0.09769884496927261,0.3611282408237457,0.7119556069374084,-0.08412245661020279,0.29025837779045105,0.8069410920143127,-0.09968815743923187,0.3821307122707367,0.8025939464569092,-0.11161290854215622,0.36363130807876587,0.7866785526275635,-0.09543534368276596,0.32916882634162903,0.7726036906242371,-0.08202941715717316
H,0.25409820675849915,0.8374944925308228,4.723109441329143e-07,0.3025176525115967,0.7306309938430786,-0.045641884207725525,0.3138645887374878,0.6258333921432495,-0.08255522698163986,0.31150972843170166,0.5439795255661011,-0.11351514607667923,0.3116148114204407,0.45644301176071167,-0.1444179117679596,0.2594757080078125,0.6041747331619263,-0.11265783756971359,0.246036097407341,0.5386819243431091,-0.17580711841583252,0.23734179139137268,0.5152559280395508,-0.2141955941915512,0.22984223067760468,0.5107901096343994,-0.23671530187129974,0.21642151474952698,0.6617288589477539,-0.11793609708547592,0.21121084690093994,0.63427734375,-0.19132499396800995,0.2059861272573471,0.6067265868186951,-0.22733545303344727,0.20475050806999207,0.5842620134353638,-0.2486875355243683,0.194161057472229,0.7442808151245117,-0.12381859868764877,0.24739845097064972,0.7711901068687439,-0.19237521290779114,0.29953932762145996,0.7882415652275085,-0.20452319085597992,0.3443504869937897,0.799740195274353,-0.20442497730255127,0.19506582617759705,0.8368664979934692,-0.1322544664144516,0.23940156400203705,0.8645369410514832,-0.17995710670948029,0.2768796980381012,0.8773648738861084,-0.18709370493888855,0.3049394190311432,0.8821498155593872,-0.18772639334201813
H,0.16811585426330566,0.8310896158218384,8.851083634908719e-07,0.19526003301143646,0.6941487789154053,-0.0042184083722531796,0.2584627568721771,0.5882300138473511,-0.021961292251944542,0.31522563099861145,0.5329906940460205,-0.03852766007184982,0.3531053066253662,0.4738977253437042,-0.054289959371089935,0.2730693519115448,0.5740971565246582,-0.07287633419036865,0.3739261031150818,0.5566600561141968,-0.1014561727643013,0.4296029210090637,0.5520544648170471,-0.11356388032436371,0.4730139374732971,0.555458664894104,-0.11991249024868011,0.27086207270622253,0.6634126901626587,-0.08589033782482147,0.39041635394096375,0.6354642510414124,-0.11535261571407318,0.45575547218322754,0.6204996705055237,-0.120846226811409,0.5053916573524475,0.6108009815216064,-0.1260201632976532,0.2695436477661133,0.7629933953285217,-0.09392187744379044,0.3922492265701294,0.7612473368644714,-0.11600109934806824,0.3707887828350067,0.7643579840660095,-0.09795993566513062,0.3359394967556,0.7586612701416016,-0.08358702808618546,0.2678951621055603,0.8590207099914551,-0.10180855542421341,0.36306875944137573,0.8442150950431824,-0.11208236217498779,0.34526434540748596,0.8334142565727234,-0.0944225862622261,0.31103262305259705,0.8232046365737915,-0.08012469112873077
H,0.3459368348121643,0.7863661050796509,8.87243743363797e-07,0.3834487795829773,0.6717652678489685,-0.08103595674037933,0.37431344389915466,0.5623210072517395,-0.13159626722335815,0.3432488441467285,0.48558610677719116,-0.17105421423912048,0.31222739815711975,0.3985150456428528,-0.21003931760787964,0.28278031945228577,0.5413556098937988,-0.15067197382450104,0.20584289729595184,0.4709334373474121,-0.22493816912174225,0.15214648842811584,0.4475380778312683,-0.26392239332199097,0.09932813048362732,0.4296836853027344,-0.28555113077163696,0.2325647473335266,0.6244038343429565,-0.14179804921150208,0.16377481818199158,0.578510046005249,-0.23034849762916565,0.10026752948760986,0.5504468679428101,-0.2688331604003906,0.040205225348472595,0.5284614562988281,-0.28469544649124146,0.20852603018283844,0.7212724089622498,-0.13504661619663239,0.21499857306480408,0.7698355913162231,-0.22623135149478912,0.2870786190032959,0.7993263602256775,-0.23344895243644714,0.34189292788505554,0.8058633804321289,-0.21760466694831848,0.20617663860321045,0.8172234296798706,-0.1333814412355423,0.23222754895687103,0.8816162943840027,-0.2053568959236145,0.29251405596733093,0.891004204750061,-0.21179980039596558,0.33827558159828186,0.8792692422866821,-0.20096440613269806
H,0.1929987668991089,0.799203097820282,8.440834449174872e-07,0.22979646921157837,0.6579059362411499,0.002386889886111021,0.299132764339447,0.5630587935447693,-0.008361670188605785,0.36474230885505676,0.5262472629547119,-0.018335532397031784,0.41240745782852173,0.4970554709434509,-0.02759501151740551,0.3438189625740051,0.5894228219985962,-0.058248139917850494,0.45613330602645874,0.604312539100647,-0.07942769676446915,0.5157377123832703,0.6149917244911194,-0.0872974842786789,0.5602787137031555,0.630557119846344,-0.09037713706493378,0.34274840354919434,0.6839995980262756,-0.06883592903614044,0.4688236117362976,0.6876564025878906,-0.08589128404855728,0.5386655330657959,0.6952210664749146,-0.0857597291469574,0.5882354378700256,0.7082727551460266,-0.08718942850828171,0.3354637324810028,0.7825527787208557,-0.07385676354169846,0.4435528516769409,0.795139491558075,-0.08346176892518997,0.4159129858016968,0.7781387567520142,-0.06137605383992195,0.37741538882255554,0.7627360224723816,-0.045165084302425385,0.32263028621673584,0.8710303902626038,-0.07850911468267441,0.3990926146507263,0.866055965423584,-0.08155081421136856,0.3763093054294586,0.8427289724349976,-0.06068144738674164,0.3435778319835663,0.8260492086410522,-0.043521247804164886
H,0.17954283952713013,0.8021944761276245,8.614272815066215e-07,0.20066961646080017,0.6721794009208679,-0.007907791063189507,0.25581052899360657,0.5611256957054138,-0.03004731796681881,0.30414775013923645,0.49258291721343994,-0.04984726384282112,0.3346303403377533,0.4092315137386322,-0.06892862170934677,0.24191464483737946,0.5454578995704651,-0.08811917155981064,0.3231387734413147,0.5137190222740173,-0.12499289214611053,0.3740975856781006,0.5117679238319397,-0.14483673870563507,0.41591891646385193,0.516556441783905,-0.15677137672901154,0.23142139613628387,0.6416972279548645,-0.101378433406353,0.3431134819984436,0.6107012629508972,-0.13775844871997833,0.405448317527771,0.600476086139679,-0.147124245762825,0.4538000226020813,0.5965614914894104,-0.15579096972942352,0.23416578769683838,0.7501679062843323,-0.10955739766359329,0.36154770851135254,0.7407004833221436,-0.1338946372270584,0.353304386138916,0.7439380884170532,-0.11688980460166931,0.3236929178237915,0.7434957027435303,-0.10508919507265091,0.2459598332643509,0.8491373658180237,-0.11817775666713715,0.34686917066574097,0.8316471576690674,-0.13219928741455078,0.33821794390678406,0.8143389821052551,-0.11744432151317596,0.30883660912513733,0.8029035925865173,-0.10579997301101685
I,0.27615731954574585,0.8148002624511719,-4.547677860955446e-07,0.33396726846694946,0.7947099208831787,-0.022548066452145576,0.3852089047431946,0.722157895565033,-0.030641870573163033,0.4061872661113739,0.638828456401825,-0.038458000868558884,0.4011971056461334,0.5608765482902527,-0.041835710406303406,0.3658234477043152,0.5928909182548523,-0.012863331474363804,0.3725549280643463,0.5388967990875244,-0.039612457156181335,0.35983842611312866,0.6117649078369141,-0.05197671055793762,0.35038384795188904,0.6751223802566528,-0.05319293215870857,0.3292831778526306,0.5729485750198364,-0.010583569295704365,0.3384159803390503,0.5269228219985962,-0.045020692050457,0.328506737947464,0.6235836148262024,-0.055898457765579224,0.32061269879341125,0.6947475075721741,-0.053684815764427185,0.29154151678085327,0.5647717118263245,-0.0127988550812006,0.2972802519798279,0.49114280939102173,-0.04227030277252197,0.2987458407878876,0.5774047374725342,-0.04350688308477402,0.30066001415252686,0.6512627601623535,-0.035034600645303726,0.2541494071483612,0.570777416229248,-0.01688646711409092,0.24265673756599426,0.47670987248420715,-0.0327630452811718,0.2347833812236786,0.4146731197834015,-0.038253068923950195,0.23115721344947815,0.35434916615486145,-0.03810126334428787
I,0.2766772508621216,0.7856674194335938,-3.8526846424247196e-07,0.3369721472263336,0.7754223346710205,-0.019569652155041695,0.39348500967025757,0.7075081467628479,-0.025272240862250328,0.4169718325138092,0.6248947381973267,-0.03135015070438385,0.40347570180892944,0.5574949979782104,-0.03387496620416641,0.3703095614910126,0.5921812057495117,-0.008375109173357487,0.38184183835983276,0.5343044400215149,-0.03283445164561272,0.3676670491695404,0.604641318321228,-0.04364962503314018,0.35582298040390015,0.6654958724975586,-0.04353814199566841,0.338198184967041,0.5667415261268616,-0.006548582576215267,0.34880444407463074,0.5133604407310486,-0.038077473640441895,0.33486297726631165,0.6042200326919556,-0.04750434309244156,0.3247869908809662,0.671649694442749,-0.04385806620121002,0.30434921383857727,0.5521304607391357,-0.008775304071605206,0.3139263689517975,0.4809665381908417,-0.03590596839785576,0.3089253306388855,0.5657881498336792,-0.0350535586476326,0.305590957403183,0.6368648409843445,-0.02428186871111393,0.26905301213264465,0.547364354133606,-0.012728221714496613,0.2766727805137634,0.44971102476119995,-0.025556020438671112,0.28508180379867554,0.3890397548675537,-0.027969779446721077,0.29597872495651245,0.3342759311199188,-0.025293324142694473
I,0.3114345967769623,0.858955979347229,-3.803348818109953e-07,0.36330875754356384,0.8257454037666321,-0.019466165453195572,0.4046401381492615,0.7384369373321533,-0.025353332981467247,0.4141615033149719,0.6535201072692871,-0.03149687498807907,0.39470410346984863,0.5932642817497253,-0.03422630578279495,0.36929431557655334,0.6341217756271362,-0.009336836636066437,0.36961695551872253,0.5844992399215698,-0.03413014858961105,0.3681030869483948,0.6559518575668335,-0.04512537270784378,0.36736446619033813,0.7163311839103699,-0.04513578489422798,0.3348753750324249,0.6277159452438354,-0.007774825673550367,0.337791383266449,0.5819875001907349,-0.0397295244038105,0.3392583727836609,0.6726046800613403,-0.049575936049222946,0.33931753039360046,0.7403286695480347,-0.046384505927562714,0.3006880283355713,0.631871223449707,-0.010241882875561714,0.29906415939331055,0.5685442090034485,-0.03791056200861931,0.30846691131591797,0.6488791108131409,-0.03831077367067337,0.3170403838157654,0.7158233523368835,-0.028610818088054657,0.26702818274497986,0.6464914083480835,-0.014334449544548988,0.2568284273147583,0.557719886302948,-0.027515292167663574,0.2539181709289551,0.49991554021835327,-0.03059346228837967,0.254966676235199,0.4463302195072174,-0.02850496582686901
I,0.22578418254852295,0.8459784984588623,-4.1958941210396006e-07,0.2823404371738434,0.8156542778015137,-0.023604754358530045,0.3299710750579834,0.7359669208526611,-0.03215312585234642,0.3445911407470703,0.6494272947311401,-0.04016232118010521,0.32859569787979126,0.5832527875900269,-0.04381492733955383,0.3029717206954956,0.6181133985519409,-0.010089156217873096,0.3044590353965759,0.5660415291786194,-0.03647874295711517,0.2944333553314209,0.6388659477233887,-0.04903213307261467,0.2888168394565582,0.7015479207038879,-0.05001159757375717,0.26664960384368896,0.6049138903617859,-0.006768511142581701,0.27049991488456726,0.5590362548828125,-0.03967532515525818,0.26227006316185,0.6553046703338623,-0.049724504351615906,0.258059561252594,0.723619818687439,-0.04654141888022423,0.23014402389526367,0.6044062376022339,-0.008134065195918083,0.2314886599779129,0.5382015705108643,-0.036945633590221405,0.2324666529893875,0.6208123564720154,-0.037100113928318024,0.23568736016750336,0.6900575160980225,-0.027179431170225143,0.19450265169143677,0.6171006560325623,-0.01151511911302805,0.1829891800880432,0.5256147980690002,-0.025705615058541298,0.17573188245296478,0.464337557554245,-0.029216475784778595,0.17298758029937744,0.4066716134548187,-0.02727055922150612
I,0.5286522507667542,0.6972364187240601,-4.2206642092423863e-07,0.5838257670402527,0.6684761047363281,-0.018065085634589195,0.6286651492118835,0.587750256061554,-0.024124303832650185,0.6448438167572021,0.5092929005622864,-0.0307187307626009,0.6359610557556152,0.4397739768028259,-0.033604785799980164,0.6027475595474243,0.4766275882720947,-0.00956132635474205,0.6098371148109436,0.4294159412384033,-0.034556031227111816,0.6044731736183167,0.5026950240135193,-0.046735744923353195,0.6003546714782715,0.564656138420105,-0.04795327037572861,0.5690075755119324,0.46445798873901367,-0.009066961705684662,0.579267680644989,0.42348232865333557,-0.040134280920028687,0.5762249231338501,0.5158963203430176,-0.050335757434368134,0.5733502507209778,0.5827219486236572,-0.04866594821214676,0.533347487449646,0.4622597098350525,-0.012674535624682903,0.5409327149391174,0.39863699674606323,-0.04005212336778641,0.5454269647598267,0.48200690746307373,-0.04150454327464104,0.5490189790725708,0.55115807056427,-0.033545978367328644,0.49782949686050415,0.4720911979675293,-0.01780737191438675,0.48391252756118774,0.3814340829849243,-0.03203161060810089,0.4755348563194275,0.3212624788284302,-0.036943163722753525,0.4722256064414978,0.2648487687110901,-0.036751892417669296
I,0.6049191951751709,0.7100586295127869,-3.6635987044064677e-07,0.6607053875923157,0.7438861727714539,-0.020142199471592903,0.7279473543167114,0.7226439118385315,-0.026167383417487144,0.7701396942138672,0.6718458533287048,-0.03297394514083862,0.7893902659416199,0.6006051898002625,-0.03587743639945984,0.7383162379264832,0.5967497229576111,-0.009454530663788319,0.7644098401069641,0.5628544092178345,-0.035514432936906815,0.739346981048584,0.625727117061615,-0.04501543194055557,0.7159343361854553,0.6744177341461182,-0.04278424009680748,0.7138100862503052,0.5522514581680298,-0.008701007813215256,0.7400758266448975,0.5263471603393555,-0.04305753484368324,0.7099053859710693,0.6074692606925964,-0.052856672555208206,0.6845443844795227,0.65995192527771,-0.048540834337472916,0.6848231554031372,0.5154277682304382,-0.01239294558763504,0.7145302295684814,0.47054725885391235,-0.04344955086708069,0.6933311223983765,0.5536567568778992,-0.04387638717889786,0.67428058385849,0.6149538159370422,-0.03261418268084526,0.6520392894744873,0.48665955662727356,-0.017644336447119713,0.6851493120193481,0.4038175642490387,-0.03353266790509224,0.7102790474891663,0.3587285876274109,-0.037014078348875046,0.7355297803878784,0.3189658224582672,-0.034146759659051895
I,0.35543879866600037,0.7160239219665527,-3.9314525679401413e-07,0.40718066692352295,0.696617066860199,-0.02085498720407486,0.45331284403800964,0.6264239549636841,-0.027920957654714584,0.46967384219169617,0.5490524768829346,-0.03451663628220558,0.45838502049446106,0.48294833302497864,-0.0368976853787899,0.43043339252471924,0.5157157778739929,-0.011975327506661415,0.4352676272392273,0.4706724286079407,-0.03610583767294884,0.425237238407135,0.5396804809570312,-0.046770207583904266,0.41830188035964966,0.5968407392501831,-0.04722033441066742,0.3978709876537323,0.49925634264945984,-0.009402569383382797,0.40367865562438965,0.4610982835292816,-0.040363602340221405,0.3959674537181854,0.549774169921875,-0.049519166350364685,0.3915121257305145,0.6132985949516296,-0.04675693437457085,0.36501431465148926,0.4936133623123169,-0.010768283158540726,0.36928316950798035,0.43493348360061646,-0.03700089827179909,0.36847543716430664,0.5156598687171936,-0.036025241017341614,0.36949774622917175,0.581815242767334,-0.026425056159496307,0.3324611783027649,0.49963492155075073,-0.014061065390706062,0.3258030414581299,0.41589802503585815,-0.027239233255386353,0.32336899638175964,0.3612377643585205,-0.030287111178040504,0.3251495957374573,0.30974701046943665,-0.028367772698402405
I,0.5651950836181641,0.7211368680000305,-4.3493687940099335e-07,0.6211495995521545,0.7006995677947998,-0.01848786324262619,0.6713998317718506,0.626674473285675,-0.023963721469044685,0.6900026202201843,0.5488447546958923,-0.029934676364064217,0.6877028942108154,0.4753101170063019,-0.032373785972595215,0.647216796875,0.5092677474021912,-0.009233878925442696,0.6577326059341431,0.4641561210155487,-0.03275766968727112,0.6490280032157898,0.538244366645813,-0.042344607412815094,0.6408694982528687,0.6001826524734497,-0.04135357216000557,0.6145312786102295,0.4945031404495239,-0.008164854720234871,0.6267857551574707,0.4584161639213562,-0.03920117765665054,0.6181140542030334,0.5526715517044067,-0.048254236578941345,0.6096413135528564,0.6201789975166321,-0.04499581828713417,0.5796597599983215,0.4886813759803772,-0.01113905105739832,0.5895524024963379,0.429162859916687,-0.03966695815324783,0.5906758308410645,0.5154755711555481,-0.04084157198667526,0.590594470500946,0.585717499256134,-0.031789880245923996,0.5436379313468933,0.4947517514228821,-0.015390761196613312,0.5360074639320374,0.40126699209213257,-0.03029981441795826,0.533833384513855,0.34045934677124023,-0.034652162343263626,0.5359231233596802,0.2833290696144104,-0.03340904042124748
I,0.454534113407135,0.7482665777206421,-4.054350597471057e-07,0.5108121037483215,0.7331154346466064,-0.02294567972421646,0.5604097843170166,0.6554847359657288,-0.029247036203742027,0.575111985206604,0.5689213275909424,-0.03539948910474777,0.5635854005813599,0.4987618923187256,-0.03774576634168625,0.5324462652206421,0.5377481579780579,-0.01149054430425167,0.5363247990608215,0.4828905761241913,-0.038212668150663376,0.5272403359413147,0.55774986743927,-0.049438342452049255,0.5203900337219238,0.6214163303375244,-0.04867691546678543,0.49825185537338257,0.5212820172309875,-0.0077476054430007935,0.5030668377876282,0.47707822918891907,-0.041763003915548325,0.49465858936309814,0.5711199045181274,-0.051219239830970764,0.4885776937007904,0.6400229334831238,-0.04667704924941063,0.46391773223876953,0.515745222568512,-0.00852974969893694,0.46693041920661926,0.4552175998687744,-0.03867092728614807,0.46598365902900696,0.5432550311088562,-0.03829054906964302,0.46689584851264954,0.6154463291168213,-0.026465581730008125,0.42897576093673706,0.5196646451950073,-0.011172724887728691,0.43029847741127014,0.426399827003479,-0.026566123589873314,0.43310579657554626,0.36592698097229004,-0.029984496533870697,0.4390411972999573,0.31246212124824524,-0.026822485029697418
I,0.6091431379318237,0.7617886066436768,-3.70929569726286e-07,0.6755438446998596,0.7483960390090942,-0.021962599828839302,0.7348518967628479,0.6746730804443359,-0.028855100274086,0.7581718564033508,0.5881345272064209,-0.036647308617830276,0.7513670325279236,0.5068820714950562,-0.04095654562115669,0.7085838913917542,0.5435762405395508,-0.008882848545908928,0.7174766659736633,0.49111372232437134,-0.038984574377536774,0.7095425128936768,0.5701010823249817,-0.05272035300731659,0.7014347314834595,0.6396730542182922,-0.05238686501979828,0.6720067858695984,0.5239454507827759,-0.007462308742105961,0.6863308548927307,0.4796644449234009,-0.04636196047067642,0.6760639548301697,0.5818770527839661,-0.0596354603767395,0.6644953489303589,0.6589016914367676,-0.05633421242237091,0.6340994238853455,0.5131791234016418,-0.0108361029997468,0.6467049717903137,0.4482780694961548,-0.0454375259578228,0.6450331211090088,0.5439723134040833,-0.047536615282297134,0.6423855423927307,0.6223468780517578,-0.03590826317667961,0.5946290493011475,0.5134185552597046,-0.015836253762245178,0.6022818088531494,0.4106627106666565,-0.03203553706407547,0.6107743978500366,0.3459431231021881,-0.035409823060035706,0.6217023730278015,0.2883983254432678,-0.03189714625477791
I,0.26470351219177246,0.6962550282478333,-3.471682532563136e-07,0.3119117319583893,0.6800191402435303,-0.019600799307227135,0.3539133071899414,0.616701602935791,-0.024570992216467857,0.3631095290184021,0.5418239235877991,-0.029695462435483932,0.3473835289478302,0.4876839816570282,-0.03154699131846428,0.3341578245162964,0.5118856430053711,-0.003271249821409583,0.33111438155174255,0.47088223695755005,-0.026623252779245377,0.3205591142177582,0.5331889986991882,-0.03807282820343971,0.3158198297023773,0.5864173173904419,-0.038724496960639954,0.30404821038246155,0.49549058079719543,-0.0003122460620943457,0.3005395233631134,0.46309664845466614,-0.03041267953813076,0.292292982339859,0.5428630113601685,-0.04001621529459953,0.28986072540283203,0.6004555821418762,-0.036462582647800446,0.274175763130188,0.4918837547302246,-0.001718241022899747,0.26962900161743164,0.4451429545879364,-0.028938166797161102,0.26800569891929626,0.5157584547996521,-0.030165022239089012,0.27162981033325195,0.5739739537239075,-0.020471950992941856,0.24361629784107208,0.4991351366043091,-0.004772278945893049,0.24272239208221436,0.4228680729866028,-0.01846211403608322,0.24182568490505219,0.37276530265808105,-0.021623991429805756,0.24477419257164001,0.33062508702278137,-0.01856469176709652
I,0.2832123339176178,0.5987311601638794,-2.5750185272954695e-07,0.3172771632671356,0.5813575983047485,-0.01102372631430626,0.3456747531890869,0.5337839126586914,-0.01425949390977621,0.3534905016422272,0.483914315700531,-0.01822170615196228,0.3438361585140228,0.44482719898223877,-0.020330281928181648,0.32801783084869385,0.46434321999549866,-0.004271026700735092,0.32965755462646484,0.4328916072845459,-0.020675573498010635,0.32653120160102844,0.47820785641670227,-0.028534309938549995,0.3240774869918823,0.516495943069458,-0.028906118124723434,0.30589795112609863,0.456332266330719,-0.004067758563905954,0.3074342608451843,0.4315378665924072,-0.024120189249515533,0.304842084646225,0.4880368113517761,-0.030491264536976814,0.3029128909111023,0.5284901261329651,-0.028690896928310394,0.2830660939216614,0.45549505949020386,-0.006484873127192259,0.28364866971969604,0.42176589369773865,-0.024594731628894806,0.2852393686771393,0.4734128713607788,-0.024992968887090683,0.28718724846839905,0.514470636844635,-0.018658608198165894,0.2602863311767578,0.4610840976238251,-0.009786728769540787,0.256952702999115,0.40316084027290344,-0.01863989233970642,0.25630536675453186,0.3665260076522827,-0.020104585215449333,0.2579219341278076,0.33439984917640686,-0.01801821030676365
I,0.22141195833683014,0.6716035604476929,-3.309744727175712e-07,0.26597654819488525,0.6311220526695251,-0.012568333186209202,0.30107733607292175,0.5619388222694397,-0.017767727375030518,0.30886536836624146,0.501491367816925,-0.024285972118377686,0.2977920174598694,0.45946982502937317,-0.0285661518573761,0.26992422342300415,0.48016825318336487,-0.008017661049962044,0.2747853398323059,0.450253427028656,-0.03145112842321396,0.27645590901374817,0.5140224099159241,-0.043031495064496994,0.27719882130622864,0.5658433437347412,-0.04445122927427292,0.2386924773454666,0.47900617122650146,-0.00976833887398243,0.245101660490036,0.4557642936706543,-0.037655480206012726,0.24950110912322998,0.5336502194404602,-0.04628492891788483,0.2505675256252289,0.5892034769058228,-0.04471619427204132,0.2083846479654312,0.48748743534088135,-0.014744007959961891,0.21105004847049713,0.4475703835487366,-0.039459310472011566,0.22077378630638123,0.5166742205619812,-0.03993063047528267,0.22741203010082245,0.5700058937072754,-0.032310619950294495,0.17954286932945251,0.5062904357910156,-0.02077123150229454,0.16722378134727478,0.4396485984325409,-0.03225291892886162,0.1633865237236023,0.39736616611480713,-0.03390790894627571,0.1624196469783783,0.35474398732185364,-0.0318479984998703
I,0.3520135283470154,0.5666449069976807,-3.6738970266014803e-07,0.39766111969947815,0.547905445098877,-0.017883576452732086,0.4351588189601898,0.4857769012451172,-0.02477489598095417,0.44741135835647583,0.42007651925086975,-0.031760647892951965,0.4352218806743622,0.3658156991004944,-0.03554240241646767,0.41429364681243896,0.3858121335506439,-0.010984733700752258,0.4164677858352661,0.35004082322120667,-0.03467070311307907,0.4092670679092407,0.413513720035553,-0.04688480496406555,0.404175728559494,0.4660588502883911,-0.04872863367199898,0.383619099855423,0.3728042542934418,-0.00948341004550457,0.3877294361591339,0.3448643982410431,-0.038143858313560486,0.3826340436935425,0.42682090401649475,-0.04773353785276413,0.37953686714172363,0.4855254292488098,-0.046278536319732666,0.3531540334224701,0.36978763341903687,-0.01152062602341175,0.3557842969894409,0.32083815336227417,-0.03626278415322304,0.35711410641670227,0.39150041341781616,-0.03733190894126892,0.35972434282302856,0.4508541226387024,-0.029693057760596275,0.32354187965393066,0.3777691423892975,-0.015061614103615284,0.31639158725738525,0.29886138439178467,-0.027393952012062073,0.31184637546539307,0.24644212424755096,-0.030793147161602974,0.3111603558063507,0.19958451390266418,-0.029460392892360687
I,0.4146775007247925,0.8064637184143066,-3.815872560153366e-07,0.4669595956802368,0.7903639078140259,-0.019039656966924667,0.5135679841041565,0.7256032228469849,-0.025556938722729683,0.5320861339569092,0.6528148055076599,-0.032169610261917114,0.5233941078186035,0.5889818668365479,-0.03512619435787201,0.49277928471565247,0.6155703663825989,-0.010351333767175674,0.4995109736919403,0.571868360042572,-0.034518297761678696,0.4903489649295807,0.6404165625572205,-0.045370638370513916,0.4826793968677521,0.6972250938415527,-0.04547307267785072,0.4613766670227051,0.5984934568405151,-0.008685667999088764,0.47002214193344116,0.5621914863586426,-0.038911376148462296,0.4623110890388489,0.6489050388336182,-0.04830775782465935,0.45585331320762634,0.71149080991745,-0.045642219483852386,0.4289401173591614,0.5915569067001343,-0.010839002206921577,0.43526288866996765,0.5353628396987915,-0.03664681315422058,0.43522486090660095,0.6139246821403503,-0.036689937114715576,0.4353454113006592,0.6782415509223938,-0.027615860104560852,0.39631375670433044,0.5963573455810547,-0.014638521708548069,0.39247745275497437,0.5112558007240295,-0.02648291178047657,0.39179831743240356,0.45741787552833557,-0.028704680502414703,0.39438921213150024,0.4081457257270813,-0.026299061253666878
I,0.2819618284702301,0.735170841217041,-3.385403033462353e-07,0.32283270359039307,0.6945562362670898,-0.016897670924663544,0.35165268182754517,0.6198351383209229,-0.022646548226475716,0.35419824719429016,0.5501143932342529,-0.02847975865006447,0.3362816572189331,0.49978697299957275,-0.031169414520263672,0.3167053759098053,0.5372602343559265,-0.006080217193812132,0.3138856887817383,0.496911883354187,-0.027769910171628,0.3139472007751465,0.5555442571640015,-0.03891751170158386,0.31559476256370544,0.606848418712616,-0.040244683623313904,0.28762906789779663,0.5366523861885071,-0.004346161149442196,0.2861529588699341,0.5006158947944641,-0.031541287899017334,0.2904982268810272,0.5751221776008606,-0.04100877046585083,0.29494816064834595,0.6310919523239136,-0.039297789335250854,0.25959518551826477,0.5452982783317566,-0.006209591403603554,0.2539275884628296,0.4933747351169586,-0.029394051060080528,0.26369476318359375,0.5568405389785767,-0.030085371807217598,0.2742339074611664,0.6110228300094604,-0.02230985090136528,0.23290784657001495,0.563845694065094,-0.009584564715623856,0.21553784608840942,0.4934428930282593,-0.020851371809840202,0.2049456536769867,0.4463650584220886,-0.023729415610432625,0.19905342161655426,0.40174394845962524,-0.02203552983701229
I,0.5286071300506592,0.7244988679885864,-3.676025244203629e-07,0.581572949886322,0.7253496646881104,-0.02019236423075199,0.634103000164032,0.6752578020095825,-0.026688214391469955,0.6585580110549927,0.6056197285652161,-0.03273460268974304,0.6619116067886353,0.5353133082389832,-0.035127803683280945,0.6245980858802795,0.5628814697265625,-0.011357219889760017,0.634413480758667,0.5137960910797119,-0.034846410155296326,0.6195821762084961,0.5725992321968079,-0.04548780620098114,0.6074003577232361,0.6263435482978821,-0.045781251043081284,0.5959632992744446,0.5382737517356873,-0.008651964366436005,0.6075862646102905,0.49728789925575256,-0.03748036548495293,0.5917680859565735,0.574783444404602,-0.04700319468975067,0.5797629952430725,0.6319235563278198,-0.045214373618364334,0.5655509233474731,0.5211533308029175,-0.009876461699604988,0.5768067240715027,0.4602504372596741,-0.03543234243988991,0.5690515041351318,0.5331183671951294,-0.036685869097709656,0.563040018081665,0.595487117767334,-0.028991417959332466,0.533408522605896,0.5138478875160217,-0.012719113379716873,0.5352264642715454,0.4240666627883911,-0.025823038071393967,0.5377465486526489,0.36691373586654663,-0.02983706071972847,0.5435408353805542,0.3166954219341278,-0.028928058221936226
I,0.7373504638671875,0.8386867642402649,-4.759272087540012e-07,0.8034522533416748,0.8364202976226807,-0.017898395657539368,0.8679144382476807,0.7852234244346619,-0.026003465056419373,0.9009124040603638,0.7207499742507935,-0.03543799743056297,0.9076045751571655,0.6462576389312744,-0.0413309708237648,0.856952428817749,0.6443652510643005,-0.013250639662146568,0.8774856328964233,0.6154024600982666,-0.04362444952130318,0.8599153757095337,0.6952041387557983,-0.05814003199338913,0.8441970944404602,0.7583097219467163,-0.059572380036115646,0.8210456371307373,0.6156017184257507,-0.015236458741128445,0.841815173625946,0.6033457517623901,-0.05187037214636803,0.8251685500144958,0.7037484049797058,-0.0635530948638916,0.8103792667388916,0.7705966830253601,-0.06192922219634056,0.7826743125915527,0.5999671220779419,-0.021521659567952156,0.8033193945884705,0.5595273971557617,-0.05473339930176735,0.7984436750411987,0.6540512442588806,-0.05782294273376465,0.7926210761070251,0.7252640724182129,-0.049727294594049454,0.7432365417480469,0.5992496013641357,-0.029006263241171837,0.7450016140937805,0.5065270066261292,-0.046300455927848816,0.7471978664398193,0.4462939202785492,-0.0513848178088665,0.7526522874832153,0.3882097899913788,-0.05066831782460213
I,0.3794877529144287,0.7073686122894287,-3.141292665986839e-07,0.424898624420166,0.6817108988761902,-0.016043927520513535,0.4582189917564392,0.6109583973884583,-0.019494742155075073,0.4646680951118469,0.5390357375144958,-0.023198425769805908,0.45512792468070984,0.4827998876571655,-0.023847633972764015,0.43291425704956055,0.5276591181755066,-0.004727177321910858,0.43333590030670166,0.47994011640548706,-0.0247033778578043,0.4300757944583893,0.5353818535804749,-0.03374917805194855,0.42805787920951843,0.5850754976272583,-0.03355689346790314,0.40505000948905945,0.520115852355957,-0.0027394553180783987,0.40681082010269165,0.47965455055236816,-0.028520334511995316,0.40549349784851074,0.5491982102394104,-0.03723655268549919,0.404510498046875,0.6026900410652161,-0.034962743520736694,0.3773714303970337,0.5195502042770386,-0.004298453219234943,0.37686872482299805,0.46690642833709717,-0.026997627690434456,0.3812149167060852,0.5310612320899963,-0.028028730303049088,0.3860103487968445,0.5855044722557068,-0.020165076479315758,0.34929245710372925,0.526703953742981,-0.007242425810545683,0.3447403609752655,0.45113977789878845,-0.01810050755739212,0.3436385989189148,0.4027344584465027,-0.02079910598695278,0.34596848487854004,0.35935330390930176,-0.01882098615169525
I,0.36340102553367615,0.7243347764015198,-3.2470134669893014e-07,0.4046623706817627,0.6957646012306213,-0.014661441557109356,0.4396182596683502,0.6336798071861267,-0.021471040323376656,0.4478134214878082,0.5689883232116699,-0.02901674062013626,0.42521974444389343,0.5361590385437012,-0.03419725224375725,0.4157277047634125,0.5377528071403503,-0.006201055366545916,0.41725483536720276,0.4901924729347229,-0.026143914088606834,0.4159972071647644,0.5480539798736572,-0.03651052713394165,0.414961576461792,0.595310628414154,-0.03826224431395531,0.38901400566101074,0.5344710946083069,-0.006798158399760723,0.39194929599761963,0.49338456988334656,-0.03207497298717499,0.39369356632232666,0.565004825592041,-0.041497763246297836,0.39167964458465576,0.6167340874671936,-0.04060487449169159,0.3622657358646393,0.5396401882171631,-0.010534259490668774,0.3622082471847534,0.48932647705078125,-0.03260594233870506,0.3708498775959015,0.5518955588340759,-0.03506162762641907,0.37567034363746643,0.6021717190742493,-0.029376307502388954,0.3366701900959015,0.5531866550445557,-0.015436004847288132,0.324595183134079,0.48630625009536743,-0.025348732247948647,0.3201323449611664,0.44187986850738525,-0.028408611193299294,0.31706875562667847,0.39767682552337646,-0.02787182293832302
I,0.5057399272918701,0.772244930267334,-3.6641043266172346e-07,0.5581703782081604,0.7557553052902222,-0.014927897602319717,0.6049644947052002,0.6900745630264282,-0.020879697054624557,0.6180053949356079,0.6142807006835938,-0.02803831547498703,0.5893052220344543,0.5812897086143494,-0.033042799681425095,0.5860435962677002,0.5706455111503601,-0.0033646621741354465,0.5951157808303833,0.5104836225509644,-0.02362382598221302,0.5889174938201904,0.5607233047485352,-0.03475823253393173,0.583298921585083,0.6080235838890076,-0.03729713708162308,0.554607093334198,0.5559960007667542,-0.005047767423093319,0.5637267827987671,0.5057409405708313,-0.03314867988228798,0.5585194230079651,0.5916863679885864,-0.044183071702718735,0.5509154200553894,0.6550355553627014,-0.04358753189444542,0.5220205783843994,0.550053060054779,-0.010123930871486664,0.5277438759803772,0.48353004455566406,-0.034826669842004776,0.5329651236534119,0.5585245490074158,-0.0386228933930397,0.5344775319099426,0.6207852959632874,-0.033240098506212234,0.4896312355995178,0.5539588928222656,-0.01640315167605877,0.4816747307777405,0.46694785356521606,-0.027574017643928528,0.47944021224975586,0.41081589460372925,-0.031877439469099045,0.4791625440120697,0.35574597120285034,-0.03250816464424133
I,0.30484747886657715,0.7027291059494019,-2.1266792771257315e-07,0.3484664559364319,0.6812741160392761,-0.0178129430860281,0.38641494512557983,0.625921368598938,-0.025095850229263306,0.38645651936531067,0.5548516511917114,-0.033177752047777176,0.35942572355270386,0.5246514081954956,-0.0383746512234211,0.3695530891418457,0.5316023826599121,0.0008677788428030908,0.37345969676971436,0.4779287278652191,-0.019439689815044403,0.3661685287952423,0.5168309807777405,-0.03084351308643818,0.36233511567115784,0.5523308515548706,-0.03308911994099617,0.34217318892478943,0.5180544257164001,0.001759747159667313,0.3446325361728668,0.47495174407958984,-0.025449715554714203,0.34129762649536133,0.5456693172454834,-0.03634805977344513,0.3375866711139679,0.5956230759620667,-0.03484761714935303,0.3156329095363617,0.5116226077079773,-0.0012081828899681568,0.3168674111366272,0.4570331871509552,-0.025066381320357323,0.3191135823726654,0.5254769325256348,-0.02611166052520275,0.3200841546058655,0.5804740190505981,-0.017569953575730324,0.2876827120780945,0.5119149088859558,-0.005815702490508556,0.29138970375061035,0.4425351619720459,-0.013819997198879719,0.2988688051700592,0.4016622304916382,-0.013329282402992249,0.30822303891181946,0.3638671636581421,-0.009344653226435184
I,0.20471331477165222,0.7287569046020508,3.371897250303846e-08,0.24461756646633148,0.6858484745025635,-0.017485467717051506,0.27500560879707336,0.6130505204200745,-0.02489214576780796,0.2630857229232788,0.5424304008483887,-0.033010710030794144,0.23304641246795654,0.5231531262397766,-0.04143200069665909,0.2516869902610779,0.5362860560417175,-0.004244072362780571,0.2682421803474426,0.4804420471191406,-0.020309651270508766,0.28844356536865234,0.45710697770118713,-0.03066571243107319,0.3083338141441345,0.4401341378688812,-0.035400718450546265,0.21984900534152985,0.5318459868431091,-0.004006748087704182,0.21969002485275269,0.48895859718322754,-0.03183436021208763,0.22201205790042877,0.5566709041595459,-0.04284563288092613,0.22609837353229523,0.6088541746139526,-0.04176795855164528,0.1902952492237091,0.5375280380249023,-0.0062917545437812805,0.18532676994800568,0.49316948652267456,-0.03330192714929581,0.1951918601989746,0.558056116104126,-0.03421488404273987,0.20509952306747437,0.611553966999054,-0.025373026728630066,0.16069479286670685,0.5539823174476624,-0.009953790344297886,0.15388858318328857,0.49153468012809753,-0.02258787676692009,0.1523006409406662,0.45101362466812134,-0.02239476703107357,0.15327104926109314,0.4122133255004883,-0.01840643212199211
I,0.472074031829834,0.8123341202735901,-3.4628163803063217e-07,0.535462498664856,0.7824162244796753,-0.01633020117878914,0.5909454822540283,0.6981883645057678,-0.02271903119981289,0.6018884181976318,0.6028842926025391,-0.032273080199956894,0.5677958130836487,0.5611025094985962,-0.03933565318584442,0.5599620938301086,0.5624274015426636,0.004211455583572388,0.5728843808174133,0.4804096221923828,-0.02351183071732521,0.568378210067749,0.5382201075553894,-0.03880791738629341,0.5619528889656067,0.593665599822998,-0.04119117558002472,0.5242882370948792,0.5513259172439575,0.0008802358061075211,0.5366100072860718,0.484973669052124,-0.037051476538181305,0.5341452956199646,0.5852138996124268,-0.05226464197039604,0.52717125415802,0.6611371636390686,-0.0498136542737484,0.48915332555770874,0.5493208169937134,-0.006891166791319847,0.49982818961143494,0.4793523848056793,-0.04039933905005455,0.5033997893333435,0.5765454173088074,-0.0426294319331646,0.502491295337677,0.6513565182685852,-0.030870553106069565,0.45217809081077576,0.5559038519859314,-0.016102097928524017,0.4606468677520752,0.4644889235496521,-0.02777571976184845,0.474334716796875,0.4134649634361267,-0.02712041512131691,0.48907190561294556,0.36333388090133667,-0.02162282168865204
I,0.5809212327003479,0.8127018213272095,-4.923487608721189e-07,0.6661127209663391,0.8307367563247681,-0.028167156502604485,0.7558703422546387,0.7697758674621582,-0.038645509630441666,0.7911621332168579,0.6594811677932739,-0.051362331956624985,0.7552299499511719,0.5852270722389221,-0.05885165557265282,0.7487605810165405,0.588085412979126,-0.0007316622068174183,0.776397705078125,0.5132538080215454,-0.038710564374923706,0.74763423204422,0.5996395349502563,-0.05814420431852341,0.7226678133010864,0.6692123413085938,-0.0607321634888649,0.707963764667511,0.544176459312439,-0.001859963871538639,0.7326182723045349,0.47603464126586914,-0.052060022950172424,0.7047809362411499,0.5944932699203491,-0.07071175426244736,0.6800962090492249,0.6775044202804565,-0.06711912900209427,0.6652808785438538,0.5152220726013184,-0.009726783260703087,0.6897577047348022,0.4420214891433716,-0.05416795611381531,0.6712691187858582,0.5606974959373474,-0.05692069232463837,0.6537208557128906,0.6475511789321899,-0.04189266264438629,0.6191246509552002,0.4974462389945984,-0.020207872614264488,0.6501579880714417,0.39395758509635925,-0.03738567978143692,0.6771594285964966,0.33271682262420654,-0.0391218401491642,0.7048751711845398,0.271553635597229,-0.03389112278819084
I,0.42408493161201477,0.4916488826274872,-2.5047916096809786e-07,0.47198396921157837,0.48326924443244934,-0.014015358872711658,0.5167722702026367,0.4323355555534363,-0.018733816221356392,0.5288951992988586,0.3645820915699005,-0.025312205776572227,0.5067289471626282,0.32525166869163513,-0.030085818842053413,0.5015225410461426,0.3280550539493561,0.0018923809984698892,0.5144097208976746,0.2755832374095917,-0.018057623878121376,0.5058347582817078,0.31609928607940674,-0.02907460927963257,0.4971441626548767,0.35399186611175537,-0.030675465241074562,0.47679227590560913,0.31129857897758484,0.0006312830955721438,0.486787348985672,0.26770347356796265,-0.027064483612775803,0.4793347418308258,0.3400961458683014,-0.03873461112380028,0.4708040952682495,0.3947318196296692,-0.03742071986198425,0.45120131969451904,0.3012399971485138,-0.004065488465130329,0.4601442515850067,0.2543337643146515,-0.029811838641762733,0.4567943215370178,0.32754847407341003,-0.03258468210697174,0.45194217562675476,0.38348013162612915,-0.024280574172735214,0.42350682616233826,0.2959936261177063,-0.009832157753407955,0.43403008580207825,0.2243524044752121,-0.019693821668624878,0.446162611246109,0.18313264846801758,-0.020264754071831703,0.45909586548805237,0.14357008039951324,-0.01672237552702427
I,0.269401878118515,0.7008140087127686,-2.764116402431682e-07,0.3121362626552582,0.6719757318496704,-0.01504297461360693,0.3485167920589447,0.6127178072929382,-0.022046277299523354,0.35254642367362976,0.5479751825332642,-0.030584683641791344,0.3256261348724365,0.5244765281677246,-0.036976128816604614,0.32375839352607727,0.5199021697044373,-0.0024886156897991896,0.3297988474369049,0.4678962826728821,-0.023621605709195137,0.3251257836818695,0.5176572203636169,-0.03523861616849899,0.31989580392837524,0.5601629018783569,-0.03741305321455002,0.29594266414642334,0.512840211391449,-0.003892620326951146,0.2998208999633789,0.47209611535072327,-0.031288787722587585,0.3009779155254364,0.5458922386169434,-0.042497336864471436,0.2987368702888489,0.5997275710105896,-0.04161142185330391,0.2683524489402771,0.5137724876403809,-0.008595585823059082,0.271349161863327,0.46610668301582336,-0.03266727179288864,0.27661702036857605,0.5349555015563965,-0.034550949931144714,0.27826058864593506,0.5874783396720886,-0.026788651943206787,0.24059291183948517,0.5223737359046936,-0.014563927426934242,0.2387254685163498,0.4526445269584656,-0.02282164990901947,0.24414223432540894,0.4113418459892273,-0.022406110540032387,0.250620037317276,0.37101978063583374,-0.018743617460131645
I,0.3065928816795349,0.97649085521698,-3.4455766240171215e-07,0.358076274394989,0.9553001523017883,-0.016978170722723007,0.40499427914619446,0.8852241635322571,-0.02369166724383831,0.4154942035675049,0.8049117922782898,-0.032088033854961395,0.3849529027938843,0.7729951739311218,-0.037422578781843185,0.3827681243419647,0.7687771916389465,0.0001550131564727053,0.39296212792396545,0.7080729603767395,-0.023410161957144737,0.3844400942325592,0.7641215920448303,-0.03626590967178345,0.3766908347606659,0.8118177652359009,-0.038532961159944534,0.35117030143737793,0.7572428584098816,-0.0012840417912229896,0.35876184701919556,0.7067880034446716,-0.03266247734427452,0.35539156198501587,0.7920152544975281,-0.045054178684949875,0.3493504226207733,0.8543382287025452,-0.043316397815942764,0.31992796063423157,0.7546753883361816,-0.006734940223395824,0.3251292407512665,0.6995102763175964,-0.034047652035951614,0.3292944133281708,0.7790950536727905,-0.03656492009758949,0.32942765951156616,0.8405388593673706,-0.027922099456191063,0.2890249490737915,0.7604287266731262,-0.013693836517632008,0.29003050923347473,0.6841250658035278,-0.02302374131977558,0.29608020186424255,0.638414204120636,-0.023528551682829857,0.3027082681655884,0.5935245752334595,-0.02014879323542118
I,0.4658247232437134,0.6770000457763672,-2.7685524628395797e-07,0.517799973487854,0.6833961009979248,-0.013812990859150887,0.5708249807357788,0.631060779094696,-0.017082884907722473,0.5901849269866943,0.5557193160057068,-0.02224428579211235,0.5725527405738831,0.5014705657958984,-0.025653064250946045,0.5635693073272705,0.5185988545417786,0.0020186009351164103,0.5800244808197021,0.4513944685459137,-0.018367020413279533,0.5734072923660278,0.4830779731273651,-0.028957830742001534,0.5654938220977783,0.5232281684875488,-0.030042540282011032,0.5367811322212219,0.4925519526004791,0.0007232388015836477,0.5523951649665833,0.4404798150062561,-0.029370397329330444,0.5383193492889404,0.5156419277191162,-0.04123922809958458,0.5244415998458862,0.5760745406150818,-0.039178598672151566,0.5085091590881348,0.47431567311286926,-0.003996412269771099,0.5233004093170166,0.4136306643486023,-0.03158971294760704,0.5140206813812256,0.4899533987045288,-0.03339327126741409,0.5054262280464172,0.5516407489776611,-0.023943476378917694,0.477926641702652,0.4617404043674469,-0.009815981611609459,0.4950716495513916,0.3817460536956787,-0.02164977788925171,0.5097261667251587,0.33494943380355835,-0.02290709875524044,0.5259246230125427,0.290958970785141,-0.019580554217100143
I,0.7053919434547424,0.7872538566589355,-3.401779906653246e-07,0.7648442387580872,0.7788280844688416,-0.013566629961133003,0.8227493166923523,0.7203826308250427,-0.018311602994799614,0.8473056554794312,0.6539843082427979,-0.0258918609470129,0.8231074213981628,0.6147050857543945,-0.031084025278687477,0.7977412343025208,0.5933629870414734,0.00017215139814652503,0.8196035027503967,0.5489180684089661,-0.026494476944208145,0.8083931803703308,0.6224662661552429,-0.039725255221128464,0.7923538684844971,0.678124189376831,-0.03991483151912689,0.7676079869270325,0.5762725472450256,-0.003222983330488205,0.7890740036964417,0.5400852560997009,-0.035936884582042694,0.7784488797187805,0.6333146691322327,-0.047191426157951355,0.7625369429588318,0.6959446668624878,-0.043463584035634995,0.7348505854606628,0.5666091442108154,-0.01076105423271656,0.7546728253364563,0.523281991481781,-0.04048694670200348,0.7507847547531128,0.6131054759025574,-0.04159737750887871,0.7421658039093018,0.6757010817527771,-0.03000766597688198,0.7004683017730713,0.5644012689590454,-0.019332727417349815,0.7164947390556335,0.4741218686103821,-0.030048232525587082,0.733903169631958,0.4262293875217438,-0.028733622282743454,0.7510220408439636,0.3843413293361664,-0.022755471989512444
J,0.32020312547683716,0.8400698900222778,-4.771046064888651e-07,0.3519994020462036,0.7387406229972839,-0.026560990139842033,0.3539361357688904,0.617877721786499,-0.03909130021929741,0.32294243574142456,0.5393055081367493,-0.05160257965326309,0.28057053685188293,0.5567276477813721,-0.06026575714349747,0.2764432728290558,0.5502216815948486,-0.01519167423248291,0.2530319392681122,0.5103487968444824,-0.046480365097522736,0.27961471676826477,0.5763068795204163,-0.06293772161006927,0.30537116527557373,0.6284089684486389,-0.067105732858181,0.24117225408554077,0.5936562418937683,-0.014541234821081161,0.22353743016719818,0.5541051626205444,-0.05511873587965965,0.2645472586154938,0.6321780681610107,-0.07007269561290741,0.29330334067344666,0.6893261671066284,-0.07003366947174072,0.2110680788755417,0.6479461789131165,-0.019111406058073044,0.18436919152736664,0.601196825504303,-0.05656685680150986,0.22764819860458374,0.6563838720321655,-0.0632905587553978,0.26177120208740234,0.7033356428146362,-0.05692102015018463,0.18822985887527466,0.7089634537696838,-0.02562565542757511,0.1304766982793808,0.6659106016159058,-0.045649364590644836,0.09278741478919983,0.6357462406158447,-0.05467289313673973,0.05769623816013336,0.6004599332809448,-0.057268328964710236
J,0.39141055941581726,0.669780969619751,-4.3508131852831866e-07,0.42064255475997925,0.576509952545166,-0.022503100335597992,0.42184925079345703,0.46924036741256714,-0.03327494487166405,0.3957918584346771,0.39537325501441956,-0.04428669810295105,0.35704803466796875,0.40472176671028137,-0.05228450149297714,0.3519582748413086,0.4116317629814148,-0.014058917760848999,0.33390703797340393,0.3692111372947693,-0.04185565933585167,0.3586704134941101,0.4278966784477234,-0.056306879967451096,0.38171806931495667,0.4784865975379944,-0.059702347964048386,0.32048889994621277,0.4488413631916046,-0.013785150833427906,0.30657607316970825,0.4086538255214691,-0.04824334383010864,0.3426957428455353,0.47882702946662903,-0.06033782288432121,0.36763471364974976,0.5327972173690796,-0.06002844125032425,0.2933151125907898,0.49710583686828613,-0.01816370338201523,0.27113282680511475,0.4514465630054474,-0.05035785213112831,0.3103993535041809,0.500515341758728,-0.055760715156793594,0.34216398000717163,0.545168399810791,-0.05024859309196472,0.27266281843185425,0.5518342852592468,-0.024203743785619736,0.21998471021652222,0.5143213868141174,-0.0420590341091156,0.18591730296611786,0.48629939556121826,-0.05049727484583855,0.15587690472602844,0.45525211095809937,-0.05335654690861702
J,0.27415749430656433,0.7065525650978088,-4.561831019600504e-07,0.2806260585784912,0.5851039290428162,-0.026981307193636894,0.2541532516479492,0.4699036777019501,-0.038886658847332,0.20482027530670166,0.42528000473976135,-0.050617147237062454,0.16489991545677185,0.4667178988456726,-0.058987729251384735,0.16746631264686584,0.4712374210357666,-0.013842959888279438,0.1352071762084961,0.4451252818107605,-0.04510226100683212,0.17247502505779266,0.48789897561073303,-0.06309876590967178,0.20918267965316772,0.5234655141830444,-0.06810708343982697,0.14488215744495392,0.5346022844314575,-0.012013484723865986,0.11492151767015457,0.5090766549110413,-0.050696391612291336,0.16746605932712555,0.5521467924118042,-0.0670628547668457,0.20903578400611877,0.5894079208374023,-0.06819566339254379,0.12922999262809753,0.6045820713043213,-0.015316281467676163,0.08776918053627014,0.5829401016235352,-0.05041356757283211,0.13998952507972717,0.603646993637085,-0.057511717081069946,0.18665213882923126,0.6230593323707581,-0.0519430972635746,0.12160045653581619,0.6778934597969055,-0.020548366010189056,0.06137223541736603,0.6783539056777954,-0.03928876668214798,0.020810425281524658,0.6790806651115417,-0.04798469692468643,-0.01604434847831726,0.6758865714073181,-0.050332821905612946
J,0.42191144824028015,0.7591007947921753,-4.3204741473346076e-07,0.45594799518585205,0.6700133085250854,-0.02605404518544674,0.46422138810157776,0.5600388050079346,-0.03855894133448601,0.43936726450920105,0.48309674859046936,-0.05109861493110657,0.3978326618671417,0.4880848228931427,-0.06016351282596588,0.3928127586841583,0.4766053557395935,-0.01251156721264124,0.3730730414390564,0.4461249113082886,-0.04421038553118706,0.39565181732177734,0.51572585105896,-0.06225768104195595,0.41698572039604187,0.5718968510627747,-0.06725526601076126,0.3598310351371765,0.5127270817756653,-0.01142748724669218,0.34370726346969604,0.48167410492897034,-0.050897061824798584,0.3796366751194,0.5615851879119873,-0.06643340736627579,0.4047304093837738,0.62143874168396,-0.06674303859472275,0.3316633701324463,0.5611790418624878,-0.0156649649143219,0.30899578332901,0.5248215198516846,-0.051997292786836624,0.34833604097366333,0.5830331444740295,-0.0587998703122139,0.37938517332077026,0.6315804123878479,-0.05249957740306854,0.30975109338760376,0.6178610324859619,-0.021773939952254295,0.2609207332134247,0.5731766819953918,-0.04111025109887123,0.22804665565490723,0.5421184301376343,-0.049294695258140564,0.19777049124240875,0.5077517032623291,-0.05085935443639755
J,0.5749993920326233,0.7969102263450623,-4.6177129320312815e-07,0.6236960887908936,0.7213677167892456,-0.02888079732656479,0.6554794311523438,0.6179955005645752,-0.04588376358151436,0.6489370465278625,0.5310871601104736,-0.063083216547966,0.6081544160842896,0.5248271226882935,-0.0761394053697586,0.5893281102180481,0.5061771869659424,-0.02432378940284252,0.5863639712333679,0.45095527172088623,-0.062120527029037476,0.6009389758110046,0.5372464656829834,-0.08142942935228348,0.611824095249176,0.6063001751899719,-0.08610771596431732,0.5497249960899353,0.5304557085037231,-0.02483486197888851,0.5497477650642395,0.4870980679988861,-0.07049080729484558,0.5761999487876892,0.5854232311248779,-0.08592530339956284,0.5929714441299438,0.6561957597732544,-0.0855463370680809,0.5128045678138733,0.5663308501243591,-0.030944187194108963,0.5058544278144836,0.5167872905731201,-0.07130467891693115,0.5393931269645691,0.5939636826515198,-0.07850951701402664,0.5638149976730347,0.6560620665550232,-0.07190841436386108,0.4817439913749695,0.6095631122589111,-0.03923150897026062,0.4404345750808716,0.5430642366409302,-0.05916896089911461,0.41373246908187866,0.4987291395664215,-0.06748519837856293,0.3904340863227844,0.4525814950466156,-0.06947516649961472
J,0.4336615204811096,0.634689450263977,-4.730266027763719e-07,0.454568088054657,0.5307877659797668,-0.028610624372959137,0.4450543522834778,0.41645875573158264,-0.04269062355160713,0.4081626534461975,0.3486521244049072,-0.056526098400354385,0.366322785615921,0.3685756027698517,-0.06611578166484833,0.36462926864624023,0.3706122934818268,-0.018299948424100876,0.3378225862979889,0.3345051407814026,-0.05239603668451309,0.37007156014442444,0.3928370475769043,-0.06982294470071793,0.400063157081604,0.43710145354270935,-0.07417391240596771,0.3344671428203583,0.4226711094379425,-0.01673656329512596,0.31188011169433594,0.39001893997192383,-0.05865038186311722,0.3600367605686188,0.45485812425613403,-0.07224784046411514,0.39417725801467896,0.4971536099910736,-0.07100462913513184,0.3109995424747467,0.4851982891559601,-0.020917046815156937,0.27943962812423706,0.44900986552238464,-0.059141453355550766,0.3274933993816376,0.49101075530052185,-0.06408139318227768,0.3667096793651581,0.5239073634147644,-0.056415826082229614,0.2952713370323181,0.5522789359092712,-0.02738145738840103,0.23795318603515625,0.5286227464675903,-0.04911152645945549,0.19789651036262512,0.5149496793746948,-0.05875086039304733,0.15995140373706818,0.4958086907863617,-0.06133614107966423
J,0.7215121388435364,0.6627744436264038,-4.400095576784224e-07,0.7001786231994629,0.5731654167175293,-0.02286800555884838,0.7138459086418152,0.46425989270210266,-0.034600332379341125,0.7488884329795837,0.4046948552131653,-0.04708550497889519,0.7878315448760986,0.39018625020980835,-0.05445801466703415,0.7890461683273315,0.4191626310348511,-0.014295038767158985,0.8169724941253662,0.38461899757385254,-0.042504701763391495,0.7829617261886597,0.43825364112854004,-0.053678154945373535,0.7545183300971985,0.4824063181877136,-0.054807741194963455,0.8113023042678833,0.4714180529117584,-0.014167715795338154,0.8307169079780579,0.4492281675338745,-0.05295715481042862,0.782961905002594,0.5030397176742554,-0.06547579169273376,0.7493832111358643,0.5381792187690735,-0.06393328309059143,0.8295490741729736,0.5290534496307373,-0.018747467547655106,0.848197877407074,0.5080587267875671,-0.058522164821624756,0.7991258502006531,0.549220860004425,-0.06208326667547226,0.7634838819503784,0.5782877206802368,-0.051876626908779144,0.8455954790115356,0.5879979729652405,-0.024315861985087395,0.8988322019577026,0.5532996654510498,-0.04788937419652939,0.9347213506698608,0.5331489443778992,-0.05425124615430832,0.9687240719795227,0.5070949196815491,-0.052822865545749664
J,0.7502682209014893,0.6976437568664551,-4.576035053105443e-07,0.7230265736579895,0.6046465635299683,-0.019986266270279884,0.7308310270309448,0.48882511258125305,-0.029712626710534096,0.7635382413864136,0.4176710844039917,-0.041269637644290924,0.8037064671516418,0.39713579416275024,-0.04816051945090294,0.8009920120239258,0.4370484948158264,-0.006043049972504377,0.8279865384101868,0.3934575915336609,-0.03432869538664818,0.7985972166061401,0.4523128867149353,-0.04732818529009819,0.7722874879837036,0.5027894973754883,-0.049640897661447525,0.8267855644226074,0.48308175802230835,-0.00699291517958045,0.845126211643219,0.4532955586910248,-0.045457057654857635,0.8021239042282104,0.5171322822570801,-0.05953126773238182,0.7707306146621704,0.5604841709136963,-0.05878489464521408,0.8491647243499756,0.5354326367378235,-0.012891888618469238,0.8670344948768616,0.5068379044532776,-0.052482571452856064,0.8216037750244141,0.5579798817634583,-0.057002954185009,0.7875974774360657,0.5944902896881104,-0.04698122665286064,0.8692503571510315,0.5894886255264282,-0.019649459049105644,0.918938934803009,0.5416120886802673,-0.04262051731348038,0.9522244334220886,0.512065589427948,-0.04877607151865959,0.9826308488845825,0.4773538112640381,-0.046990323811769485
J,0.7148190140724182,0.7205151915550232,-4.485326883241214e-07,0.6933228373527527,0.6264311075210571,-0.028406837955117226,0.7053488492965698,0.5175988078117371,-0.04439472407102585,0.7369480133056641,0.4576461911201477,-0.05979965627193451,0.7759395241737366,0.4492030143737793,-0.0694548487663269,0.7898182272911072,0.47054827213287354,-0.025882061570882797,0.8148680329322815,0.4405573606491089,-0.05372612923383713,0.7767474055290222,0.4964330196380615,-0.06193949282169342,0.7454058527946472,0.5385855436325073,-0.061668477952480316,0.8138319849967957,0.5293000936508179,-0.024457192048430443,0.8296935558319092,0.5106326937675476,-0.06380601227283478,0.7765215039253235,0.5634071230888367,-0.07543012499809265,0.7407383918762207,0.5942757725715637,-0.07403800636529922,0.8322179913520813,0.5944921374320984,-0.027512863278388977,0.849781334400177,0.5767934322357178,-0.06919097155332565,0.7968700528144836,0.6154325604438782,-0.07301033288240433,0.7584803104400635,0.6396511197090149,-0.06338968873023987,0.8469282984733582,0.6619035005569458,-0.03173447027802467,0.9013459086418152,0.6299203634262085,-0.05798319727182388,0.9381073117256165,0.6177772283554077,-0.06533648073673248,0.9727299809455872,0.599685549736023,-0.06456633657217026
J,0.6519874334335327,0.7638900876045227,-3.570906983441091e-07,0.6165503859519958,0.6455196738243103,-0.003997470252215862,0.5454217195510864,0.5864123106002808,-0.014343595132231712,0.48208311200141907,0.5884073376655579,-0.022269634529948235,0.44364210963249207,0.6290656924247742,-0.029244979843497276,0.5445412397384644,0.6163948178291321,-0.054643724113702774,0.4590457081794739,0.6531127691268921,-0.07244028896093369,0.4808313548564911,0.6508508324623108,-0.07371798157691956,0.5087014436721802,0.6403701901435852,-0.07111217826604843,0.5506248474121094,0.7016635537147522,-0.05909163877367973,0.4665786027908325,0.7207732200622559,-0.07508739829063416,0.4917899966239929,0.7158023715019226,-0.07184435427188873,0.5180281400680542,0.7096551060676575,-0.0700451135635376,0.557395875453949,0.7789914608001709,-0.060651231557130814,0.4803251326084137,0.7831640839576721,-0.07337941229343414,0.5022932291030884,0.7770960927009583,-0.06522294133901596,0.5300717353820801,0.7694315910339355,-0.06000782921910286,0.5608778595924377,0.8437134027481079,-0.061224646866321564,0.4836430549621582,0.879130482673645,-0.0700615793466568,0.43881309032440186,0.8946546912193298,-0.07135748118162155,0.40580981969833374,0.9019002914428711,-0.07377888262271881
J,0.1287672221660614,0.8598411679267883,-3.062595510527899e-08,0.14232608675956726,0.7562768459320068,-0.007116136606782675,0.1921156644821167,0.6518319845199585,-0.0225017461925745,0.2503623068332672,0.5958427786827087,-0.03469545766711235,0.29503339529037476,0.5885118246078491,-0.04180653765797615,0.1811368465423584,0.6466214060783386,-0.06287078559398651,0.28147023916244507,0.6402304172515869,-0.08311661332845688,0.2682994604110718,0.6754307746887207,-0.08009883761405945,0.24032390117645264,0.6810287237167358,-0.07670310884714127,0.18708959221839905,0.7241946458816528,-0.06886979937553406,0.2901744246482849,0.7132788300514221,-0.08794891834259033,0.2714730203151703,0.7437249422073364,-0.07747665792703629,0.24378859996795654,0.7530242800712585,-0.07182801514863968,0.19787827134132385,0.8037458062171936,-0.07308680564165115,0.29198938608169556,0.7866498231887817,-0.0868559256196022,0.27281519770622253,0.8067727088928223,-0.07132098823785782,0.2433837354183197,0.8136838674545288,-0.06269609928131104,0.20976966619491577,0.8744640350341797,-0.07750774174928665,0.28726181387901306,0.8695522546768188,-0.09486225992441177,0.33265215158462524,0.874888002872467,-0.09925693273544312,0.37130337953567505,0.8733445405960083,-0.1026071161031723
J,0.35674476623535156,0.9048964977264404,-6.38783262729703e-07,0.36991187930107117,0.7911810278892517,-0.04619154334068298,0.3435216546058655,0.67113196849823,-0.0603010430932045,0.2908567786216736,0.6122685074806213,-0.07179156690835953,0.24217982590198517,0.6009154915809631,-0.07583867013454437,0.24640251696109772,0.6375454664230347,-0.020010119304060936,0.2130945771932602,0.6516044735908508,-0.066030353307724,0.25893428921699524,0.7192546725273132,-0.08716659247875214,0.299638956785202,0.7547292709350586,-0.08835772424936295,0.22157786786556244,0.7104613184928894,-0.009256086312234402,0.20116588473320007,0.7300315499305725,-0.06777206808328629,0.26137661933898926,0.7893120050430298,-0.08526252210140228,0.30265024304389954,0.8128533959388733,-0.07908786833286285,0.20583468675613403,0.7850276827812195,-0.007902180776000023,0.18966728448867798,0.8097015023231506,-0.06702769547700882,0.24820572137832642,0.8415588140487671,-0.07810112833976746,0.29340559244155884,0.8530738353729248,-0.06426015496253967,0.19763492047786713,0.8578829169273376,-0.009271928109228611,0.12966403365135193,0.8492646217346191,-0.04387437924742699,0.08225409686565399,0.8559412360191345,-0.05678270757198334,0.04264719784259796,0.8566914796829224,-0.05455928295850754
J,0.30833518505096436,0.8808533549308777,2.5877326947920665e-08,0.3054434359073639,0.7598429322242737,-0.006254516541957855,0.341749906539917,0.6328224539756775,-0.022611519321799278,0.3938526213169098,0.5600678324699402,-0.034026242792606354,0.4410156011581421,0.5496418476104736,-0.039860207587480545,0.3362732529640198,0.6575623750686646,-0.07572317868471146,0.4405485987663269,0.6119343042373657,-0.09570381790399551,0.4277561604976654,0.6380661725997925,-0.09030801802873611,0.39733850955963135,0.6554843783378601,-0.08565886318683624,0.3514051139354706,0.7401818037033081,-0.08040867745876312,0.454765260219574,0.6817319989204407,-0.09651058167219162,0.4371034801006317,0.7028509974479675,-0.08125896006822586,0.4120107889175415,0.7204577326774597,-0.07447446882724762,0.37025895714759827,0.8184777498245239,-0.08233705163002014,0.46249181032180786,0.7626509666442871,-0.09056326001882553,0.4417690336704254,0.7746760845184326,-0.07076024264097214,0.4111503064632416,0.7894777655601501,-0.0622265450656414,0.3896942436695099,0.8853625059127808,-0.08457611501216888,0.4708598852157593,0.8547234535217285,-0.10115617513656616,0.5192232728004456,0.8437333703041077,-0.10662435740232468,0.5604162216186523,0.8306468725204468,-0.11238040030002594
J,0.4281633794307709,0.8571739792823792,-3.9935542872626684e-08,0.4621821343898773,0.7530726194381714,-0.01263383962213993,0.48931801319122314,0.6624739170074463,-0.028376968577504158,0.516235888004303,0.6064543724060059,-0.04274347424507141,0.5326852798461914,0.5930171012878418,-0.05497988313436508,0.4220508337020874,0.6037752628326416,-0.05570739880204201,0.5124508142471313,0.614955723285675,-0.08114289492368698,0.5249997973442078,0.6767643094062805,-0.08727836608886719,0.5079633593559265,0.6990461349487305,-0.09113536775112152,0.40841802954673767,0.6730380654335022,-0.0651097297668457,0.512824535369873,0.6958999037742615,-0.09036315977573395,0.5181921720504761,0.7474266886711121,-0.09085115790367126,0.5017117261886597,0.7575796842575073,-0.09279297292232513,0.40871119499206543,0.7522985339164734,-0.07379196584224701,0.5055137276649475,0.7754296064376831,-0.09738879650831223,0.5038717985153198,0.810112476348877,-0.0927615761756897,0.48492151498794556,0.8131777048110962,-0.0902448371052742,0.41406238079071045,0.8293212652206421,-0.08327532559633255,0.48594221472740173,0.8572450876235962,-0.10135804116725922,0.5067325830459595,0.8687280416488647,-0.10082626342773438,0.5143545866012573,0.8677663803100586,-0.0997917652130127
J,0.3912479281425476,0.8731234073638916,-5.438486709863355e-07,0.41550469398498535,0.7700838446617126,-0.026031525805592537,0.41216886043548584,0.6627111434936523,-0.03904774412512779,0.3847047984600067,0.6031351685523987,-0.05104672908782959,0.35403501987457275,0.5590779781341553,-0.059744954109191895,0.3093118667602539,0.5947803854942322,-0.023261895403265953,0.3300740420818329,0.6122074127197266,-0.054785020649433136,0.3611415922641754,0.6736238598823547,-0.07524561882019043,0.3874208331108093,0.7179479002952576,-0.08203291147947311,0.280120849609375,0.6544177532196045,-0.021479012444615364,0.31304940581321716,0.6880409121513367,-0.05405503883957863,0.35240188241004944,0.740607738494873,-0.06828844547271729,0.3830468952655792,0.7757675051689148,-0.07125505059957504,0.2681630849838257,0.7307561635971069,-0.02390468120574951,0.29196757078170776,0.7540215849876404,-0.05819601193070412,0.3352438807487488,0.7893115878105164,-0.06608384102582932,0.3702075183391571,0.8143662214279175,-0.0623263344168663,0.26970139145851135,0.8092440366744995,-0.027654411271214485,0.2361653447151184,0.8072730302810669,-0.04964273422956467,0.20464199781417847,0.810322105884552,-0.05649278312921524,0.17744934558868408,0.8100507855415344,-0.055954426527023315
J,0.3812897503376007,0.8709805011749268,-5.157150440027181e-07,0.4086592495441437,0.774407684803009,-0.024064095690846443,0.4032345414161682,0.657894492149353,-0.03106573037803173,0.37329423427581787,0.5897879600524902,-0.03861020505428314,0.3457946181297302,0.5386133790016174,-0.041715431958436966,0.32770106196403503,0.6018622517585754,-0.010325542651116848,0.31349435448646545,0.5783798098564148,-0.04384854435920715,0.34313663840293884,0.6476309895515442,-0.06008113548159599,0.3700503706932068,0.7016942501068115,-0.06149338185787201,0.29827681183815,0.6577008366584778,-0.008976454846560955,0.29060137271881104,0.6413314938545227,-0.05022769793868065,0.33347779512405396,0.7146730422973633,-0.06227807328104973,0.3649422526359558,0.760840892791748,-0.05813649296760559,0.27694112062454224,0.7211177349090576,-0.013709486462175846,0.26817429065704346,0.7123232483863831,-0.05491181090474129,0.31436654925346375,0.7673949003219604,-0.05998452007770538,0.3502177596092224,0.802943229675293,-0.049221862107515335,0.2629244327545166,0.7888461351394653,-0.01972304657101631,0.21710863709449768,0.7555527687072754,-0.04273158684372902,0.18293125927448273,0.7372053861618042,-0.0494547076523304,0.1524849534034729,0.714470386505127,-0.04726844280958176
J,0.41632771492004395,0.8702707290649414,-5.002368652640143e-07,0.43684515357017517,0.7795608043670654,-0.03306443989276886,0.43756383657455444,0.6850234270095825,-0.05181363224983215,0.4160482883453369,0.6369020342826843,-0.06736964732408524,0.38638338446617126,0.6088196635246277,-0.07955951243638992,0.31987589597702026,0.615802526473999,-0.040023136883974075,0.35816195607185364,0.6661565899848938,-0.0733056366443634,0.39431798458099365,0.71168452501297,-0.09288203716278076,0.4158512353897095,0.7328194379806519,-0.10132622718811035,0.29239940643310547,0.6832494735717773,-0.03677628934383392,0.3465510904788971,0.7498363256454468,-0.06836151331663132,0.38671600818634033,0.7852004170417786,-0.07946891337633133,0.4097539782524109,0.7934436798095703,-0.08403490483760834,0.2844442129135132,0.7705765962600708,-0.03784848377108574,0.3232227563858032,0.8218777775764465,-0.0746205672621727,0.3655177354812622,0.841452419757843,-0.08386795222759247,0.3945494294166565,0.8435721397399902,-0.08392498642206192,0.2910851240158081,0.8543055057525635,-0.040613994002342224,0.2773071825504303,0.893191933631897,-0.07026202976703644,0.2596448063850403,0.9202497601509094,-0.08160927146673203,0.24030637741088867,0.9397798776626587,-0.08476734906435013
J,0.3902064561843872,0.8777140378952026,-8.153926245313414e-08,0.4149352014064789,0.77073073387146,-0.01562725380063057,0.4285801351070404,0.6834585070610046,-0.030538583174347878,0.4404498338699341,0.6228196024894714,-0.04370074346661568,0.450643390417099,0.5791086554527283,-0.055670205503702164,0.350728839635849,0.6375598311424255,-0.05182614549994469,0.4444209337234497,0.6370428800582886,-0.0798262506723404,0.45413947105407715,0.6835544109344482,-0.09174316376447678,0.43375372886657715,0.69950932264328,-0.09902597218751907,0.3410850465297699,0.7102048397064209,-0.05956155061721802,0.4487162232398987,0.7204326391220093,-0.08400317281484604,0.4499708414077759,0.7562427520751953,-0.08529240638017654,0.42865997552871704,0.7640829086303711,-0.08740726858377457,0.3463207483291626,0.7906198501586914,-0.06753596663475037,0.4441952705383301,0.7964658737182617,-0.09489654004573822,0.44061529636383057,0.8199781775474548,-0.08847776055335999,0.4201701581478119,0.8246744871139526,-0.08311426639556885,0.3555036783218384,0.8685344457626343,-0.07700318843126297,0.43599849939346313,0.8796765804290771,-0.1034584790468216,0.46547675132751465,0.8892746567726135,-0.1030939370393753,0.4805945158004761,0.8883457779884338,-0.09918375313282013
J,0.38687604665756226,0.8248355388641357,2.366822471344676e-08,0.39622801542282104,0.7263625264167786,-0.011752835474908352,0.4236551523208618,0.6181235909461975,-0.029068835079669952,0.45768511295318604,0.5413831472396851,-0.043158598244190216,0.47490158677101135,0.4926372766494751,-0.05313703417778015,0.381651908159256,0.583725094795227,-0.0684257447719574,0.47159409523010254,0.5463213324546814,-0.09215573221445084,0.4721059203147888,0.5959406495094299,-0.09413864463567734,0.4464661180973053,0.613817036151886,-0.09585358202457428,0.38724684715270996,0.6487365365028381,-0.0772886574268341,0.48671841621398926,0.6190991401672363,-0.09851391613483429,0.4795086681842804,0.6612744927406311,-0.09218413382768631,0.45669063925743103,0.6745477318763733,-0.09138810634613037,0.4046047329902649,0.7194865942001343,-0.08525607734918594,0.49806252121925354,0.6862344741821289,-0.1026880145072937,0.4851182699203491,0.7170262336730957,-0.09115609526634216,0.4595862925052643,0.7319635152816772,-0.08702918142080307,0.42590945959091187,0.7870954871177673,-0.09434477984905243,0.5059227347373962,0.7551146149635315,-0.11606093496084213,0.5457056760787964,0.7288095951080322,-0.12129080295562744,0.576134443283081,0.7007972002029419,-0.12524229288101196
J,0.4117746651172638,0.6703539490699768,-4.918111926599522e-07,0.45623183250427246,0.6021847724914551,-0.011562480591237545,0.4712377190589905,0.4910814166069031,-0.012626797892153263,0.46527332067489624,0.4078613817691803,-0.016911843791604042,0.4532361626625061,0.3426072299480438,-0.018320418894290924,0.4225651025772095,0.40384405851364136,0.0027749519795179367,0.42187103629112244,0.34634166955947876,-0.02286575734615326,0.433370977640152,0.41768819093704224,-0.03421866521239281,0.4423872232437134,0.48010873794555664,-0.033335838466882706,0.3929257392883301,0.42990443110466003,-0.0008652440155856311,0.3956742584705353,0.38422462344169617,-0.03520777076482773,0.41335922479629517,0.4729345440864563,-0.046174101531505585,0.424238383769989,0.5386515855789185,-0.04178221523761749,0.3652511537075043,0.4649786353111267,-0.008922873996198177,0.3677484393119812,0.4264949560165405,-0.042839355766773224,0.39231565594673157,0.506166934967041,-0.04503228887915611,0.40786421298980713,0.563923180103302,-0.03332027047872543,0.339677095413208,0.506542444229126,-0.017523126676678658,0.31529539823532104,0.43178045749664307,-0.033771030604839325,0.30415618419647217,0.3822367489337921,-0.03542172163724899,0.2959504723548889,0.3312128186225891,-0.030613170936703682
J,0.39190229773521423,0.7362434267997742,-4.6914951212784217e-07,0.4153144955635071,0.6388351917266846,-0.021094614639878273,0.40882134437561035,0.5400968790054321,-0.032418228685855865,0.38223713636398315,0.4854348599910736,-0.0430857390165329,0.358874648809433,0.4358285963535309,-0.05091121420264244,0.306287556886673,0.49063271284103394,-0.01984337344765663,0.3347678780555725,0.4873875379562378,-0.04900231212377548,0.368543416261673,0.5381033420562744,-0.06724148243665695,0.3905337452888489,0.5740477442741394,-0.07434944063425064,0.28178340196609497,0.5484437942504883,-0.02009195275604725,0.3208959102630615,0.5566356182098389,-0.04841626435518265,0.3579223155975342,0.6018173098564148,-0.05891985818743706,0.38112226128578186,0.6292669773101807,-0.06124652922153473,0.2747233510017395,0.6219550967216492,-0.024373970925807953,0.30676570534706116,0.6261446475982666,-0.05487287789583206,0.3448139727115631,0.6556873321533203,-0.05989256128668785,0.37008199095726013,0.6742868423461914,-0.05649479106068611,0.282105416059494,0.6964035034179688,-0.02974383346736431,0.2631840407848358,0.6919745206832886,-0.050875138491392136,0.2420356571674347,0.69737708568573,-0.05724048241972923,0.22225472331047058,0.6996361613273621,-0.05724100023508072
J,0.37496814131736755,0.784472644329071,2.0662545807681454e-07,0.3997977375984192,0.6727854013442993,-0.015902185812592506,0.4622873365879059,0.589762270450592,-0.038783952593803406,0.5231887102127075,0.5549477338790894,-0.057820700109004974,0.5584666728973389,0.5411347150802612,-0.07395912706851959,0.4383140206336975,0.5713868737220764,-0.08033517748117447,0.5432769060134888,0.6026943922042847,-0.10607080906629562,0.5312737822532654,0.6256013512611389,-0.10813954472541809,0.4994954764842987,0.61525958776474,-0.1097528338432312,0.4294494092464447,0.6580188870429993,-0.08934199064970016,0.5461257100105286,0.6904656291007996,-0.11360467225313187,0.5266740918159485,0.7047872543334961,-0.10697980225086212,0.497875839471817,0.6974719166755676,-0.10608437657356262,0.42751917243003845,0.74623703956604,-0.09684454649686813,0.5345211029052734,0.7725253105163574,-0.11550574004650116,0.5144613981246948,0.7771670818328857,-0.1008925661444664,0.4858218729496002,0.7712242007255554,-0.09503868222236633,0.42667174339294434,0.8261847496032715,-0.10579309612512589,0.5202735066413879,0.8506283760070801,-0.12868553400039673,0.5672372579574585,0.8572884202003479,-0.13044895231723785,0.6030136346817017,0.8617645502090454,-0.1320618838071823
J,0.4966912865638733,0.7733467817306519,-2.7454831297291094e-07,0.5023490786552429,0.6402059197425842,-0.001175481011159718,0.5496726036071777,0.5304797291755676,-0.008691891096532345,0.6124520897865295,0.47038817405700684,-0.014631737023591995,0.6582584381103516,0.45215076208114624,-0.014954899437725544,0.5740418434143066,0.5224215984344482,-0.03305855765938759,0.6558370590209961,0.5127379894256592,-0.04431869462132454,0.6368127465248108,0.5442285537719727,-0.03945260867476463,0.6099951863288879,0.5569073557853699,-0.033694349229335785,0.5914326310157776,0.6057987213134766,-0.037823863327503204,0.6666179895401001,0.5893489122390747,-0.04595043137669563,0.6501219272613525,0.6136741638183594,-0.0360361710190773,0.6261583566665649,0.6253474354743958,-0.02983582392334938,0.6056708097457886,0.6864105463027954,-0.041134536266326904,0.6720141172409058,0.6575642228126526,-0.04688161239027977,0.6590012907981873,0.6763027310371399,-0.03192473575472832,0.6360562443733215,0.6867415308952332,-0.0224849134683609,0.617511510848999,0.753541886806488,-0.04403872787952423,0.68529212474823,0.7200449705123901,-0.04997364059090614,0.7270050048828125,0.6986228227615356,-0.04778498783707619,0.7623975276947021,0.6746413707733154,-0.04625406116247177
J,0.5595760345458984,0.5471141338348389,-2.591202985513519e-07,0.6165087223052979,0.45577120780944824,0.00785859115421772,0.6913525462150574,0.4390307366847992,0.006412292830646038,0.7546839118003845,0.46563684940338135,0.004757313057780266,0.7908164858818054,0.4831668436527252,0.008106610737740993,0.7246772050857544,0.4423774480819702,-0.0174196045845747,0.7772526741027832,0.5375680327415466,-0.023439204320311546,0.750493049621582,0.5458039045333862,-0.017745530232787132,0.727154552936554,0.525134801864624,-0.013356033712625504,0.7093204855918884,0.5162606835365295,-0.026403918862342834,0.7583289742469788,0.6063478589057922,-0.02826603502035141,0.7331912517547607,0.608030378818512,-0.01832016184926033,0.7156537771224976,0.5873088240623474,-0.014561665244400501,0.6894951462745667,0.5918853282928467,-0.033825017511844635,0.7343403697013855,0.6659274697303772,-0.03777133673429489,0.7132534384727478,0.6652191281318665,-0.024484286084771156,0.6954470872879028,0.6430475115776062,-0.017784567549824715,0.6691574454307556,0.6619649529457092,-0.04017455875873566,0.7297295928001404,0.7390234470367432,-0.04775000363588333,0.7632660865783691,0.7877688407897949,-0.045982085168361664,0.7957075238227844,0.8220598101615906,-0.04498743638396263
J,0.38757312297821045,0.714316725730896,-6.531505505336099e-07,0.4095849096775055,0.594074547290802,-0.0317772701382637,0.40017640590667725,0.47898027300834656,-0.04791386425495148,0.36799415946006775,0.4207378923892975,-0.06113315373659134,0.3391088843345642,0.3646690845489502,-0.06986453384160995,0.28287771344184875,0.4239966571331024,-0.03534325212240219,0.31131500005722046,0.43929189443588257,-0.07140472531318665,0.35137033462524414,0.4899233281612396,-0.0922304019331932,0.3783307671546936,0.5229575037956238,-0.09967658668756485,0.2550695538520813,0.49781161546707153,-0.03262097388505936,0.2969474792480469,0.5290430784225464,-0.06915221363306046,0.34750258922576904,0.5726941227912903,-0.08269096910953522,0.37609097361564636,0.5963321328163147,-0.08629558235406876,0.2474067211151123,0.5847199559211731,-0.03458006680011749,0.2772367298603058,0.6100452542304993,-0.07687214761972427,0.3303302228450775,0.6293193101882935,-0.08689195662736893,0.36475276947021484,0.6393774747848511,-0.08477514982223511,0.2546686828136444,0.6688967347145081,-0.03762287646532059,0.2120968997478485,0.6951885223388672,-0.06765685230493546,0.17555898427963257,0.7132595777511597,-0.07818938046693802,0.1374184489250183,0.7200773358345032,-0.08048321306705475
J,0.4102360010147095,0.777169942855835,-5.010525683246669e-07,0.41953083872795105,0.6785287261009216,-0.02379504032433033,0.3948805332183838,0.5800115466117859,-0.03152156621217728,0.3554714620113373,0.5314396023750305,-0.038925185799598694,0.32588323950767517,0.48918914794921875,-0.04168807715177536,0.3247455954551697,0.5666288733482361,-0.01485787145793438,0.29920047521591187,0.5506481528282166,-0.04738926887512207,0.335141122341156,0.5895007848739624,-0.062430087476968765,0.36613693833351135,0.6165371537208557,-0.06433932483196259,0.30687978863716125,0.6315274238586426,-0.013131776824593544,0.2883338928222656,0.6160359978675842,-0.05231119319796562,0.33938708901405334,0.6561712026596069,-0.06270307302474976,0.37167608737945557,0.6756079792976379,-0.05890302732586861,0.29651781916618347,0.6966139078140259,-0.01699610985815525,0.2781705856323242,0.6879523396492004,-0.05637345090508461,0.3279225528240204,0.7093693614006042,-0.06044480577111244,0.3636380732059479,0.7184187173843384,-0.050654925405979156,0.2931555509567261,0.761742115020752,-0.022114215418696404,0.2419656366109848,0.7633706331253052,-0.04575326666235924,0.2075686752796173,0.7733994722366333,-0.05343951657414436,0.17380501329898834,0.7741314172744751,-0.05270213633775711
J,0.4025420546531677,0.8819647431373596,-2.3591194064920273e-07,0.4330320358276367,0.7653555870056152,0.0016925192903727293,0.49508899450302124,0.712670087814331,-0.002505205338820815,0.5546050071716309,0.6999523639678955,-0.005562819540500641,0.5956873297691345,0.6921015977859497,-0.0034167792182415724,0.5232040286064148,0.7269195318222046,-0.02265968918800354,0.5962355136871338,0.7552247047424316,-0.0325353629887104,0.5711235404014587,0.7592245936393738,-0.030036568641662598,0.5445794463157654,0.7576937079429626,-0.02594967745244503,0.5220804810523987,0.8055380582809448,-0.026545878499746323,0.590117335319519,0.8213780522346497,-0.029880773276090622,0.568832516670227,0.8186585903167725,-0.019048873335123062,0.5482714176177979,0.8166580200195312,-0.013116427697241306,0.5164766311645508,0.8753829002380371,-0.029485000297427177,0.5795287489891052,0.88046795129776,-0.03040134906768799,0.5625675916671753,0.875451922416687,-0.014240071177482605,0.5412921905517578,0.8716987371444702,-0.005264194216579199,0.5102075338363647,0.9321374297142029,-0.0321558341383934,0.5740792751312256,0.9539815187454224,-0.03544556349515915,0.6093817949295044,0.9666439890861511,-0.03200247883796692,0.6406301259994507,0.9762390851974487,-0.02995901368558407
J,0.38851112127304077,0.8391312956809998,-4.855891120314482e-07,0.39661720395088196,0.7346447110176086,-0.021580783650279045,0.3716191053390503,0.6420670747756958,-0.030885130167007446,0.3387029767036438,0.5961295366287231,-0.04013253003358841,0.3148314356803894,0.5499281883239746,-0.04561147466301918,0.284064382314682,0.6274612545967102,-0.016717713326215744,0.28820085525512695,0.6087779998779297,-0.04594287648797035,0.3273681402206421,0.63750821352005,-0.060784026980400085,0.35347068309783936,0.6631278991699219,-0.06429684907197952,0.2670076787471771,0.6908445358276367,-0.01671888865530491,0.2833007276058197,0.6868877410888672,-0.04817693680524826,0.3302689790725708,0.7077305912971497,-0.05786983296275139,0.35392650961875916,0.7206077575683594,-0.057937394827604294,0.26451894640922546,0.7612535357475281,-0.02147536538541317,0.27478188276290894,0.7589936256408691,-0.056937895715236664,0.3219846189022064,0.7656261324882507,-0.06249464675784111,0.3499238193035126,0.7720948457717896,-0.05711975321173668,0.27141183614730835,0.8299479484558105,-0.027019379660487175,0.23012733459472656,0.8479380011558533,-0.049893610179424286,0.20084244012832642,0.8593705892562866,-0.056802984327077866,0.16840170323848724,0.8635836839675903,-0.056867897510528564
J,0.35883867740631104,0.8327000141143799,-5.60675800898025e-07,0.3659835159778595,0.7223712205886841,-0.02136755920946598,0.3313753008842468,0.6188163161277771,-0.026602892205119133,0.28846848011016846,0.5678324699401855,-0.033009301871061325,0.2577836215496063,0.5230032801628113,-0.034710172563791275,0.25776204466819763,0.6068608164787292,-0.007831496186554432,0.22904227674007416,0.5833932161331177,-0.04217195510864258,0.2681202292442322,0.6197313070297241,-0.058576490730047226,0.3027733564376831,0.6491512060165405,-0.06015883386135101,0.24084332585334778,0.6738094091415405,-0.00760768773034215,0.2201606035232544,0.6576788425445557,-0.04995829984545708,0.2739935517311096,0.6915116906166077,-0.06205161288380623,0.3107326924800873,0.7102393507957458,-0.0576515793800354,0.23070350289344788,0.7425524592399597,-0.01360020786523819,0.21003088355064392,0.732707142829895,-0.05519453063607216,0.2632797956466675,0.7533285617828369,-0.06025055795907974,0.3027495741844177,0.7652756571769714,-0.049274854362010956,0.2267349809408188,0.8114016056060791,-0.020873256027698517,0.16818749904632568,0.8123270869255066,-0.045683979988098145,0.12747499346733093,0.8157492280006409,-0.05472162365913391,0.08917355537414551,0.8115079998970032,-0.05400383472442627
J,0.3776184916496277,0.804313063621521,-2.741959690411022e-07,0.387162446975708,0.708936870098114,-0.015183155424892902,0.3803108334541321,0.6305209994316101,-0.02720174938440323,0.37080052495002747,0.5810036063194275,-0.03812465816736221,0.36146044731140137,0.5296684503555298,-0.04760374501347542,0.2985144257545471,0.6085717082023621,-0.029727226123213768,0.3612035810947418,0.5920409560203552,-0.05603105202317238,0.38706687092781067,0.6181919574737549,-0.07051124423742294,0.3834448456764221,0.6332933306694031,-0.07864140719175339,0.28737109899520874,0.6698815822601318,-0.032980430871248245,0.3703564405441284,0.6664420366287231,-0.05391012132167816,0.3953000009059906,0.6940040588378906,-0.05968349054455757,0.3854312002658844,0.7006128430366516,-0.06428033113479614,0.290926992893219,0.7352641820907593,-0.038079939782619476,0.3673337399959564,0.738645076751709,-0.06122564524412155,0.3885596692562103,0.7512114644050598,-0.061566296964883804,0.37913185358047485,0.7509805560112,-0.060607701539993286,0.30280283093452454,0.7948138117790222,-0.044262081384658813,0.35215044021606445,0.8123864531517029,-0.061349812895059586,0.3665873408317566,0.8296329379081726,-0.062103454023599625,0.35949620604515076,0.8402153849601746,-0.06033468618988991
K,0.29138606786727905,0.900428056716919,5.218346359470161e-07,0.34715190529823303,0.809760570526123,-0.0010971714509651065,0.3700238764286041,0.7104797959327698,-0.0115782106295228,0.37723755836486816,0.6378404498100281,-0.028474221006035805,0.3922805190086365,0.5765490531921387,-0.04430026561021805,0.3269343674182892,0.5949466228485107,-0.01172468438744545,0.344590961933136,0.4920685291290283,-0.03608549386262894,0.35214176774024963,0.41974496841430664,-0.0513639971613884,0.35854899883270264,0.35643890500068665,-0.062195975333452225,0.30393746495246887,0.6090736389160156,-0.027176663279533386,0.3779657185077667,0.5815904140472412,-0.06313038617372513,0.4306577146053314,0.5768798589706421,-0.0753827765583992,0.46882498264312744,0.5722123384475708,-0.07903247326612473,0.28908658027648926,0.6471168994903564,-0.04347380995750427,0.3758358359336853,0.6625903844833374,-0.07717303186655045,0.37699416279792786,0.744403600692749,-0.06893885880708694,0.365986168384552,0.793602466583252,-0.05571066588163376,0.28239572048187256,0.6991639137268066,-0.061236683279275894,0.3544878661632538,0.722015380859375,-0.08286469429731369,0.3543073832988739,0.7772776484489441,-0.07476168125867844,0.33914247155189514,0.8069821000099182,-0.0633988156914711
K,0.26729995012283325,0.8700928688049316,3.168381397244957e-07,0.31098490953445435,0.7884135246276855,-0.022923732176423073,0.3204258680343628,0.6764299273490906,-0.0322548970580101,0.29839813709259033,0.6004745960235596,-0.04265926778316498,0.28916990756988525,0.5346982479095459,-0.05119543522596359,0.27809807658195496,0.5823215842247009,-0.020908480510115623,0.271647572517395,0.46908339858055115,-0.043784018605947495,0.2629619538784027,0.39540740847587585,-0.05537401884794235,0.25700879096984863,0.33121681213378906,-0.06124021112918854,0.2408730387687683,0.5971959829330444,-0.021205050870776176,0.25678691267967224,0.569036602973938,-0.05649586021900177,0.27270257472991943,0.5510135293006897,-0.06814530491828918,0.28808265924453735,0.5331836938858032,-0.06858858466148376,0.20828750729560852,0.6274157166481018,-0.02434324286878109,0.24701885879039764,0.6391263604164124,-0.06387531012296677,0.2660733759403229,0.7208561301231384,-0.06126261129975319,0.27832433581352234,0.7833839058876038,-0.04703354462981224,0.1811126470565796,0.6739386320114136,-0.030024198815226555,0.21997223794460297,0.6938619613647461,-0.05740710720419884,0.24030360579490662,0.7469022870063782,-0.05607496201992035,0.2522008717060089,0.7857945561408997,-0.04601281136274338
K,0.2600650489330292,0.8732194900512695,5.715662041438918e-07,0.30568110942840576,0.771336555480957,0.00018551594985183328,0.32635247707366943,0.6692119240760803,-0.010652014054358006,0.3334806263446808,0.593498945236206,-0.026392977684736252,0.3416552245616913,0.5239481329917908,-0.04104132577776909,0.27554500102996826,0.5759634375572205,-0.017948804423213005,0.298961341381073,0.475299209356308,-0.04361433535814285,0.31024405360221863,0.40322351455688477,-0.06021459400653839,0.3196266293525696,0.3419547975063324,-0.07216066122055054,0.2630736827850342,0.6012552380561829,-0.03349277004599571,0.34685033559799194,0.5628653764724731,-0.06726519763469696,0.401271790266037,0.5516557693481445,-0.07807589322328568,0.44026926159858704,0.5404417514801025,-0.08301614224910736,0.26105841994285583,0.6486506462097168,-0.04917153716087341,0.3567728102207184,0.6471726894378662,-0.07732095569372177,0.35350924730300903,0.7129641771316528,-0.06607931107282639,0.3372654318809509,0.7482545375823975,-0.054257094860076904,0.26766207814216614,0.7071012854576111,-0.06639038771390915,0.3452744781970978,0.7109990119934082,-0.08359323441982269,0.3431914448738098,0.7564064860343933,-0.07350216805934906,0.3265155553817749,0.7791558504104614,-0.06298954039812088
K,0.27988797426223755,0.8268933892250061,4.0920954802459164e-07,0.2726570963859558,0.7224755883216858,0.004309068433940411,0.2922142744064331,0.6263324618339539,-0.002783391857519746,0.32729753851890564,0.5578762292861938,-0.011166785843670368,0.35929805040359497,0.5203338861465454,-0.019089102745056152,0.2936079204082489,0.580574095249176,-0.02983604557812214,0.33651527762413025,0.4747423529624939,-0.04381360486149788,0.36100631952285767,0.41505804657936096,-0.049640681594610214,0.3813895881175995,0.36803802847862244,-0.05348937585949898,0.3154737949371338,0.6124855875968933,-0.03902992606163025,0.3822725713253021,0.5631632804870605,-0.0484987311065197,0.41786840558052063,0.5470027923583984,-0.046859048306941986,0.44125890731811523,0.5301359295845032,-0.047726109623909,0.3390446901321411,0.660574734210968,-0.0457032285630703,0.39160385727882385,0.6411697864532471,-0.04821154102683067,0.3802913427352905,0.6693031191825867,-0.033415116369724274,0.3632509112358093,0.6894543766975403,-0.02522076852619648,0.35933512449264526,0.7138891220092773,-0.052959226071834564,0.3949185013771057,0.6967499256134033,-0.04974658042192459,0.38209640979766846,0.7176612019538879,-0.03560490533709526,0.3669379651546478,0.7322309613227844,-0.025917354971170425
K,0.2275819033384323,0.8239294290542603,2.641629066602036e-07,0.2703005075454712,0.7589211463928223,-0.031151657924056053,0.2841813564300537,0.6516900658607483,-0.04091748595237732,0.2544534504413605,0.5694723129272461,-0.04923512786626816,0.23015627264976501,0.5049704909324646,-0.05631108954548836,0.25226154923439026,0.5618181824684143,-0.022193431854248047,0.24395200610160828,0.447784960269928,-0.04357936605811119,0.23152989149093628,0.3763516843318939,-0.05514420196413994,0.22089169919490814,0.3178306818008423,-0.06089254096150398,0.21387679874897003,0.5844548344612122,-0.01935737021267414,0.2008141726255417,0.5176159143447876,-0.05727798119187355,0.1925727128982544,0.5056859254837036,-0.07261809706687927,0.18901978433132172,0.5073884725570679,-0.07302416861057281,0.1800856590270996,0.6179772615432739,-0.019843965768814087,0.1806407868862152,0.6035837531089783,-0.0656166821718216,0.199197456240654,0.6829046607017517,-0.06824595481157303,0.21421493589878082,0.7457590103149414,-0.05445469170808792,0.14962725341320038,0.6613900661468506,-0.022348934784531593,0.156798854470253,0.6450100541114807,-0.05659903958439827,0.17829689383506775,0.6983751654624939,-0.05618780851364136,0.1952977031469345,0.7410914301872253,-0.044822003692388535
K,0.2701011896133423,0.8434597849845886,4.2573685732349986e-07,0.32199281454086304,0.7511260509490967,-0.00835871510207653,0.34196072816848755,0.6524012088775635,-0.019790183752775192,0.3394852876663208,0.5818624496459961,-0.03568603843450546,0.33269113302230835,0.5159180164337158,-0.05043976381421089,0.2924722731113434,0.5509130358695984,-0.017629820853471756,0.30506622791290283,0.4560950994491577,-0.043991249054670334,0.3079393804073334,0.3865640461444855,-0.0592716746032238,0.31177037954330444,0.32526513934135437,-0.06940585374832153,0.2619977295398712,0.5667046308517456,-0.029588742181658745,0.32302677631378174,0.5383478999137878,-0.066916823387146,0.3663784861564636,0.53350830078125,-0.07842736691236496,0.3987901508808136,0.5297859311103821,-0.08070773631334305,0.24198000133037567,0.6074751615524292,-0.04327227920293808,0.32250943779945374,0.622077465057373,-0.0789697915315628,0.32863670587539673,0.7013387084007263,-0.07182846963405609,0.32078635692596436,0.7495071291923523,-0.05876478552818298,0.23109795153141022,0.6605077385902405,-0.059009745717048645,0.2992922365665436,0.6804918050765991,-0.08267000317573547,0.303985059261322,0.7323808073997498,-0.07730016857385635,0.2914714813232422,0.7600095272064209,-0.06764975190162659
K,0.41927558183670044,0.7427467107772827,2.512042271973769e-07,0.4694834053516388,0.7028967142105103,-0.023034043610095978,0.5001354217529297,0.6263899207115173,-0.03472888097167015,0.4983823597431183,0.5592743158340454,-0.046683188527822495,0.4916839301586151,0.5034372210502625,-0.05754581093788147,0.48103541135787964,0.4917915165424347,-0.032915957272052765,0.49095991253852844,0.379174143075943,-0.0559723861515522,0.491391658782959,0.30305662751197815,-0.06791716068983078,0.4928608536720276,0.23774117231369019,-0.07373417913913727,0.44028201699256897,0.4836990535259247,-0.033085644245147705,0.4498704969882965,0.4747365713119507,-0.06664573401212692,0.46120771765708923,0.4709711968898773,-0.07770386338233948,0.47418147325515747,0.4695940911769867,-0.07778482139110565,0.40256673097610474,0.49631431698799133,-0.0347650982439518,0.42487600445747375,0.5508071780204773,-0.06911409646272659,0.4339117407798767,0.6241815686225891,-0.06726926565170288,0.439675897359848,0.6824588775634766,-0.05481690540909767,0.36925208568573,0.5256826877593994,-0.03904903680086136,0.3913780152797699,0.5727342367172241,-0.06109917536377907,0.4042404592037201,0.6252838373184204,-0.0579734705388546,0.41269466280937195,0.6667085289955139,-0.04709212854504585
K,0.38311827182769775,0.7425562739372253,5.406088234849449e-07,0.44314417243003845,0.6849735379219055,9.577948367223144e-05,0.4741676151752472,0.6053906679153442,-0.0065170819871127605,0.48704925179481506,0.539665162563324,-0.018787771463394165,0.5031512379646301,0.4806312322616577,-0.03021363727748394,0.44312453269958496,0.49677908420562744,-0.004256223328411579,0.4755186140537262,0.41596758365631104,-0.025222929194569588,0.49529188871383667,0.35948020219802856,-0.03780703991651535,0.5120900273323059,0.31026262044906616,-0.04607364907860756,0.42679473757743835,0.499631404876709,-0.01725892722606659,0.501614511013031,0.4962066411972046,-0.04850795492529869,0.5490323305130005,0.5018526911735535,-0.05930618196725845,0.5840739011764526,0.5055882930755615,-0.06191936880350113,0.4161301553249359,0.523912787437439,-0.03146546706557274,0.49227285385131836,0.5764265656471252,-0.0612187534570694,0.47598353028297424,0.6459332704544067,-0.05472723767161369,0.45668140053749084,0.6815279722213745,-0.04278792068362236,0.41113972663879395,0.5624771118164062,-0.04684505611658096,0.47190991044044495,0.6113650798797607,-0.06509745866060257,0.4600728154182434,0.6627617478370667,-0.05806185305118561,0.44185513257980347,0.6849654912948608,-0.04799378290772438
K,0.6357901096343994,0.8710145354270935,5.70777558550617e-07,0.7136710286140442,0.820210337638855,-0.01461724378168583,0.7601688504219055,0.7170072197914124,-0.027248257771134377,0.7728635668754578,0.6266563534736633,-0.04396514967083931,0.7840445041656494,0.5418094396591187,-0.058533672243356705,0.733930230140686,0.5647655725479126,-0.022796090692281723,0.7692674398422241,0.44885116815567017,-0.05415840074419975,0.7900180816650391,0.36839616298675537,-0.07219970971345901,0.8091779351234436,0.29608985781669617,-0.08370061963796616,0.6970862150192261,0.5549549460411072,-0.03412535414099693,0.7718312740325928,0.559133768081665,-0.0811820775270462,0.8279654383659363,0.5843369960784912,-0.09602873027324677,0.8688870668411255,0.6079839468002319,-0.098201222717762,0.6625887751579285,0.5742079615592957,-0.04792965576052666,0.7396233081817627,0.6511300206184387,-0.09370606392621994,0.7250362634658813,0.7536423206329346,-0.08564811944961548,0.7051409482955933,0.8115925788879395,-0.06821949034929276,0.6347479820251465,0.6155387759208679,-0.06440882384777069,0.6997982263565063,0.690204381942749,-0.0945296585559845,0.6886107325553894,0.7607845067977905,-0.08748532086610794,0.666179895401001,0.7922161817550659,-0.07423868775367737
K,0.1903267353773117,0.7676161527633667,-1.4035215656349465e-07,0.23079074919223785,0.7210288643836975,-0.04351154342293739,0.24769344925880432,0.6294829845428467,-0.05735848844051361,0.21913856267929077,0.5441476702690125,-0.0643230676651001,0.19520361721515656,0.4680820107460022,-0.07021979242563248,0.24306416511535645,0.49724382162094116,-0.04248335212469101,0.2267504632472992,0.3784981369972229,-0.06279885768890381,0.21135543286800385,0.3017837405204773,-0.07399611175060272,0.19524124264717102,0.23327726125717163,-0.08103231340646744,0.2039167881011963,0.5011240243911743,-0.030891092494130135,0.14899195730686188,0.4828730821609497,-0.06428501754999161,0.10258705914020538,0.48116856813430786,-0.0826091468334198,0.06640259176492691,0.4748605787754059,-0.08783569186925888,0.17192566394805908,0.5208132863044739,-0.022260315716266632,0.1310562789440155,0.559535801410675,-0.06662692874670029,0.14012421667575836,0.6364715695381165,-0.07979201525449753,0.15224231779575348,0.6857919096946716,-0.07594383507966995,0.1467929482460022,0.5504904985427856,-0.015711775049567223,0.12334897369146347,0.5809165239334106,-0.052942872047424316,0.13776613771915436,0.6483191251754761,-0.06003786623477936,0.1524217128753662,0.6965962648391724,-0.05440405756235123
K,0.18879438936710358,0.7480077743530273,9.564958247665345e-08,0.2236560434103012,0.6965851187705994,-0.03991902247071266,0.23832295835018158,0.6029163599014282,-0.05247499793767929,0.2147848904132843,0.5169827342033386,-0.060875874012708664,0.20074111223220825,0.4309345483779907,-0.06847637891769409,0.23566775023937225,0.4763154089450836,-0.03127848729491234,0.23503553867340088,0.36071181297302246,-0.053079716861248016,0.23028409481048584,0.2864381670951843,-0.06528011709451675,0.22333942353725433,0.21775561571121216,-0.07264161109924316,0.1976774036884308,0.48448342084884644,-0.023919910192489624,0.15818209946155548,0.4303109645843506,-0.05694473534822464,0.11543254554271698,0.39999479055404663,-0.07538697868585587,0.0805993601679802,0.36439207196235657,-0.08102782070636749,0.1657991111278534,0.5108872652053833,-0.020024601370096207,0.13043704628944397,0.5303153395652771,-0.06620269268751144,0.1446150541305542,0.6118992567062378,-0.07566910982131958,0.1622043401002884,0.655775785446167,-0.06830184906721115,0.14057759940624237,0.5474845767021179,-0.018257176503539085,0.11593140661716461,0.567518949508667,-0.05755852907896042,0.13646987080574036,0.6352202892303467,-0.06191423162817955,0.1615309715270996,0.6755257844924927,-0.05367990955710411
K,0.2992403209209442,0.7724379897117615,5.995376000100805e-07,0.3611646890640259,0.7045766711235046,-0.0011216112179681659,0.3959011733531952,0.6253727078437805,-0.013981577940285206,0.4142296016216278,0.566739559173584,-0.032557129859924316,0.4357614517211914,0.5116458535194397,-0.05075036361813545,0.3665965497493744,0.5099731683731079,-0.020590104162693024,0.4073224365711212,0.4340185225009918,-0.04918789118528366,0.43179723620414734,0.3733667731285095,-0.0679568275809288,0.4524661898612976,0.3208441138267517,-0.08105191588401794,0.34143221378326416,0.5243214964866638,-0.03769215568900108,0.42383599281311035,0.5343916416168213,-0.0753040462732315,0.47623130679130554,0.5457289218902588,-0.08914431184530258,0.5152725577354431,0.5493161082267761,-0.09529366344213486,0.32300806045532227,0.5670269727706909,-0.05510832369327545,0.40843337774276733,0.620502769947052,-0.08825532346963882,0.3966464102268219,0.6865915656089783,-0.07928608357906342,0.3758622705936432,0.7153629660606384,-0.0673133060336113,0.3108256161212921,0.6225870251655579,-0.07392656058073044,0.37917354702949524,0.6643509864807129,-0.09496714174747467,0.37493664026260376,0.7066402435302734,-0.0854773297905922,0.35775938630104065,0.7209372520446777,-0.07422803342342377
K,0.29915595054626465,0.7582390308380127,4.292890594115306e-07,0.354467511177063,0.7177706956863403,-0.015244761481881142,0.3903360962867737,0.6445052623748779,-0.02648644521832466,0.3987826108932495,0.5810568928718567,-0.039949849247932434,0.39469850063323975,0.5222709774971008,-0.05207262560725212,0.3690592050552368,0.5144041776657104,-0.023984190076589584,0.4016113579273224,0.4297688901424408,-0.04917186126112938,0.4212297797203064,0.3690888285636902,-0.0630078837275505,0.439951092004776,0.31429049372673035,-0.07057635486125946,0.33394041657447815,0.4966130256652832,-0.029799925163388252,0.37315094470977783,0.504134476184845,-0.06407732516527176,0.40648961067199707,0.5156888961791992,-0.07411961257457733,0.4337407052516937,0.5300436019897461,-0.07465918362140656,0.29990047216415405,0.5068910121917725,-0.03747902065515518,0.34811338782310486,0.5779435634613037,-0.07038578391075134,0.34162023663520813,0.6539860367774963,-0.06508363038301468,0.3327198922634125,0.7018188238143921,-0.05233520269393921,0.2702975869178772,0.5377395153045654,-0.04754792898893356,0.31176215410232544,0.5926156640052795,-0.06754449754953384,0.31116318702697754,0.6482597589492798,-0.061963364481925964,0.30419325828552246,0.6797984838485718,-0.051371119916439056
K,0.39490973949432373,0.8413294553756714,5.988415523461299e-07,0.45871102809906006,0.7725675702095032,-0.0018984780181199312,0.498487263917923,0.6840435862541199,-0.01356789655983448,0.5198793411254883,0.612143874168396,-0.029601532965898514,0.5435088276863098,0.5492355227470398,-0.04488968476653099,0.45970940589904785,0.5595067143440247,-0.022248858585953712,0.503583550453186,0.48023033142089844,-0.048917125910520554,0.5321145057678223,0.4194968044757843,-0.06694614887237549,0.555717945098877,0.3683323264122009,-0.0800633653998375,0.440598726272583,0.5819665193557739,-0.03784382715821266,0.5325102210044861,0.5989964604377747,-0.07497967034578323,0.5895125269889832,0.6220470666885376,-0.08734967559576035,0.6303257346153259,0.6377984881401062,-0.09246596693992615,0.43033915758132935,0.6328473091125488,-0.05344906076788902,0.5214653015136719,0.692801833152771,-0.08363117277622223,0.5023737549781799,0.751414954662323,-0.07356975227594376,0.47681382298469543,0.7724698185920715,-0.06242584064602852,0.4265643358230591,0.6947015523910522,-0.07060891389846802,0.4999646842479706,0.7418663501739502,-0.08898436278104782,0.4862635135650635,0.7839353680610657,-0.07902893424034119,0.4640989303588867,0.7960082292556763,-0.06854979693889618
K,0.25718480348587036,0.7756150364875793,3.367228771367081e-07,0.3097539246082306,0.7315589189529419,-0.023162106052041054,0.3449247181415558,0.6395138502120972,-0.03289734944701195,0.3405633568763733,0.5582555532455444,-0.04276623949408531,0.3318779468536377,0.4950460195541382,-0.051508620381355286,0.33054599165916443,0.5234736800193787,-0.029620982706546783,0.34725913405418396,0.40966135263442993,-0.05225318670272827,0.3499021828174591,0.3300779461860657,-0.06426510959863663,0.3537021577358246,0.26109787821769714,-0.07068001478910446,0.2915908694267273,0.5164847373962402,-0.02966046705842018,0.3060891330242157,0.4954049587249756,-0.06265585124492645,0.32101401686668396,0.4821549952030182,-0.0733109638094902,0.33670538663864136,0.47134101390838623,-0.0744718387722969,0.25337040424346924,0.5253716707229614,-0.03172288089990616,0.27621617913246155,0.5514153242111206,-0.06844042241573334,0.2799588143825531,0.6277267932891846,-0.06540702283382416,0.27977466583251953,0.6890961527824402,-0.052622392773628235,0.21729600429534912,0.5501652956008911,-0.03619175776839256,0.2444588541984558,0.571338415145874,-0.06254494935274124,0.2530774474143982,0.6314516663551331,-0.05915737897157669,0.25533896684646606,0.6798820495605469,-0.04831622913479805
K,0.16585515439510345,0.8534299731254578,1.7712952882220634e-08,0.21513105928897858,0.7885264754295349,-0.03721441328525543,0.23779171705245972,0.6828869581222534,-0.05273677408695221,0.21587099134922028,0.5917753577232361,-0.06518403440713882,0.19925588369369507,0.511430561542511,-0.07662435621023178,0.22470586001873016,0.5474432706832886,-0.03843265026807785,0.21595612168312073,0.42492109537124634,-0.06779913604259491,0.2041441947221756,0.34630995988845825,-0.08509954065084457,0.1934000700712204,0.2766004800796509,-0.09552959352731705,0.17845383286476135,0.5607835054397583,-0.034652456641197205,0.14663618803024292,0.5282369256019592,-0.08313049376010895,0.11766387522220612,0.5430634021759033,-0.10275575518608093,0.09733626246452332,0.5535647869110107,-0.10494057834148407,0.1381056159734726,0.5896922945976257,-0.033857256174087524,0.1133572906255722,0.6210763454437256,-0.08556623756885529,0.1288926601409912,0.702642560005188,-0.08961396664381027,0.1462278962135315,0.7558755874633789,-0.07715387642383575,0.10352690517902374,0.6307791471481323,-0.03578848019242287,0.0920589417219162,0.6608877182006836,-0.07556729018688202,0.11063873767852783,0.7308242321014404,-0.0773075744509697,0.13164889812469482,0.7727398872375488,-0.06637024134397507
K,0.3336617648601532,0.8797575235366821,4.543454679151182e-07,0.3934881091117859,0.7887762784957886,-0.006512750405818224,0.4211580157279968,0.6741635799407959,-0.01470319926738739,0.4219230115413666,0.5895736813545227,-0.027691392228007317,0.4190957844257355,0.5078030824661255,-0.03992443531751633,0.3777922987937927,0.5639824271202087,-0.014104612171649933,0.3986804783344269,0.46473121643066406,-0.03977886587381363,0.41161370277404785,0.3930369019508362,-0.05506136640906334,0.4249647259712219,0.32826873660087585,-0.06497526168823242,0.34411415457725525,0.5696658492088318,-0.02593868598341942,0.4150680899620056,0.5664799809455872,-0.0616559199988842,0.46576547622680664,0.5687867403030396,-0.07348022609949112,0.504850447177887,0.5718622207641602,-0.07664868980646133,0.31717416644096375,0.6067917943000793,-0.03949175775051117,0.40086159110069275,0.6550583839416504,-0.07270116358995438,0.39599117636680603,0.7365818619728088,-0.06589029729366302,0.38105976581573486,0.780113697052002,-0.054023079574108124,0.29821455478668213,0.6610563397407532,-0.05509267747402191,0.3668456971645355,0.6977920532226562,-0.07650312781333923,0.3665482997894287,0.7544397711753845,-0.07043050229549408,0.35021790862083435,0.7793169021606445,-0.06077095866203308
K,0.47248029708862305,0.8052754998207092,5.938734375376953e-07,0.4864157438278198,0.6985883116722107,-3.5849712730851024e-05,0.5236709117889404,0.5971038341522217,-0.01340434793382883,0.5684463977813721,0.5228952765464783,-0.027771469205617905,0.5975984930992126,0.4607189893722534,-0.040722593665122986,0.5023380517959595,0.5312938094139099,-0.043118417263031006,0.5642493367195129,0.43178611993789673,-0.06892943382263184,0.6012481451034546,0.3709244728088379,-0.08350063860416412,0.632145881652832,0.3245750367641449,-0.09310576319694519,0.5129507184028625,0.5778148770332336,-0.05636456981301308,0.6053029298782349,0.5476856231689453,-0.0821785107254982,0.6560327410697937,0.5504045486450195,-0.08692558854818344,0.6894548535346985,0.5497503280639648,-0.09102549403905869,0.529632031917572,0.6399075388908386,-0.06720655411481857,0.61384516954422,0.6409783363342285,-0.08130033314228058,0.600949764251709,0.6809436678886414,-0.06326121091842651,0.5779485106468201,0.6981325745582581,-0.052075035870075226,0.5494980216026306,0.7048676609992981,-0.07946383208036423,0.6140875220298767,0.7047649621963501,-0.08333735913038254,0.59910649061203,0.7332495450973511,-0.06629739701747894,0.5772660374641418,0.743460476398468,-0.05414372310042381
K,0.6975603103637695,0.8996192812919617,7.613470529577171e-07,0.7764750123023987,0.8548283576965332,-0.006022685673087835,0.826297402381897,0.7588968873023987,-0.01593179441988468,0.8469058871269226,0.6774172186851501,-0.03142157942056656,0.8700439929962158,0.5983253121376038,-0.04578426480293274,0.8030983209609985,0.6077650189399719,-0.010017873719334602,0.858416736125946,0.519795298576355,-0.039854343980550766,0.8952559232711792,0.4554855227470398,-0.05927538499236107,0.9254922866821289,0.3974817097187042,-0.07201975584030151,0.7757049202919006,0.5985447764396667,-0.024562733247876167,0.8756352663040161,0.6337040066719055,-0.06830799579620361,0.9417752027511597,0.6750912666320801,-0.08383630216121674,0.9895439147949219,0.7060943841934204,-0.08778723329305649,0.7510628700256348,0.6227415204048157,-0.040927089750766754,0.8379806280136108,0.7146896123886108,-0.081427201628685,0.812506914138794,0.8034124374389648,-0.07064609974622726,0.7854587435722351,0.8456000685691833,-0.053411878645420074,0.7315918803215027,0.6680669188499451,-0.05929362028837204,0.8032417893409729,0.7349296808242798,-0.08519504219293594,0.7882335782051086,0.7988041043281555,-0.07323100417852402,0.7633883357048035,0.8229942321777344,-0.057485733181238174
K,0.6403892636299133,0.9424235820770264,4.910688176096301e-07,0.7312292456626892,0.9036781787872314,-0.01726572774350643,0.7948472499847412,0.7901375889778137,-0.027659950777888298,0.8149728775024414,0.6853885650634766,-0.04125838354229927,0.8361932635307312,0.6002019643783569,-0.053329966962337494,0.7788875699043274,0.6349554657936096,-0.03218294680118561,0.8261968493461609,0.517596960067749,-0.06475401669740677,0.8549492955207825,0.42988717555999756,-0.08217547088861465,0.8831647038459778,0.35390332341194153,-0.09218607097864151,0.7316978573799133,0.5961257815361023,-0.039984893053770065,0.7802921533584595,0.6354904174804688,-0.08712972700595856,0.8240853548049927,0.6678174734115601,-0.1009334921836853,0.8594911098480225,0.7062856554985046,-0.10194478183984756,0.6823212504386902,0.5939773321151733,-0.04976224899291992,0.7284966111183167,0.7138518691062927,-0.09154536575078964,0.7134280800819397,0.8007205724716187,-0.08565202355384827,0.6977250576019287,0.8587069511413574,-0.07106653600931168,0.6362591981887817,0.6193962097167969,-0.06284742802381516,0.6814491152763367,0.722122073173523,-0.08794231712818146,0.675545334815979,0.7932699918746948,-0.08300863206386566,0.6646260023117065,0.8324444890022278,-0.07166959345340729
K,0.3969078063964844,0.7699859142303467,3.3176516467392503e-07,0.4569840133190155,0.7224096059799194,-0.026808612048625946,0.4978322982788086,0.6183147430419922,-0.04011598229408264,0.4961738586425781,0.5270769000053406,-0.05343328043818474,0.4780254662036896,0.4673731029033661,-0.0655890703201294,0.48004359006881714,0.4752030670642853,-0.038062263280153275,0.4950701892375946,0.3404635488986969,-0.06627672910690308,0.49616360664367676,0.2499704360961914,-0.08154450356960297,0.4985036253929138,0.1725960075855255,-0.08950838446617126,0.43182551860809326,0.4587773084640503,-0.03891611471772194,0.4463770389556885,0.4503854215145111,-0.08066512644290924,0.4627504348754883,0.4493970572948456,-0.09329744428396225,0.48017826676368713,0.447742760181427,-0.09332041442394257,0.38501954078674316,0.46512264013290405,-0.0418068952858448,0.4095776379108429,0.5200066566467285,-0.08265276998281479,0.4130094349384308,0.6095444560050964,-0.07742197811603546,0.4138287901878357,0.6763612031936646,-0.06147361174225807,0.3415149748325348,0.49041205644607544,-0.04800685867667198,0.36746031045913696,0.540145218372345,-0.071742944419384,0.37699374556541443,0.6017093658447266,-0.06527027487754822,0.3818034827709198,0.6441243886947632,-0.05193561688065529
K,0.2573997974395752,0.818243145942688,4.82785651456652e-07,0.3228202164173126,0.7216033339500427,-0.006879268679767847,0.350826621055603,0.6055076718330383,-0.017793577164411545,0.3551954925060272,0.5220279097557068,-0.033921629190444946,0.36165446043014526,0.43635401129722595,-0.04926557466387749,0.3019580543041229,0.48907867074012756,-0.016635846346616745,0.3260734975337982,0.3881930708885193,-0.0455385185778141,0.34051239490509033,0.3127911388874054,-0.06479261815547943,0.35511696338653564,0.24537715315818787,-0.0784127339720726,0.2684762477874756,0.49926841259002686,-0.031094400212168694,0.3479684591293335,0.5039415955543518,-0.07277590036392212,0.4015725553035736,0.5181220173835754,-0.08851521462202072,0.4404180645942688,0.5295517444610596,-0.09426876902580261,0.24186170101165771,0.5418174266815186,-0.046959634870290756,0.33026623725891113,0.5878673791885376,-0.08292608708143234,0.3262517750263214,0.6735357046127319,-0.0743701159954071,0.3100682199001312,0.7196928262710571,-0.06188514083623886,0.22356641292572021,0.6001409888267517,-0.06524766236543655,0.2946557104587555,0.6378920078277588,-0.08859755843877792,0.2953336536884308,0.694990336894989,-0.08085531741380692,0.2785939872264862,0.720777690410614,-0.07005524635314941
K,0.20712782442569733,0.8180348873138428,2.5994933139372733e-07,0.26162126660346985,0.7561160922050476,-0.023663105443120003,0.2952679991722107,0.6587793827056885,-0.03632326424121857,0.2899491786956787,0.580150842666626,-0.05003109946846962,0.270184725522995,0.5273369550704956,-0.06274603307247162,0.2633923888206482,0.510886013507843,-0.023863935843110085,0.27056238055229187,0.4138945937156677,-0.049366217106580734,0.2680710256099701,0.34183692932128906,-0.06495220959186554,0.2673618197441101,0.2803513705730438,-0.07345007359981537,0.21995429694652557,0.5074363350868225,-0.025725508108735085,0.23516057431697845,0.5122827291488647,-0.0632714182138443,0.25223031640052795,0.5177451372146606,-0.07777518033981323,0.2693764865398407,0.52390056848526,-0.07926811277866364,0.1788601279258728,0.5299529433250427,-0.030215615406632423,0.21050062775611877,0.5941464304924011,-0.06920339912176132,0.21759891510009766,0.6761397123336792,-0.0690264105796814,0.2219724804162979,0.7365425825119019,-0.056567709892988205,0.1415771096944809,0.570381224155426,-0.03758176416158676,0.17226165533065796,0.6208983063697815,-0.06232285499572754,0.1853652000427246,0.682218611240387,-0.06039625033736229,0.19288882613182068,0.7251023650169373,-0.05013325437903404
K,0.20441576838493347,0.8176869750022888,-1.4858343888590753e-07,0.2519623041152954,0.7592312693595886,-0.04087095335125923,0.27508336305618286,0.6583607792854309,-0.05516675114631653,0.2441939264535904,0.5728069543838501,-0.06492526829242706,0.2191775143146515,0.5020776391029358,-0.07355819642543793,0.25534293055534363,0.5149175524711609,-0.0368436761200428,0.2306952327489853,0.3932115435600281,-0.06213600933551788,0.20873215794563293,0.31750696897506714,-0.0775221735239029,0.1901366263628006,0.25344568490982056,-0.08668219298124313,0.21248923242092133,0.535027027130127,-0.029699502512812614,0.17490887641906738,0.520230233669281,-0.07495668530464172,0.14387956261634827,0.5535486340522766,-0.09564037621021271,0.12210872024297714,0.5810621976852417,-0.09874849766492844,0.17674633860588074,0.5684137344360352,-0.025905823335051537,0.15147587656974792,0.5991418957710266,-0.07603747397661209,0.1593155711889267,0.6777828335762024,-0.08593103289604187,0.16990967094898224,0.7285678386688232,-0.07739486545324326,0.14655020833015442,0.6099876761436462,-0.024511482566595078,0.13276664912700653,0.6195986270904541,-0.06144727021455765,0.14481285214424133,0.6722016930580139,-0.0650375708937645,0.15872332453727722,0.7055113315582275,-0.056214794516563416
K,0.2800637185573578,0.7943251132965088,1.5853480306304846e-07,0.331203818321228,0.7340033054351807,-0.020880628377199173,0.35910412669181824,0.6428234577178955,-0.03372567892074585,0.35479480028152466,0.5702850222587585,-0.047491300851106644,0.34359729290008545,0.5095067620277405,-0.060135602951049805,0.32495251297950745,0.5015068650245667,-0.03168603777885437,0.3264114558696747,0.3991266191005707,-0.059542931616306305,0.3187981843948364,0.3243357539176941,-0.07610964775085449,0.312259703874588,0.2612828016281128,-0.0859040841460228,0.2787039577960968,0.5030214786529541,-0.035337526351213455,0.30326971411705017,0.5193772315979004,-0.07519663870334625,0.32889628410339355,0.5558330416679382,-0.08718839287757874,0.3487960696220398,0.586086630821228,-0.08728472888469696,0.23919451236724854,0.534685492515564,-0.04082651063799858,0.27794939279556274,0.6005488634109497,-0.07462156563997269,0.2892935574054718,0.6690453886985779,-0.06912533193826675,0.2930435836315155,0.7136139273643494,-0.05640929192304611,0.20600321888923645,0.584722638130188,-0.04944010078907013,0.24238789081573486,0.6345602869987488,-0.06855835020542145,0.2581658959388733,0.6809922456741333,-0.06282667815685272,0.2642693519592285,0.707207202911377,-0.05192699655890465
K,0.32053685188293457,0.7833678126335144,3.215430979253142e-07,0.3841353952884674,0.7082375288009644,-0.0038920999504625797,0.41733333468437195,0.6116902232170105,-0.012959769926965237,0.4239685535430908,0.5388864874839783,-0.02664022520184517,0.43086811900138855,0.46592608094215393,-0.03971589356660843,0.38239121437072754,0.48911619186401367,-0.01651989482343197,0.4042218327522278,0.4099559187889099,-0.041564494371414185,0.41501009464263916,0.3479613661766052,-0.058386459946632385,0.4261891841888428,0.29101085662841797,-0.07075464725494385,0.3453117609024048,0.4892560839653015,-0.030461814254522324,0.4160655736923218,0.5272850394248962,-0.068165123462677,0.46521246433258057,0.5678802728652954,-0.0817619264125824,0.49985021352767944,0.5975449681282043,-0.08597937226295471,0.31571105122566223,0.5269161462783813,-0.04484757408499718,0.39451104402542114,0.6102958917617798,-0.07403598725795746,0.39022591710090637,0.6838529109954834,-0.06590805947780609,0.3751256763935089,0.7161532640457153,-0.055535782128572464,0.29371997714042664,0.5831592082977295,-0.061403822153806686,0.35794615745544434,0.6475800275802612,-0.07925581932067871,0.35823386907577515,0.6982428431510925,-0.07181757688522339,0.34384310245513916,0.7131381034851074,-0.062401700764894485
K,0.358770489692688,0.7479503750801086,4.989764192941948e-07,0.4268931746482849,0.674318790435791,-0.0011317995376884937,0.46421363949775696,0.5848656892776489,-0.012426509521901608,0.48013967275619507,0.5186079144477844,-0.029004249721765518,0.5005946755409241,0.447399377822876,-0.04501378908753395,0.42524224519729614,0.4503730237483978,-0.01706591062247753,0.46527454257011414,0.38047122955322266,-0.042463380843400955,0.4889768958091736,0.32160067558288574,-0.060466066002845764,0.5100569128990173,0.26898667216300964,-0.07412246614694595,0.3994430601596832,0.46234604716300964,-0.033957596868276596,0.484097957611084,0.5001168847084045,-0.07141196727752686,0.54024338722229,0.5395931601524353,-0.08634964376688004,0.5806844830513,0.5688852071762085,-0.0929582417011261,0.38212502002716064,0.5106317400932312,-0.050745077431201935,0.4712032675743103,0.584325909614563,-0.07979432493448257,0.45625194907188416,0.6483592391014099,-0.0706244632601738,0.43247687816619873,0.6724855899810791,-0.06067027896642685,0.37152060866355896,0.5731757879257202,-0.0693877786397934,0.44508662819862366,0.6265163421630859,-0.0879860445857048,0.43788447976112366,0.6719914674758911,-0.07872491329908371,0.41799435019493103,0.6860770583152771,-0.06856799125671387
K,0.3813219666481018,0.7583072781562805,2.958308300549106e-07,0.4403706192970276,0.7152849435806274,-0.018208231776952744,0.4760308265686035,0.6296496391296387,-0.02872629463672638,0.4860455393791199,0.5559659004211426,-0.040701430290937424,0.4929746389389038,0.4912380874156952,-0.05120798945426941,0.460644394159317,0.49563443660736084,-0.029079928994178772,0.48183098435401917,0.3950697183609009,-0.055469855666160583,0.49127042293548584,0.3185887932777405,-0.06991123408079147,0.5006601810455322,0.25141969323158264,-0.0778813287615776,0.4200358986854553,0.47477924823760986,-0.03323281928896904,0.44801202416419983,0.49708881974220276,-0.07264209538698196,0.47506946325302124,0.526921272277832,-0.08386030793190002,0.49772369861602783,0.555636465549469,-0.08312652260065079,0.3801114559173584,0.48317578434944153,-0.03895794227719307,0.41309812664985657,0.5693169832229614,-0.07354121655225754,0.40986162424087524,0.6425437927246094,-0.06806548684835434,0.4046088755130768,0.6910985708236694,-0.054284192621707916,0.342688649892807,0.5114778876304626,-0.04755382612347603,0.3754311800003052,0.5809932947158813,-0.06704957038164139,0.3789951205253601,0.6383184790611267,-0.061007481068372726,0.37696611881256104,0.6719856858253479,-0.04928871616721153
K,0.2614935636520386,0.7453515529632568,-5.0643237159420096e-08,0.3113831877708435,0.7090692520141602,-0.025037972256541252,0.3463239371776581,0.6257609128952026,-0.03956153616309166,0.3363109230995178,0.547027587890625,-0.0536569207906723,0.3215309977531433,0.4843805432319641,-0.06746084243059158,0.3260914087295532,0.4769774377346039,-0.03839720040559769,0.32543832063674927,0.34892737865448,-0.06737862527370453,0.3139675259590149,0.2592203915119171,-0.08513837307691574,0.30096760392189026,0.1837940812110901,-0.09667699038982391,0.282378613948822,0.46433064341545105,-0.03870794177055359,0.281521201133728,0.4995206594467163,-0.08093471080064774,0.27725017070770264,0.5771961212158203,-0.091176338493824,0.27381035685539246,0.6209571957588196,-0.09054676443338394,0.2431919276714325,0.4801962673664093,-0.04097576439380646,0.2474549412727356,0.5390560626983643,-0.078806571662426,0.2526441514492035,0.6138107776641846,-0.07151620090007782,0.2555699646472931,0.6548498868942261,-0.05860447138547897,0.2071186900138855,0.5103592872619629,-0.046157896518707275,0.2209567129611969,0.5534937381744385,-0.07207237929105759,0.23169675469398499,0.6176543831825256,-0.06645693629980087,0.23922191560268402,0.6533694863319397,-0.05507482588291168
K,0.4901554584503174,0.699232816696167,4.933739887746924e-07,0.5608225464820862,0.6492347717285156,-0.008765618316829205,0.6048389673233032,0.562555730342865,-0.01865217089653015,0.6184539794921875,0.4921671450138092,-0.03325876593589783,0.6354408264160156,0.4247369170188904,-0.046935077756643295,0.5816996097564697,0.4296696186065674,-0.01527052279561758,0.6167804002761841,0.3433428704738617,-0.04227236285805702,0.6400259733200073,0.2781454622745514,-0.05979733169078827,0.6616246700286865,0.22117051482200623,-0.07107634842395782,0.5512472987174988,0.4192180931568146,-0.026181181892752647,0.6185470819473267,0.4552520215511322,-0.06577996909618378,0.6686739921569824,0.49186810851097107,-0.07957936078310013,0.7048594951629639,0.52631676197052,-0.08265462517738342,0.5222985744476318,0.4382922053337097,-0.038867708295583725,0.591747522354126,0.5237603187561035,-0.07491081207990646,0.5756274461746216,0.602584719657898,-0.06742582470178604,0.555437445640564,0.6439822912216187,-0.0533016137778759,0.49708154797554016,0.4749099016189575,-0.05373157560825348,0.5570824146270752,0.540202796459198,-0.07593389600515366,0.5467936396598816,0.5965122580528259,-0.0677676722407341,0.5260918736457825,0.6192818284034729,-0.05546070262789726
L,0.2585819661617279,0.8199968934059143,-3.530982439770014e-08,0.30909669399261475,0.7814440131187439,-0.030770404264330864,0.3572005033493042,0.6930001974105835,-0.04850061610341072,0.4004230499267578,0.6356370449066162,-0.06438491493463516,0.4370590150356293,0.6065456867218018,-0.08137166500091553,0.3126707673072815,0.5728365778923035,-0.04476326331496239,0.3073130249977112,0.45523667335510254,-0.07112394273281097,0.2972254455089569,0.37942036986351013,-0.08608613163232803,0.2870272994041443,0.3184070587158203,-0.09589774906635284,0.2721664011478424,0.5728378891944885,-0.04179808124899864,0.25867512822151184,0.5771304965019226,-0.08828922361135483,0.2594444453716278,0.6728997826576233,-0.0977766141295433,0.2644398808479309,0.7402023077011108,-0.09327645599842072,0.2346349060535431,0.5909318327903748,-0.04093709960579872,0.22429513931274414,0.6188746690750122,-0.08148656040430069,0.23613587021827698,0.7001725435256958,-0.0759403333067894,0.2484152764081955,0.7511720657348633,-0.061182212084531784,0.2000851035118103,0.6184860467910767,-0.042700618505477905,0.19461724162101746,0.6346962451934814,-0.06939641386270523,0.20972947776317596,0.7005223631858826,-0.06429169327020645,0.22570183873176575,0.7396058440208435,-0.05224742740392685
L,0.3282903730869293,0.798949658870697,1.624336221084377e-08,0.3797445595264435,0.7636186480522156,-0.02841188758611679,0.42929986119270325,0.6814775466918945,-0.04535805433988571,0.4748203158378601,0.6284845471382141,-0.061367571353912354,0.5122271180152893,0.605225145816803,-0.07796425372362137,0.3863844871520996,0.5473382472991943,-0.038813989609479904,0.38855767250061035,0.4318939447402954,-0.06335357576608658,0.38481515645980835,0.35503366589546204,-0.07788196951150894,0.3810735046863556,0.2907041013240814,-0.08770404756069183,0.3445976674556732,0.541550874710083,-0.036850687116384506,0.347831666469574,0.5430968403816223,-0.08109960705041885,0.34989339113235474,0.6395152807235718,-0.08951777964830399,0.35286790132522583,0.7125291228294373,-0.08427029848098755,0.30634352564811707,0.5573303699493408,-0.03703295812010765,0.3122396767139435,0.5809024572372437,-0.07469572871923447,0.3223118185997009,0.6628673076629639,-0.06839311122894287,0.33066147565841675,0.7214449048042297,-0.053365111351013184,0.27116119861602783,0.5844112038612366,-0.040002062916755676,0.2792600393295288,0.5992051959037781,-0.06449710577726364,0.29298174381256104,0.6636626720428467,-0.059710558503866196,0.30455663800239563,0.7069790363311768,-0.04813458025455475
L,0.4675374925136566,0.8373175859451294,-5.382841283818607e-09,0.5286780595779419,0.8154676556587219,-0.02307213842868805,0.5886629819869995,0.744283139705658,-0.03908542916178703,0.6360220909118652,0.7017723917961121,-0.055475976318120956,0.6761451959609985,0.6943337917327881,-0.0732063576579094,0.5439952611923218,0.5852683782577515,-0.04043024778366089,0.5525439381599426,0.46769827604293823,-0.06362137943506241,0.5548647046089172,0.3867633044719696,-0.07791279256343842,0.5572437047958374,0.3222575783729553,-0.0873781070113182,0.49877437949180603,0.5639213919639587,-0.04028656333684921,0.5074530243873596,0.6045893430709839,-0.07988233864307404,0.5083743929862976,0.6976107954978943,-0.08625203371047974,0.5078607797622681,0.7690475583076477,-0.08137238770723343,0.456699937582016,0.5747155547142029,-0.041112322360277176,0.4715208113193512,0.6318443417549133,-0.07219894230365753,0.47676217555999756,0.7104366421699524,-0.06344003975391388,0.4790598750114441,0.7706135511398315,-0.04863148555159569,0.41763827204704285,0.599078357219696,-0.044881049543619156,0.43555447459220886,0.6341224908828735,-0.0625806599855423,0.44553127884864807,0.6966363787651062,-0.05479609966278076,0.4516715109348297,0.7433789968490601,-0.04203034192323685
L,0.6390396356582642,0.817482590675354,2.256406261835764e-08,0.7048669457435608,0.8031338453292847,-0.021317264065146446,0.7715014219284058,0.7410809993743896,-0.03859597444534302,0.8263542652130127,0.7127912044525146,-0.05731600522994995,0.8704517483711243,0.7117810845375061,-0.07757110148668289,0.7322068810462952,0.5763478875160217,-0.03984755277633667,0.7524065375328064,0.45760348439216614,-0.06451575458049774,0.7629545331001282,0.37953826785087585,-0.07917199283838272,0.771817684173584,0.3132559657096863,-0.08948098123073578,0.68877774477005,0.5523754358291626,-0.042325347661972046,0.7116334438323975,0.5909019112586975,-0.0813242569565773,0.7066460847854614,0.6867792010307312,-0.08754535019397736,0.6972446441650391,0.7477713823318481,-0.08415605872869492,0.6463181972503662,0.5609130859375,-0.04584009572863579,0.6743191480636597,0.6118028163909912,-0.07979340851306915,0.6734443306922913,0.6959390044212341,-0.0710069090127945,0.668009340763092,0.7482237815856934,-0.05679022893309593,0.6055673360824585,0.582545280456543,-0.05171523243188858,0.6366228461265564,0.6144043207168579,-0.07244584709405899,0.6452677249908447,0.6828794479370117,-0.06421645730733871,0.6466764807701111,0.7276504039764404,-0.051671985536813736
L,0.6243035793304443,0.776961088180542,1.7040466815387845e-08,0.6877268552780151,0.7677014470100403,-0.019788332283496857,0.7532466053962708,0.7071287035942078,-0.03461291640996933,0.8041272759437561,0.6733503341674805,-0.050362735986709595,0.8439804315567017,0.6665043830871582,-0.0674847885966301,0.7167212963104248,0.5560734868049622,-0.0386037714779377,0.7390545606613159,0.4352976083755493,-0.06067407503724098,0.7524911761283875,0.3570922613143921,-0.07381872832775116,0.7614171504974365,0.29160937666893005,-0.0835086852312088,0.6752968430519104,0.5327536463737488,-0.041103992611169815,0.6973060965538025,0.5774076581001282,-0.07515574991703033,0.6910397410392761,0.6618543863296509,-0.08121754229068756,0.6774000525474548,0.7061864137649536,-0.08021978288888931,0.6349119544029236,0.5415039658546448,-0.04433942213654518,0.6603506803512573,0.6000686287879944,-0.07324287295341492,0.65897536277771,0.6723113656044006,-0.0644882544875145,0.6502044796943665,0.7102257013320923,-0.05322436988353729,0.5959645509719849,0.5628044009208679,-0.04998965561389923,0.6237059235572815,0.6053011417388916,-0.06651407480239868,0.6297777891159058,0.6664289236068726,-0.057606060057878494,0.6271525621414185,0.7035742402076721,-0.046452343463897705
L,0.4136272370815277,0.7686762809753418,-2.962607492662528e-09,0.46639949083328247,0.7470186948776245,-0.024284640327095985,0.518268346786499,0.680530846118927,-0.04074056074023247,0.5631219744682312,0.6429082751274109,-0.05664395913481712,0.5992385745048523,0.6345887780189514,-0.07416712492704391,0.4799403250217438,0.5494404435157776,-0.04362867772579193,0.4837973713874817,0.42907431721687317,-0.06658422201871872,0.48342564702033997,0.3528730869293213,-0.08038995414972305,0.47954294085502625,0.2894738018512726,-0.09058468788862228,0.4392831325531006,0.5418931841850281,-0.04345988482236862,0.43907636404037476,0.5556550025939941,-0.08122272044420242,0.43680694699287415,0.6434141397476196,-0.08793409168720245,0.4323331415653229,0.699640154838562,-0.08602017164230347,0.4014891982078552,0.556514322757721,-0.044584549963474274,0.40491193532943726,0.5853132009506226,-0.0765591710805893,0.41080278158187866,0.6599596738815308,-0.06922311335802078,0.4122621417045593,0.708013653755188,-0.05765558034181595,0.3663264513015747,0.5810337662696838,-0.04809487611055374,0.3731693625450134,0.6022236347198486,-0.06862237304449081,0.3850446343421936,0.6608865261077881,-0.0627451166510582,0.39284130930900574,0.6997067332267761,-0.053156778216362
L,0.26964420080184937,0.7526943683624268,-8.215862123961415e-08,0.31855884194374084,0.7263273000717163,-0.03000517748296261,0.36350250244140625,0.6544196009635925,-0.0476493313908577,0.40110090374946594,0.6091560125350952,-0.06337110698223114,0.4343996047973633,0.5874647498130798,-0.08071654289960861,0.32290130853652954,0.5209686160087585,-0.04443801939487457,0.313387393951416,0.40581977367401123,-0.06841057538986206,0.3029864728450775,0.3332009017467499,-0.08266633749008179,0.29288753867149353,0.2766653597354889,-0.09224561601877213,0.2856288254261017,0.5171441435813904,-0.04119597747921944,0.2584666907787323,0.5383737087249756,-0.08556200563907623,0.25395622849464417,0.629063606262207,-0.09681013226509094,0.2550978362560272,0.6960664391517639,-0.09448345750570297,0.2510139048099518,0.5330919027328491,-0.039652563631534576,0.2272738814353943,0.5728262066841125,-0.07863777875900269,0.23495817184448242,0.6518351435661316,-0.0759986937046051,0.24521814286708832,0.7053351402282715,-0.06403171271085739,0.2193707525730133,0.5584471821784973,-0.04060814902186394,0.20378416776657104,0.5859153270721436,-0.06715870648622513,0.21505281329154968,0.6504188179969788,-0.06434230506420135,0.23055309057235718,0.6910045146942139,-0.054292719811201096
L,0.2255990207195282,0.7609362006187439,-2.3769676715801324e-07,0.2758219838142395,0.7466036677360535,-0.032147254794836044,0.32269206643104553,0.6957054734230042,-0.05353156849741936,0.3655935823917389,0.6727749109268188,-0.07325372844934464,0.40498805046081543,0.659930408000946,-0.0938429906964302,0.27189379930496216,0.5743909478187561,-0.05464395135641098,0.2514704465866089,0.49370184540748596,-0.08515598624944687,0.22727900743484497,0.44971805810928345,-0.10589497536420822,0.2046126425266266,0.41853344440460205,-0.11967448890209198,0.2305651754140854,0.5499299168586731,-0.05201281979680061,0.20551761984825134,0.6611750721931458,-0.09433402866125107,0.2194695919752121,0.7514063119888306,-0.10617050528526306,0.23721255362033844,0.8074584603309631,-0.10777787864208221,0.19594237208366394,0.565673828125,-0.05134568363428116,0.18219344317913055,0.6896607875823975,-0.08385372161865234,0.20439088344573975,0.7581483125686646,-0.08053118735551834,0.22781041264533997,0.8009614944458008,-0.07237304002046585,0.1669299155473709,0.5950258374214172,-0.05489394813776016,0.15426033735275269,0.6765130162239075,-0.08158866316080093,0.17447122931480408,0.7368853688240051,-0.08215954899787903,0.20086295902729034,0.7733777761459351,-0.07602610439062119
L,0.2779076397418976,0.768768310546875,-1.0811505291030699e-07,0.3338456153869629,0.7432812452316284,-0.019223297014832497,0.3879719078540802,0.6749248504638672,-0.033071693032979965,0.4318031966686249,0.6329888105392456,-0.047366634011268616,0.4676429033279419,0.6166995167732239,-0.06345955282449722,0.3533949851989746,0.5511528253555298,-0.04387322813272476,0.3581084609031677,0.4532628059387207,-0.06633498519659042,0.35589441657066345,0.3863106966018677,-0.07968603074550629,0.3526296615600586,0.3313077986240387,-0.08862492442131042,0.3115179240703583,0.5212010145187378,-0.04461898282170296,0.3101924657821655,0.5870153903961182,-0.07986530661582947,0.310272753238678,0.673237681388855,-0.08481192588806152,0.3104897737503052,0.7374340295791626,-0.08105551451444626,0.27138519287109375,0.5287572145462036,-0.04576985538005829,0.2738613784313202,0.6178671717643738,-0.07172064483165741,0.28007373213768005,0.6887916326522827,-0.0639755055308342,0.2845589220523834,0.7450414299964905,-0.05235136300325394,0.23441597819328308,0.5528162717819214,-0.04975438117980957,0.24046337604522705,0.6209215521812439,-0.06499325484037399,0.2513757646083832,0.6804862022399902,-0.05981260910630226,0.2608824372291565,0.7241464853286743,-0.050298869609832764
L,0.3443061411380768,0.7163330316543579,1.067654320507927e-08,0.39940905570983887,0.7171173095703125,-0.02655903249979019,0.46301281452178955,0.6703793406486511,-0.04139682650566101,0.5179046392440796,0.6550536155700684,-0.055772196501493454,0.5574082136154175,0.660902738571167,-0.07136378437280655,0.44707340002059937,0.5324529409408569,-0.030888980254530907,0.46938326954841614,0.4218848943710327,-0.05287756025791168,0.47785651683807373,0.35177081823349,-0.06733082979917526,0.48331716656684875,0.2929792106151581,-0.0778927132487297,0.4126451015472412,0.5182876586914062,-0.029821746051311493,0.40742456912994385,0.49668291211128235,-0.06970253586769104,0.38995450735092163,0.5791304707527161,-0.07919391989707947,0.38133326172828674,0.6361105442047119,-0.07717689871788025,0.37780019640922546,0.5165854692459106,-0.031282175332307816,0.37101930379867554,0.5052782297134399,-0.06677280366420746,0.36378610134124756,0.5827019214630127,-0.060664430260658264,0.3619542419910431,0.6345336437225342,-0.04765431582927704,0.3438602089881897,0.520929753780365,-0.035275187343358994,0.3432055711746216,0.5046704411506653,-0.058810703456401825,0.3408321142196655,0.5686997175216675,-0.052405551075935364,0.34308314323425293,0.6131455898284912,-0.04113101214170456
L,0.4280444085597992,0.6965597867965698,-1.4931517355876167e-08,0.4863002598285675,0.7162629961967468,-0.030787480995059013,0.5562789440155029,0.689397394657135,-0.04769719019532204,0.614064633846283,0.6837770938873291,-0.06365670263767242,0.6564509272575378,0.6946398019790649,-0.0805901437997818,0.5517416596412659,0.5313136577606201,-0.033635348081588745,0.5825903415679932,0.4162001609802246,-0.058454107493162155,0.5947142839431763,0.340998113155365,-0.07403318583965302,0.6020070314407349,0.2802419662475586,-0.08451904356479645,0.5147964954376221,0.5048283934593201,-0.03134988248348236,0.5119032263755798,0.47273018956184387,-0.07534509152173996,0.48610055446624756,0.5530175566673279,-0.08625804632902145,0.47143980860710144,0.6144332885742188,-0.08360390365123749,0.47698232531547546,0.4929247498512268,-0.032019563019275665,0.47293856739997864,0.47245943546295166,-0.07178845256567001,0.45819708704948425,0.5513655543327332,-0.06636139750480652,0.45175737142562866,0.6082336902618408,-0.0520806610584259,0.4401969909667969,0.4889722466468811,-0.035358987748622894,0.44138303399086,0.46910539269447327,-0.06171232461929321,0.4337778687477112,0.5349061489105225,-0.05530158430337906,0.4332508444786072,0.5848028063774109,-0.04274732619524002
L,0.478310763835907,0.7371070384979248,-9.185384897136828e-09,0.5442619323730469,0.7516772747039795,-0.03288517892360687,0.6155276298522949,0.7055009603500366,-0.05033562332391739,0.6780018210411072,0.6833577156066895,-0.06695081293582916,0.7268756031990051,0.6912384033203125,-0.08438340574502945,0.6022457480430603,0.5396042466163635,-0.033181533217430115,0.6281063556671143,0.4126265048980713,-0.059568941593170166,0.6389858722686768,0.3309488892555237,-0.07659652084112167,0.6469825506210327,0.26327353715896606,-0.08888790756464005,0.5598632097244263,0.520289957523346,-0.03204919397830963,0.5656687617301941,0.4766981899738312,-0.08145938813686371,0.5454362630844116,0.5745368599891663,-0.09365316480398178,0.5322412848472595,0.6470385789871216,-0.09041871130466461,0.5174216032028198,0.5151997804641724,-0.03439601510763168,0.5220232009887695,0.4818890690803528,-0.07980195432901382,0.5124112367630005,0.5789264440536499,-0.07347371429204941,0.5067781209945679,0.6456000208854675,-0.056832004338502884,0.47552022337913513,0.5179358720779419,-0.039644837379455566,0.4851970374584198,0.4823155403137207,-0.07080443203449249,0.4842524230480194,0.5585182309150696,-0.06486015766859055,0.48506683111190796,0.6141539216041565,-0.0519869364798069
L,0.5782725811004639,0.8220294713973999,4.87052354003481e-09,0.6543818712234497,0.8280801773071289,-0.018893059343099594,0.7307211756706238,0.7940254211425781,-0.039573848247528076,0.7941869497299194,0.7839787006378174,-0.06262271851301193,0.8481550216674805,0.7895069718360901,-0.08704923838376999,0.7173514366149902,0.6189584732055664,-0.05075019598007202,0.7621331214904785,0.5222500562667847,-0.08079735189676285,0.7927865982055664,0.44797542691230774,-0.09758516401052475,0.8201415538787842,0.3873085081577301,-0.10893778502941132,0.6757900714874268,0.5684727430343628,-0.057666998356580734,0.7010679841041565,0.6803929805755615,-0.10236219316720963,0.690345287322998,0.7857283353805542,-0.10839930176734924,0.676500678062439,0.8580523133277893,-0.1046830266714096,0.6296859979629517,0.5670059323310852,-0.06509242951869965,0.6561580896377563,0.6978158354759216,-0.10166902095079422,0.6526296734809875,0.7877534031867981,-0.09158552438020706,0.6464771628379822,0.8507238626480103,-0.07659192383289337,0.5852553248405457,0.5893294811248779,-0.07526446133852005,0.6127408742904663,0.679052472114563,-0.09575533121824265,0.6184478402137756,0.7470034956932068,-0.08765758574008942,0.6193008422851562,0.7954922914505005,-0.07528197765350342
L,0.6459125280380249,0.7159433364868164,4.7045027429248876e-08,0.7128070592880249,0.7198478579521179,-0.0195101797580719,0.7828326225280762,0.6794248223304749,-0.0386451855301857,0.8405963182449341,0.6652231216430664,-0.05939352884888649,0.8883187174797058,0.6684065461158752,-0.08115973323583603,0.7720427513122559,0.5149388909339905,-0.048524197190999985,0.8159089088439941,0.4185771048069,-0.07875321805477142,0.8437697887420654,0.3463347554206848,-0.09584104269742966,0.8682721853256226,0.28572171926498413,-0.1071116104722023,0.7328973412513733,0.4681532084941864,-0.05367515981197357,0.7603278160095215,0.5504355430603027,-0.0979800820350647,0.7469859719276428,0.6485276222229004,-0.1033891960978508,0.7322177290916443,0.716087818145752,-0.09903304278850555,0.6897797584533691,0.4607715308666229,-0.05969379469752312,0.7222231030464172,0.5587943196296692,-0.09779556840658188,0.7136853337287903,0.6466690897941589,-0.08734257519245148,0.7024797201156616,0.7079554796218872,-0.07154285907745361,0.6471860408782959,0.4742615520954132,-0.06822041422128677,0.6801725625991821,0.5450729131698608,-0.0930362343788147,0.6828857660293579,0.6187849640846252,-0.0862392857670784,0.6805632710456848,0.6714469194412231,-0.07392866909503937
L,0.497354120016098,0.6288875341415405,3.5170128143136026e-08,0.5537714958190918,0.6274106502532959,-0.02204383723437786,0.6123009920120239,0.5802150368690491,-0.038521911948919296,0.6618620157241821,0.5602839589118958,-0.055116862058639526,0.7004266977310181,0.5550367832183838,-0.07304956763982773,0.5909456014633179,0.43337178230285645,-0.042863182723522186,0.6094560027122498,0.32379406690597534,-0.06699932366609573,0.6218798756599426,0.2514358162879944,-0.08269476890563965,0.6321080923080444,0.19149166345596313,-0.09467586129903793,0.5524287223815918,0.4025461971759796,-0.044506724923849106,0.5593474507331848,0.44768616557121277,-0.07858434319496155,0.5519484281539917,0.526161253452301,-0.08500044047832489,0.5440599918365479,0.568116307258606,-0.08543533086776733,0.5114959478378296,0.40664058923721313,-0.04738739877939224,0.5218881964683533,0.4671711325645447,-0.07643625885248184,0.5214759707450867,0.5335731506347656,-0.06883609294891357,0.518515408039093,0.5695194005966187,-0.059604462236166,0.4725666046142578,0.4248062074184418,-0.052854347974061966,0.4864163398742676,0.47430160641670227,-0.07197355479001999,0.49116453528404236,0.5315954089164734,-0.06624074280261993,0.49217134714126587,0.564237117767334,-0.05798458680510521
L,0.28555169701576233,0.6618874669075012,-4.76038515273558e-08,0.3340432941913605,0.6408315300941467,-0.024293838068842888,0.3821183443069458,0.5768101811408997,-0.03897708281874657,0.42101407051086426,0.5417361855506897,-0.052815090864896774,0.45422181487083435,0.5294636487960815,-0.06823593378067017,0.34337955713272095,0.4536493420600891,-0.03953442722558975,0.342721551656723,0.3382595181465149,-0.060620781034231186,0.3409261405467987,0.2652657926082611,-0.0731627345085144,0.33825549483299255,0.21043497323989868,-0.08163876086473465,0.3063916862010956,0.4454391896724701,-0.0377790592610836,0.2950621545314789,0.4591653645038605,-0.07540068030357361,0.291323721408844,0.5401800274848938,-0.08340095728635788,0.28941354155540466,0.5994343757629395,-0.08127862215042114,0.2717670500278473,0.45681625604629517,-0.037390682846307755,0.26238906383514404,0.4807674288749695,-0.07014571875333786,0.26697492599487305,0.5506240129470825,-0.06598155200481415,0.27124613523483276,0.6019769310951233,-0.05528242141008377,0.2395944595336914,0.47673892974853516,-0.03916783258318901,0.23451757431030273,0.4896538257598877,-0.06167985498905182,0.24475479125976562,0.5481069684028625,-0.05826900899410248,0.2550971508026123,0.592094898223877,-0.04935172200202942
L,0.19713839888572693,0.7031286954879761,-1.0055016019805407e-07,0.24707090854644775,0.6818079948425293,-0.022872401401400566,0.2923366129398346,0.6183792352676392,-0.03445221856236458,0.32721346616744995,0.5742068886756897,-0.045772530138492584,0.3559855818748474,0.5533087849617004,-0.058806393295526505,0.25482505559921265,0.4947512447834015,-0.025957154110074043,0.25388577580451965,0.39421913027763367,-0.04344256594777107,0.24719491600990295,0.32878005504608154,-0.05482011288404465,0.23974959552288055,0.2773670554161072,-0.06288409233093262,0.2217809408903122,0.493439257144928,-0.024562135338783264,0.2043825089931488,0.48768171668052673,-0.05931040644645691,0.19714975357055664,0.562080979347229,-0.0692882165312767,0.19518953561782837,0.6173189878463745,-0.06781221926212311,0.19097772240638733,0.507235586643219,-0.02483994886279106,0.17321741580963135,0.5098740458488464,-0.05634497106075287,0.17521187663078308,0.5783854126930237,-0.05354205146431923,0.18113937973976135,0.6258366703987122,-0.04298081621527672,0.16335612535476685,0.528165340423584,-0.027057453989982605,0.1500760316848755,0.5264339447021484,-0.04798992723226547,0.156454399228096,0.5816287994384766,-0.043681155890226364,0.16802635788917542,0.6207183599472046,-0.03385284170508385
L,0.2011566460132599,0.7989360690116882,-1.3021389122513938e-07,0.25219306349754333,0.771834135055542,-0.022458864375948906,0.30400747060775757,0.698431134223938,-0.03544292971491814,0.34355077147483826,0.6482778191566467,-0.0477658249437809,0.3739436864852905,0.6234874129295349,-0.06141414865851402,0.2592698633670807,0.5825628042221069,-0.037154391407966614,0.25668883323669434,0.49105584621429443,-0.05609426274895668,0.24786579608917236,0.43088018894195557,-0.06639643013477325,0.24023939669132233,0.38043180108070374,-0.07319200783967972,0.22136138379573822,0.5652024745941162,-0.035224054008722305,0.21587741374969482,0.6062524914741516,-0.06952199339866638,0.21676206588745117,0.6922244429588318,-0.07516646385192871,0.22003154456615448,0.7564399242401123,-0.07089980691671371,0.18552613258361816,0.5746093392372131,-0.03431827574968338,0.18220579624176025,0.635107159614563,-0.06307210773229599,0.19023892283439636,0.7098767161369324,-0.057780854403972626,0.19881102442741394,0.7648711800575256,-0.04641329497098923,0.15138034522533417,0.5960206985473633,-0.03585631400346756,0.1512640118598938,0.6448714733123779,-0.054617054760456085,0.1634242832660675,0.7091468572616577,-0.05134996026754379,0.17636169493198395,0.753000020980835,-0.04255494102835655
L,0.30569785833358765,0.791803777217865,6.5449285990837325e-09,0.3671320676803589,0.782238781452179,-0.023496998474001884,0.4293338656425476,0.7371901869773865,-0.04117981344461441,0.4813956022262573,0.7285383939743042,-0.05950236693024635,0.5203526616096497,0.7415551543235779,-0.0784626454114914,0.3972717225551605,0.5660727024078369,-0.04113945737481117,0.41174420714378357,0.4603118598461151,-0.0643489807844162,0.41862380504608154,0.387570858001709,-0.0773431584239006,0.4254198670387268,0.3287992477416992,-0.08601853251457214,0.35314539074897766,0.532545804977417,-0.04227914661169052,0.366855263710022,0.5816780924797058,-0.08098766207695007,0.3629230558872223,0.676717221736908,-0.08654318004846573,0.35798215866088867,0.7464799880981445,-0.08167856186628342,0.3104686141014099,0.5358208417892456,-0.04459891840815544,0.32953935861587524,0.6107512712478638,-0.07527627795934677,0.3290322721004486,0.6898314356803894,-0.06685014814138412,0.3273833096027374,0.7446099519729614,-0.05283232405781746,0.2713008522987366,0.5549098253250122,-0.05011381953954697,0.292244553565979,0.6096121668815613,-0.06629335135221481,0.2992324233055115,0.6733230948448181,-0.05889543518424034,0.30319806933403015,0.7150821685791016,-0.04743051901459694
L,0.4065828025341034,0.8016220927238464,4.446221169018827e-08,0.47133010625839233,0.7553536891937256,-0.003418566659092903,0.5158621072769165,0.6909248232841492,-0.018438618630170822,0.5553663969039917,0.6524813771247864,-0.03918552026152611,0.5940774083137512,0.6216281652450562,-0.0597492977976799,0.4890035390853882,0.5253153443336487,-0.0210599172860384,0.5206125378608704,0.4373100996017456,-0.046457380056381226,0.5416779518127441,0.370758980512619,-0.06359295547008514,0.5596380233764648,0.3166831135749817,-0.07547049969434738,0.45580267906188965,0.5234369039535522,-0.03604627400636673,0.5243894457817078,0.595859944820404,-0.0740777850151062,0.5419982671737671,0.6852466464042664,-0.08274389058351517,0.5433412790298462,0.7498902082443237,-0.08201569318771362,0.42894136905670166,0.5595613121986389,-0.05144431069493294,0.5008141994476318,0.6352431178092957,-0.0833938717842102,0.5116683840751648,0.7130555510520935,-0.07451734691858292,0.509323000907898,0.7668483853340149,-0.06158142909407616,0.4079790711402893,0.6132625937461853,-0.0684071034193039,0.4685532748699188,0.6633960604667664,-0.08637578040361404,0.4789014160633087,0.7192866206169128,-0.07666337490081787,0.47614139318466187,0.7590115666389465,-0.06407494097948074
L,0.5102903842926025,0.7921183705329895,7.63022782734879e-08,0.5770936012268066,0.7702333927154541,-0.00811763759702444,0.6290155053138733,0.7232831716537476,-0.02821970358490944,0.6710492968559265,0.7010648846626282,-0.05397484079003334,0.7157202363014221,0.6987268924713135,-0.07991144061088562,0.6158462166786194,0.53135085105896,-0.02760271169245243,0.6569858193397522,0.44219228625297546,-0.05832602083683014,0.6845912933349609,0.37253904342651367,-0.07903090864419937,0.7078408002853394,0.3154964745044708,-0.09282806515693665,0.5823431611061096,0.5147235989570618,-0.04201265424489975,0.6535674333572388,0.5980013608932495,-0.08541814982891083,0.656438946723938,0.7037668824195862,-0.09340216964483261,0.6461261510848999,0.7741504907608032,-0.09007977694272995,0.5521613359451294,0.5368073582649231,-0.05723368003964424,0.6242794990539551,0.626121461391449,-0.09373631328344345,0.6228473782539368,0.7214553356170654,-0.0811598002910614,0.6122571229934692,0.7839218974113464,-0.06325306743383408,0.5268718004226685,0.5789395570755005,-0.0745549201965332,0.5884137749671936,0.6375647783279419,-0.09515130519866943,0.5929310917854309,0.7066696286201477,-0.08239063620567322,0.5858178734779358,0.7552145719528198,-0.06584861129522324
L,0.6181933879852295,0.8614575862884521,-7.20209385463022e-08,0.690073549747467,0.8771507143974304,-0.032742708921432495,0.7725667357444763,0.851492166519165,-0.056361135095357895,0.8431598544120789,0.8564731478691101,-0.08004114031791687,0.8962523341178894,0.8781707286834717,-0.10574747622013092,0.7491335868835449,0.639446496963501,-0.062180835753679276,0.775956392288208,0.5138633251190186,-0.09204734116792679,0.7909108996391296,0.4194585978984833,-0.1094261184334755,0.8031796813011169,0.34103474020957947,-0.12200609594583511,0.7003070712089539,0.5747030973434448,-0.061275582760572433,0.6969591379165649,0.6559632420539856,-0.10966553539037704,0.683765172958374,0.7722328305244446,-0.11656947433948517,0.6724578142166138,0.8579408526420593,-0.11209291219711304,0.6476776003837585,0.5622321367263794,-0.06131525710225105,0.6454397439956665,0.6621273756027222,-0.09949338436126709,0.64210045337677,0.7619451284408569,-0.0900457575917244,0.6387717723846436,0.8413464426994324,-0.07464851438999176,0.5979592800140381,0.5742965936660767,-0.0656491219997406,0.5969359874725342,0.6537332534790039,-0.09145693480968475,0.6004070043563843,0.7405935525894165,-0.08700472861528397,0.6046522259712219,0.808554470539093,-0.07561614364385605
L,0.6713737845420837,0.9318488836288452,-2.2220147855023242e-07,0.7233579158782959,0.9670843482017517,-0.0475139319896698,0.784360408782959,0.9590900540351868,-0.08107834309339523,0.7993826866149902,0.9301552176475525,-0.11111101508140564,0.7936466336250305,0.8935167789459229,-0.1422649323940277,0.8190081119537354,0.7365346550941467,-0.08420295268297195,0.8425928354263306,0.5772888660430908,-0.1297888457775116,0.8469906449317932,0.45573416352272034,-0.15847760438919067,0.8491036891937256,0.3528812527656555,-0.17701265215873718,0.7796303629875183,0.6354088187217712,-0.07989615201950073,0.7134721279144287,0.7232744693756104,-0.1466827094554901,0.6745645999908447,0.8577216863632202,-0.16187532246112823,0.6601230502128601,0.9600816369056702,-0.15874700248241425,0.7295852899551392,0.5888271927833557,-0.07766029238700867,0.6660225987434387,0.6991304159164429,-0.13169902563095093,0.6454157829284668,0.8207897543907166,-0.12142248451709747,0.6424846649169922,0.9162482023239136,-0.10161437094211578,0.6800795197486877,0.5689387321472168,-0.08075506240129471,0.6372511386871338,0.6409139633178711,-0.12034493684768677,0.6204639673233032,0.7458832859992981,-0.11271914094686508,0.6207539439201355,0.8263649344444275,-0.09451601654291153
L,0.5252723693847656,0.8123908042907715,-1.31985089524278e-07,0.6025937795639038,0.7952561378479004,-0.02104989066720009,0.6783045530319214,0.7486771941184998,-0.04104619473218918,0.7443294525146484,0.7297980785369873,-0.06371892243623734,0.8000414371490479,0.726143479347229,-0.08766539394855499,0.6445325613021851,0.5687282681465149,-0.04881817474961281,0.6619381904602051,0.46052539348602295,-0.07781444489955902,0.670537531375885,0.37774866819381714,-0.09630168229341507,0.6780217885971069,0.3098123371601105,-0.10905809700489044,0.5930109620094299,0.5227369070053101,-0.05495796725153923,0.5911109447479248,0.6344544291496277,-0.09638164192438126,0.5920140743255615,0.7447543740272522,-0.10528276115655899,0.5922170281410217,0.8271730542182922,-0.10495724529027939,0.5406106114387512,0.5318971872329712,-0.06167857348918915,0.5456400513648987,0.6695320010185242,-0.09416517615318298,0.5577104687690735,0.7677309513092041,-0.08622140437364578,0.5659580230712891,0.8473952412605286,-0.07419653981924057,0.4924525022506714,0.5671977400779724,-0.07201172411441803,0.5017729997634888,0.6678173542022705,-0.09119414538145065,0.515429675579071,0.7441442012786865,-0.08499538153409958,0.5278953909873962,0.8079823851585388,-0.07450707256793976
L,0.3428640067577362,0.7659385204315186,-5.489261933888656e-09,0.3996228873729706,0.7211976647377014,-0.013575533404946327,0.4448021948337555,0.6469361782073975,-0.028542963787913322,0.48425987362861633,0.5918089151382446,-0.04611858353018761,0.5209712982177734,0.5476380586624146,-0.06366968154907227,0.4179017245769501,0.5040099620819092,-0.030307387933135033,0.4411647915840149,0.41446757316589355,-0.05553559213876724,0.45274990797042847,0.3450413644313812,-0.07039016485214233,0.46356987953186035,0.2857216000556946,-0.08015738427639008,0.3797038495540619,0.486322820186615,-0.03766467049717903,0.42851459980010986,0.5471721291542053,-0.07650460302829742,0.43788400292396545,0.6367132663726807,-0.08351284265518188,0.43925386667251587,0.7043099999427795,-0.08064330369234085,0.34508389234542847,0.5065072774887085,-0.04613440856337547,0.39687615633010864,0.5755206942558289,-0.08020473271608353,0.406888484954834,0.6523459553718567,-0.07285071909427643,0.4107498526573181,0.7117215394973755,-0.059696394950151443,0.31436505913734436,0.545635998249054,-0.056668464094400406,0.35885193943977356,0.5914328098297119,-0.07858330011367798,0.3761502206325531,0.6482897996902466,-0.07344389706850052,0.3853263556957245,0.6943657398223877,-0.06285810470581055
L,0.22808174788951874,0.7738717198371887,5.0955680563902206e-08,0.2800932824611664,0.7290455102920532,-0.012213137000799179,0.3211081326007843,0.6500244140625,-0.02553591877222061,0.3549725413322449,0.5932996273040771,-0.0413995124399662,0.38723549246788025,0.5502445101737976,-0.05711491033434868,0.28378957509994507,0.5035673975944519,-0.025009101256728172,0.30592942237854004,0.41190409660339355,-0.04779917001724243,0.3183465600013733,0.3472052812576294,-0.06259097158908844,0.3288351595401764,0.29313358664512634,-0.07270918786525726,0.2477998286485672,0.4936784505844116,-0.031923502683639526,0.3000012934207916,0.5320579409599304,-0.06646591424942017,0.3176102042198181,0.6125702857971191,-0.07363968342542648,0.3237014710903168,0.6734076142311096,-0.07214353233575821,0.21682336926460266,0.5182836651802063,-0.03998386114835739,0.2727462649345398,0.5594258904457092,-0.07021305710077286,0.2883915901184082,0.630616307258606,-0.06294593214988708,0.29401695728302,0.6867345571517944,-0.05100457742810249,0.19030576944351196,0.5609683394432068,-0.049997493624687195,0.23773819208145142,0.5806435346603394,-0.07105559855699539,0.2591160535812378,0.6302555203437805,-0.06617408245801926,0.2696819603443146,0.6730132102966309,-0.05623192712664604
L,0.18744206428527832,0.7648217678070068,-3.5155615307758126e-08,0.24459677934646606,0.7485176920890808,-0.030662430450320244,0.304811954498291,0.6911801099777222,-0.04701212793588638,0.353959858417511,0.6543151140213013,-0.06180582568049431,0.3907668888568878,0.6341707110404968,-0.07733532041311264,0.27083632349967957,0.54006427526474,-0.03324730321764946,0.2791798412799835,0.42956554889678955,-0.056264206767082214,0.27701395750045776,0.3564453125,-0.07051742821931839,0.2737138271331787,0.2992931008338928,-0.07989633828401566,0.2322440892457962,0.5281237363815308,-0.030033579096198082,0.21833401918411255,0.516021192073822,-0.0729994997382164,0.20663928985595703,0.6045709252357483,-0.08410588651895523,0.20172879099845886,0.6720227599143982,-0.0811191201210022,0.19518056511878967,0.5336121320724487,-0.02952616848051548,0.18078529834747314,0.5404101610183716,-0.0682857483625412,0.17931337654590607,0.6222414970397949,-0.06476300209760666,0.18201808631420135,0.6786808371543884,-0.05146436020731926,0.16047343611717224,0.5478212833404541,-0.03166944906115532,0.15234044194221497,0.5483927130699158,-0.05739406868815422,0.15488365292549133,0.6162500381469727,-0.05301019921898842,0.16216224431991577,0.6634922027587891,-0.04159308224916458
L,0.280671626329422,0.7245839834213257,-8.495877779068906e-08,0.3423067629337311,0.7212154269218445,-0.03136361762881279,0.40570855140686035,0.6743155717849731,-0.04942454770207405,0.4545789957046509,0.6543022394180298,-0.06637050956487656,0.49274739623069763,0.6560572385787964,-0.08492223918437958,0.3703708350658417,0.5092964172363281,-0.03938731923699379,0.3787560760974884,0.3862702250480652,-0.06212360039353371,0.3789769411087036,0.3059889078140259,-0.07648823410272598,0.37811750173568726,0.24188286066055298,-0.08639343082904816,0.33169496059417725,0.48737025260925293,-0.03620964661240578,0.3098112642765045,0.48363909125328064,-0.07935187220573425,0.2909815311431885,0.5701155066490173,-0.0913846418261528,0.2801731824874878,0.6364886164665222,-0.08958747982978821,0.2930935025215149,0.4862721562385559,-0.034886863082647324,0.2721356451511383,0.4916590750217438,-0.07349025458097458,0.26329174637794495,0.57321697473526,-0.07051217555999756,0.26101189851760864,0.6323711276054382,-0.057645078748464584,0.25667232275009155,0.4948808550834656,-0.03625280782580376,0.24108320474624634,0.48849254846572876,-0.062095265835523605,0.23978155851364136,0.5582431554794312,-0.05682356283068657,0.2444608211517334,0.6129009127616882,-0.044495414942502975
L,0.38988441228866577,0.729904294013977,-1.5333455616328706e-09,0.4524996280670166,0.732593297958374,-0.032024968415498734,0.5207198262214661,0.6872493624687195,-0.05198269709944725,0.5756121873855591,0.6681562662124634,-0.07035638391971588,0.6177486181259155,0.6653276085853577,-0.08955186605453491,0.4954381287097931,0.5201725959777832,-0.04327717423439026,0.5102742314338684,0.3926527500152588,-0.06851198524236679,0.5138108134269714,0.30949723720550537,-0.08439803868532181,0.514927327632904,0.23843732476234436,-0.09578638523817062,0.45390617847442627,0.49699169397354126,-0.040816791355609894,0.44746851921081543,0.49400052428245544,-0.08357901871204376,0.43327784538269043,0.5877513289451599,-0.09338529407978058,0.42572179436683655,0.6465519666671753,-0.09123635292053223,0.41281384229660034,0.49415647983551025,-0.04049573466181755,0.40688446164131165,0.5056077837944031,-0.07868807762861252,0.4024825692176819,0.5896968245506287,-0.07123968750238419,0.402142196893692,0.638904869556427,-0.05675952136516571,0.3738781213760376,0.4995043873786926,-0.043039046227931976,0.37569570541381836,0.4958392381668091,-0.06773415952920914,0.3764301538467407,0.5699856877326965,-0.058693818747997284,0.3795340061187744,0.6171188950538635,-0.04465356841683388
L,0.4108025133609772,0.6660116910934448,-2.2524535125967304e-08,0.46007928252220154,0.6481035947799683,-0.020028138533234596,0.508708119392395,0.5897452235221863,-0.03326635807752609,0.5469273924827576,0.5538049936294556,-0.046788934618234634,0.5762957334518433,0.5380979180335999,-0.06040458008646965,0.4870774745941162,0.46299222111701965,-0.03240404650568962,0.5001837611198425,0.3601357340812683,-0.05418853089213371,0.50591641664505,0.2932266592979431,-0.06588276475667953,0.5104094743728638,0.2373960316181183,-0.07328882068395615,0.4506620764732361,0.4475194811820984,-0.03378615528345108,0.469320148229599,0.45369529724121094,-0.07182996720075607,0.46604904532432556,0.5389063954353333,-0.07777298986911774,0.4604375660419464,0.6012490391731262,-0.07284127920866013,0.4149903655052185,0.45011281967163086,-0.036605291068553925,0.43604403734207153,0.4762674868106842,-0.06977581977844238,0.4380595088005066,0.5519315600395203,-0.06205092370510101,0.4363718628883362,0.6059659123420715,-0.047666534781455994,0.3798202872276306,0.4630194902420044,-0.041533004492521286,0.40297433733940125,0.4786946177482605,-0.06216350197792053,0.41121214628219604,0.5369412899017334,-0.05609501153230667,0.413605660200119,0.5782050490379333,-0.045058391988277435
M,0.3638881742954254,0.7280357480049133,-1.5604392444856785e-07,0.41464656591415405,0.6769168376922607,-0.01709078438580036,0.44170162081718445,0.5858457088470459,-0.026250015944242477,0.4196937680244446,0.5341799259185791,-0.03571163862943649,0.38760116696357727,0.5117934942245483,-0.042246680706739426,0.41498205065727234,0.4797309637069702,-0.011010837741196156,0.4320782721042633,0.4150471091270447,-0.03973168507218361,0.4325377345085144,0.4837433099746704,-0.056728266179561615,0.42701947689056396,0.5493610501289368,-0.06255440413951874,0.378115177154541,0.47811272740364075,-0.013599810190498829,0.39048871397972107,0.39709773659706116,-0.0427669957280159,0.39882633090019226,0.47707709670066833,-0.05185521021485329,0.4011666476726532,0.5512268543243408,-0.049379292875528336,0.3437145948410034,0.4911431074142456,-0.020176121965050697,0.354699969291687,0.4321005344390869,-0.04881832376122475,0.37323182821273804,0.5152684450149536,-0.049581486731767654,0.3815118372440338,0.5831573605537415,-0.04138760641217232,0.3128092586994171,0.5220756530761719,-0.02816150151193142,0.33687838912010193,0.5123669505119324,-0.05100400745868683,0.36101096868515015,0.5709294676780701,-0.052484091371297836,0.3729962408542633,0.6161795854568481,-0.04706937074661255
M,0.3228406608104706,0.7207719087600708,-1.8669010160010657e-07,0.37363818287849426,0.6762008666992188,-0.01619524508714676,0.40075716376304626,0.5817862153053284,-0.024328386411070824,0.36749953031539917,0.5306903123855591,-0.032288677990436554,0.3265272080898285,0.5238305926322937,-0.03805111348628998,0.3744337558746338,0.49145424365997314,-0.010691264644265175,0.38727450370788574,0.4204278588294983,-0.03538353741168976,0.3799121379852295,0.48672786355018616,-0.050382547080516815,0.371559202671051,0.5482701063156128,-0.05630219727754593,0.33565059304237366,0.4949868321418762,-0.013877238146960735,0.3425021767616272,0.4013679027557373,-0.039312079548835754,0.3458949625492096,0.48270243406295776,-0.04706015810370445,0.3465750217437744,0.5527262091636658,-0.044977571815252304,0.30044108629226685,0.5122451186180115,-0.020306210964918137,0.30533328652381897,0.43230754137039185,-0.04584747180342674,0.31999221444129944,0.5127335786819458,-0.04209967330098152,0.3247857689857483,0.5752426385879517,-0.031984150409698486,0.26675063371658325,0.5428138971328735,-0.027756279334425926,0.2797801196575165,0.4910389184951782,-0.046433161944150925,0.29945406317710876,0.5476459264755249,-0.040285613387823105,0.30767107009887695,0.5946617722511292,-0.03057088330388069
M,0.25885534286499023,0.71531742811203,-2.0112119614168478e-07,0.30862635374069214,0.6591852903366089,-0.018767952919006348,0.32959872484207153,0.5654260516166687,-0.026932701468467712,0.30345767736434937,0.5074083209037781,-0.03497687354683876,0.27389588952064514,0.47818493843078613,-0.04042786359786987,0.32545751333236694,0.4963684380054474,-0.007564867381006479,0.32219749689102173,0.4310411512851715,-0.03494035452604294,0.3023940920829773,0.4882212281227112,-0.05172061175107956,0.29405078291893005,0.5495374202728271,-0.058277275413274765,0.2852286994457245,0.49278929829597473,-0.008636523969471455,0.28312763571739197,0.407620906829834,-0.039553459733724594,0.27334463596343994,0.47940272092819214,-0.049270667135715485,0.2738632559776306,0.5480906367301941,-0.04622197151184082,0.24849577248096466,0.5024378299713135,-0.013875052332878113,0.2453216016292572,0.4323820173740387,-0.0444817952811718,0.2489320933818817,0.5135068297386169,-0.04342612996697426,0.2559935748577118,0.5757320523262024,-0.03279876336455345,0.21596549451351166,0.526260495185852,-0.020501965656876564,0.22320011258125305,0.49099111557006836,-0.04441763460636139,0.2361273467540741,0.5485297441482544,-0.04307907074689865,0.24740412831306458,0.5907868146896362,-0.03487854823470116
M,0.3897727429866791,0.7129780054092407,-1.43847245226425e-07,0.4380863606929779,0.6855714321136475,-0.011564205400645733,0.4718431532382965,0.610261082649231,-0.018601465970277786,0.4616076350212097,0.5632936358451843,-0.026951879262924194,0.4281185567378998,0.5584223866462708,-0.03399316594004631,0.43800079822540283,0.49473804235458374,-0.012705948203802109,0.4543595314025879,0.42492061853408813,-0.038566287606954575,0.4595752954483032,0.4807581603527069,-0.05449184030294418,0.4550643563270569,0.5322918891906738,-0.06073082238435745,0.4040142297744751,0.4950561225414276,-0.01767982356250286,0.41509875655174255,0.4165632426738739,-0.041806671768426895,0.4283539056777954,0.48970773816108704,-0.05001553148031235,0.4311392307281494,0.5469337105751038,-0.0501994788646698,0.3715323209762573,0.5102924108505249,-0.025368593633174896,0.37985002994537354,0.4388403296470642,-0.04895710572600365,0.40169551968574524,0.5114598274230957,-0.047697681933641434,0.40966618061065674,0.5680842995643616,-0.0410381443798542,0.3385738730430603,0.5412387847900391,-0.03385934978723526,0.3552356958389282,0.5023210048675537,-0.05105597898364067,0.3809664845466614,0.5475023984909058,-0.04826861247420311,0.39386337995529175,0.5873304605484009,-0.042129553854465485
M,0.5764445066452026,0.7193179726600647,-1.8706440130245028e-07,0.6337231993675232,0.7051185369491577,-0.02847546897828579,0.6758185625076294,0.6373788714408875,-0.045604243874549866,0.6674049496650696,0.5756747722625732,-0.06136443093419075,0.6427823901176453,0.5358986258506775,-0.07344787567853928,0.6688082218170166,0.47435879707336426,-0.022813497111201286,0.6908258199691772,0.454131543636322,-0.06047135591506958,0.6833943724632263,0.5335837006568909,-0.08426238596439362,0.6705576181411743,0.5766509771347046,-0.09625688195228577,0.627583384513855,0.45959439873695374,-0.024669911712408066,0.6521350145339966,0.4321991205215454,-0.06275593489408493,0.6523234844207764,0.5313519835472107,-0.07479096949100494,0.6466384530067444,0.5823234915733337,-0.07518172264099121,0.5846396088600159,0.46771928668022156,-0.032126277685165405,0.6094179153442383,0.4436764717102051,-0.06942114233970642,0.6221808195114136,0.5404901504516602,-0.06747474521398544,0.6231266260147095,0.5924050211906433,-0.05772972106933594,0.5416945815086365,0.4986511766910553,-0.041788071393966675,0.572801411151886,0.5002047419548035,-0.06901787221431732,0.5953774452209473,0.5656061172485352,-0.06705235689878464,0.6059801578521729,0.6006317138671875,-0.05916644260287285
M,0.6903862953186035,0.7638527750968933,-5.2671239814117143e-08,0.7576253414154053,0.7579289078712463,-0.018449388444423676,0.8114232420921326,0.6845975518226624,-0.028801385313272476,0.8009676933288574,0.6042924523353577,-0.03978695720434189,0.7750487327575684,0.5510581731796265,-0.047021105885505676,0.8125249147415161,0.5476747155189514,-0.009043240919709206,0.8563361167907715,0.5164005756378174,-0.04191756621003151,0.8494331240653992,0.5841435790061951,-0.06260484457015991,0.8289534449577332,0.6446481943130493,-0.07097703218460083,0.7766869068145752,0.5105775594711304,-0.01376966293901205,0.8214091658592224,0.46837949752807617,-0.04658766835927963,0.823260486125946,0.5538235306739807,-0.058893945068120956,0.8108549118041992,0.6287415623664856,-0.05857640132308006,0.7399484515190125,0.4979623556137085,-0.02332144044339657,0.7814117074012756,0.48195335268974304,-0.05601004883646965,0.7850953340530396,0.5773944854736328,-0.05992136895656586,0.7759262323379517,0.6427769064903259,-0.054058320820331573,0.7020339369773865,0.5086759924888611,-0.0346929207444191,0.7451398372650146,0.5705458521842957,-0.06037815660238266,0.755347728729248,0.6482268571853638,-0.06530948728322983,0.753319501876831,0.6920018792152405,-0.0626942440867424
M,0.541441023349762,0.727440357208252,-2.2539677502209088e-07,0.6012123227119446,0.7061755657196045,-0.024251146242022514,0.6472458243370056,0.6426944732666016,-0.03785087540745735,0.6502493023872375,0.5812616944313049,-0.051099080592393875,0.6294516921043396,0.537398636341095,-0.060357145965099335,0.6475996375083923,0.5018157362937927,-0.013939110562205315,0.6706436276435852,0.46141695976257324,-0.04692569002509117,0.6517304182052612,0.5347943305969238,-0.06789269298315048,0.6360824108123779,0.5795902013778687,-0.07759606093168259,0.6106473207473755,0.4833480715751648,-0.01550927385687828,0.6327574253082275,0.44177114963531494,-0.04859602451324463,0.6171026825904846,0.5295600891113281,-0.058915089815855026,0.6066527962684631,0.5787214040756226,-0.05878277122974396,0.5720809698104858,0.48036932945251465,-0.022429712116718292,0.5930162668228149,0.4442065358161926,-0.05347950756549835,0.5875217318534851,0.5287942290306091,-0.04960349202156067,0.5816439986228943,0.5788188576698303,-0.039290640503168106,0.5313381552696228,0.49377182126045227,-0.03156820684671402,0.5549524426460266,0.4745769798755646,-0.051769014447927475,0.5611780881881714,0.5361542701721191,-0.046409886330366135,0.5638582706451416,0.5766791701316833,-0.036859381943941116
M,0.3246939778327942,0.7202237844467163,-2.3710150287570286e-07,0.3771362006664276,0.6911368370056152,-0.017523881047964096,0.41189146041870117,0.6089375615119934,-0.02523573487997055,0.3953917920589447,0.5496405959129333,-0.033036764711141586,0.36452239751815796,0.5244378447532654,-0.03835988789796829,0.398190438747406,0.5040373802185059,-0.009852181188762188,0.4143204391002655,0.4385005235671997,-0.03711222484707832,0.40322092175483704,0.5035935044288635,-0.05302269384264946,0.3912985622882843,0.566831111907959,-0.05838518589735031,0.3603542447090149,0.4978000521659851,-0.011971581727266312,0.37314078211784363,0.413699746131897,-0.04055297374725342,0.369365930557251,0.49436962604522705,-0.04862263798713684,0.364691823720932,0.5656378865242004,-0.04556549713015556,0.3243231475353241,0.5064154863357544,-0.01802925579249859,0.332337349653244,0.43193891644477844,-0.04623113572597504,0.33895671367645264,0.5157647132873535,-0.04308323189616203,0.3405892252922058,0.5823982357978821,-0.03202136233448982,0.2890174984931946,0.5304767489433289,-0.025391332805156708,0.30093780159950256,0.48547378182411194,-0.046719085425138474,0.31424787640571594,0.5436792373657227,-0.04275061562657356,0.3200790286064148,0.5924404859542847,-0.03338940069079399
M,0.23334932327270508,0.7635148167610168,-1.9651518812224822e-07,0.28191325068473816,0.7420610189437866,-0.02875400148332119,0.31544119119644165,0.6674246191978455,-0.045202042907476425,0.3205609619617462,0.6205313205718994,-0.06027263402938843,0.3096621334552765,0.5871665477752686,-0.0719609335064888,0.30180272459983826,0.5105255842208862,-0.02672719769179821,0.3123312294483185,0.43580150604248047,-0.0635838657617569,0.3049187660217285,0.5093509554862976,-0.08555368334054947,0.29747140407562256,0.5729750394821167,-0.0943499356508255,0.2559483051300049,0.5097974538803101,-0.027055425569415092,0.2596442699432373,0.4232386350631714,-0.06652899086475372,0.26106637716293335,0.5238603353500366,-0.07797781378030777,0.2633954882621765,0.5960026383399963,-0.07600189745426178,0.2132432758808136,0.5256146788597107,-0.032299913465976715,0.21639326214790344,0.46366453170776367,-0.06955333054065704,0.22897416353225708,0.5582516193389893,-0.06591492891311646,0.23600897192955017,0.6235560178756714,-0.05313579738140106,0.17449569702148438,0.556999683380127,-0.039734773337841034,0.18535014986991882,0.513964056968689,-0.06589413434267044,0.2036767601966858,0.5833621025085449,-0.06051557511091232,0.21405354142189026,0.6350759863853455,-0.04921616613864899
M,0.40038299560546875,0.8241317868232727,-3.0340788725879975e-07,0.45865947008132935,0.8065975904464722,-0.02486606501042843,0.5069185495376587,0.7223324775695801,-0.036182135343551636,0.506481409072876,0.6493769884109497,-0.04685329645872116,0.4909403920173645,0.598844587802887,-0.053462665528059006,0.49771881103515625,0.5559802055358887,-0.014743016101419926,0.5164823532104492,0.509922981262207,-0.052937526255846024,0.5034252405166626,0.6012181639671326,-0.07496488094329834,0.4886118173599243,0.6729766130447388,-0.08215034753084183,0.4489465355873108,0.5404097437858582,-0.016174253076314926,0.465304434299469,0.47233670949935913,-0.05672091990709305,0.4609675109386444,0.5884818434715271,-0.06600082665681839,0.45661842823028564,0.6750002503395081,-0.05967434123158455,0.40216779708862305,0.5468834638595581,-0.023159511387348175,0.4147014617919922,0.5035768151283264,-0.062187787145376205,0.42366474866867065,0.6185907125473022,-0.05791100114583969,0.4272178113460541,0.6975157260894775,-0.042359646409749985,0.35678038001060486,0.5757905840873718,-0.03217066079378128,0.37584859132766724,0.5639524459838867,-0.06057153269648552,0.3942440152168274,0.6462393403053284,-0.05695183947682381,0.40499430894851685,0.7016264200210571,-0.04480487108230591
M,0.6047834157943726,0.6389130353927612,7.0157439857609916e-09,0.669823169708252,0.6333519220352173,-0.014522068202495575,0.7175790667533875,0.5599011182785034,-0.023146281018853188,0.7028399705886841,0.48227792978286743,-0.032931942492723465,0.6746219396591187,0.4321034252643585,-0.039496421813964844,0.7137487530708313,0.4559316039085388,-0.0069617219269275665,0.7519490122795105,0.40766850113868713,-0.03368736058473587,0.7441465854644775,0.4607846140861511,-0.050662826746702194,0.7240130305290222,0.5126549601554871,-0.05784302204847336,0.681187093257904,0.4256603717803955,-0.011836753226816654,0.7196890711784363,0.3649055063724518,-0.039980631321668625,0.7225247025489807,0.4362601339817047,-0.05285799130797386,0.7099564671516418,0.503363311290741,-0.05468648672103882,0.6482682228088379,0.4118678867816925,-0.02046296000480652,0.6873050332069397,0.36171045899391174,-0.05104084685444832,0.6920809745788574,0.4462331533432007,-0.057722873985767365,0.6824818253517151,0.5103588700294495,-0.05485747009515762,0.6152668595314026,0.41746747493743896,-0.030059121549129486,0.6588155031204224,0.4517921805381775,-0.05744060128927231,0.670082151889801,0.5258352160453796,-0.0649828240275383,0.6668518781661987,0.5744118690490723,-0.06478864699602127
M,0.26254507899284363,0.696251392364502,-2.2372147157057043e-07,0.31506359577178955,0.6481693387031555,-0.02313188835978508,0.3412632942199707,0.5599033832550049,-0.034381065517663956,0.3167960047721863,0.49530255794525146,-0.0450226329267025,0.28699514269828796,0.46064242720603943,-0.052885886281728745,0.3372642993927002,0.46450075507164,-0.010060455650091171,0.33839887380599976,0.3983498513698578,-0.04178331047296524,0.31887415051460266,0.4544815719127655,-0.062339749187231064,0.3068467080593109,0.5203096270561218,-0.07045932114124298,0.2954079508781433,0.45834285020828247,-0.010070311836898327,0.2967328429222107,0.37384411692619324,-0.043950919061899185,0.28614750504493713,0.4476456940174103,-0.05582306161522865,0.28377094864845276,0.5211595296859741,-0.05362241715192795,0.2568820118904114,0.4674924910068512,-0.014932629652321339,0.2563525438308716,0.39886465668678284,-0.04882104694843292,0.25805792212486267,0.48442941904067993,-0.048082973808050156,0.26285237073898315,0.5528156161308289,-0.03669793903827667,0.221900075674057,0.49263548851013184,-0.021550709381699562,0.2279665619134903,0.45465952157974243,-0.04774275794625282,0.23857513070106506,0.5171598196029663,-0.045486703515052795,0.24765729904174805,0.5650317072868347,-0.03571286424994469
M,0.41734540462493896,0.7088047862052917,-1.5773377981531667e-07,0.4711402654647827,0.6752710342407227,-0.01832057163119316,0.5032685399055481,0.5989535450935364,-0.030160879716277122,0.4863065183162689,0.5437691807746887,-0.042550474405288696,0.462809681892395,0.507966160774231,-0.05173182487487793,0.500342845916748,0.4864937663078308,-0.01610685884952545,0.5245121121406555,0.42353159189224243,-0.04818626120686531,0.5145093202590942,0.49250438809394836,-0.06699199974536896,0.5002923011779785,0.555610716342926,-0.07371381670236588,0.4621065557003021,0.47220557928085327,-0.019523078575730324,0.4843059778213501,0.3929480314254761,-0.05252917483448982,0.4817016124725342,0.4790906310081482,-0.06225859746336937,0.4753887355327606,0.5521571040153503,-0.05983956903219223,0.4239130914211273,0.4724355638027191,-0.026973417028784752,0.4413485825061798,0.4129562973976135,-0.05738997086882591,0.45017728209495544,0.5047503709793091,-0.05638517066836357,0.45154404640197754,0.5748074650764465,-0.046829257160425186,0.3864099085330963,0.49168533086776733,-0.0359681099653244,0.40936174988746643,0.4794986844062805,-0.058070700615644455,0.42631205916404724,0.5430642366409302,-0.056980859488248825,0.4342379570007324,0.5896943211555481,-0.04989396780729294
M,0.28936219215393066,0.6095693111419678,-2.3628447820556175e-07,0.3381771147251129,0.5802890062332153,-0.02752383053302765,0.3654704689979553,0.4937989115715027,-0.03892820328474045,0.3414272665977478,0.4188760817050934,-0.048472706228494644,0.31724977493286133,0.3675713837146759,-0.05524890869855881,0.38211339712142944,0.4106901288032532,-0.012065780349075794,0.38001978397369385,0.3372846245765686,-0.04050641879439354,0.3515220582485199,0.3858436644077301,-0.05884521082043648,0.33666354417800903,0.4458232522010803,-0.06630045920610428,0.34432142972946167,0.3893964886665344,-0.008718880824744701,0.3468044400215149,0.30101096630096436,-0.040793526917696,0.3230873942375183,0.3678019940853119,-0.05308597534894943,0.3139863908290863,0.4384860396385193,-0.05095234140753746,0.3094126880168915,0.3817044794559479,-0.01023896411061287,0.30982741713523865,0.31063181161880493,-0.046033963561058044,0.29734569787979126,0.3942098319530487,-0.04973459243774414,0.29538440704345703,0.46370190382003784,-0.04058067128062248,0.2780730128288269,0.3876608610153198,-0.01332065463066101,0.2833291292190552,0.3562573492527008,-0.04442143812775612,0.2827831506729126,0.43045350909233093,-0.04675031080842018,0.28775647282600403,0.487932950258255,-0.0392778143286705
M,0.41510260105133057,0.7147341966629028,-1.8200076112862007e-07,0.47637251019477844,0.6753133535385132,-0.023120533674955368,0.5162690877914429,0.5825216174125671,-0.036875367164611816,0.5251189470291138,0.5141820311546326,-0.049762364476919174,0.5292997360229492,0.47163140773773193,-0.058268871158361435,0.47831448912620544,0.4062082767486572,-0.017279494553804398,0.5234358906745911,0.41877418756484985,-0.05228861793875694,0.5243743658065796,0.5062590837478638,-0.07360372692346573,0.5130057334899902,0.5718565583229065,-0.08274248242378235,0.4379388093948364,0.39899373054504395,-0.01962287165224552,0.4826638102531433,0.4154360592365265,-0.05556585267186165,0.49368518590927124,0.5196101665496826,-0.06474468111991882,0.49299994111061096,0.5923104286193848,-0.061841174960136414,0.40281134843826294,0.42615923285484314,-0.0268415380269289,0.44444289803504944,0.446855366230011,-0.06075582653284073,0.4620002508163452,0.5473528504371643,-0.058508291840553284,0.4654638171195984,0.6122595071792603,-0.04743088409304619,0.37454143166542053,0.4768257439136505,-0.03653775900602341,0.4167858362197876,0.5249298214912415,-0.061744771897792816,0.44013336300849915,0.5897665619850159,-0.06281508505344391,0.4506034255027771,0.626541256904602,-0.05582325533032417
M,0.48668354749679565,0.7089847922325134,-7.285404279855356e-08,0.5520500540733337,0.6730973720550537,-0.014171157032251358,0.5965678691864014,0.5970473289489746,-0.02635946311056614,0.6073670983314514,0.537416934967041,-0.039308421313762665,0.5965351462364197,0.49908581376075745,-0.04794444888830185,0.5622194409370422,0.4088599681854248,-0.011071772314608097,0.6219939589500427,0.41285109519958496,-0.04245956242084503,0.6247451305389404,0.5016353726387024,-0.061003219336271286,0.6117897629737854,0.5638365745544434,-0.06860937178134918,0.5278879404067993,0.3996562361717224,-0.017595596611499786,0.5909512639045715,0.4045613408088684,-0.04833312705159187,0.6005300283432007,0.5062313675880432,-0.05481535568833351,0.5938999652862549,0.574155867099762,-0.05169413238763809,0.49681881070137024,0.421647310256958,-0.028160100802779198,0.5594372749328613,0.43769991397857666,-0.056430671364068985,0.5710601806640625,0.532889187335968,-0.05264352262020111,0.5658487677574158,0.5903869271278381,-0.04266207665205002,0.4725433886051178,0.4692140221595764,-0.04057765752077103,0.529746949672699,0.5202045440673828,-0.0598955973982811,0.5455951690673828,0.5863759517669678,-0.05874348804354668,0.5467191934585571,0.6227354407310486,-0.05222621187567711
M,0.25731343030929565,0.6666372418403625,-2.2946574063098524e-07,0.3034895658493042,0.6432858109474182,-0.04156344011425972,0.33351847529411316,0.5804112553596497,-0.06428822875022888,0.3168044686317444,0.5334104895591736,-0.08247174322605133,0.28845715522766113,0.513326108455658,-0.09734116494655609,0.33947113156318665,0.4266476035118103,-0.03692619502544403,0.33019015192985535,0.3864986002445221,-0.07970821112394333,0.3030283749103546,0.46765562891960144,-0.10371564328670502,0.29260772466659546,0.5418305397033691,-0.1131426990032196,0.29111552238464355,0.40973615646362305,-0.03178323805332184,0.2836736738681793,0.3477352261543274,-0.07999923080205917,0.26057326793670654,0.4519239366054535,-0.09289530664682388,0.2588196098804474,0.5337154269218445,-0.08794661611318588,0.24735529720783234,0.4150647521018982,-0.03294777125120163,0.23395119607448578,0.3816509246826172,-0.0795978233218193,0.22703245282173157,0.48034611344337463,-0.08059056103229523,0.23597924411296844,0.5496131777763367,-0.06716504693031311,0.21112653613090515,0.44068098068237305,-0.03684147819876671,0.2005266696214676,0.4288439154624939,-0.07068004459142685,0.20314335823059082,0.5022832155227661,-0.07067228853702545,0.21512973308563232,0.5501110553741455,-0.060475967824459076
M,0.3309263586997986,0.657768189907074,-1.0117440041312875e-07,0.3726578652858734,0.6542041301727295,-0.03896229341626167,0.4083271622657776,0.6234262585639954,-0.06768525391817093,0.4053010940551758,0.5939521193504333,-0.09270995110273361,0.3838791847229004,0.5698246359825134,-0.11525667458772659,0.4138012230396271,0.43881186842918396,-0.05422208458185196,0.4194997549057007,0.392436146736145,-0.10341061651706696,0.4087797999382019,0.46520406007766724,-0.13164815306663513,0.3999415636062622,0.5223700404167175,-0.14462535083293915,0.36734846234321594,0.4228644073009491,-0.05406232550740242,0.3662244975566864,0.3669589161872864,-0.10601668804883957,0.3598457872867584,0.4710712134838104,-0.12085719406604767,0.3610236644744873,0.5366598963737488,-0.12028146535158157,0.3230259120464325,0.43154093623161316,-0.0591898113489151,0.3168511390686035,0.40780800580978394,-0.10432011634111404,0.32345303893089294,0.49647584557533264,-0.10240883380174637,0.3335796296596527,0.5463876724243164,-0.09140170365571976,0.28408604860305786,0.4625822603702545,-0.06700820475816727,0.2751493752002716,0.46173787117004395,-0.09763796627521515,0.2871459722518921,0.529306948184967,-0.09502548724412918,0.30398544669151306,0.5656349062919617,-0.0860014483332634
M,0.49825066328048706,0.6612012386322021,-1.433864724731393e-07,0.5509427189826965,0.6551165580749512,-0.024111822247505188,0.5935385227203369,0.6058624982833862,-0.041407398879528046,0.6051560640335083,0.5618078708648682,-0.058887023478746414,0.5923243165016174,0.5203993320465088,-0.07254687696695328,0.6057484745979309,0.4266522228717804,-0.01868497021496296,0.6340406537055969,0.39883050322532654,-0.057870324701070786,0.6275161504745483,0.47690796852111816,-0.08316079527139664,0.6133671402931213,0.5404005646705627,-0.09353119134902954,0.5658689737319946,0.3983650803565979,-0.02185485139489174,0.5926163196563721,0.3576323091983795,-0.060496605932712555,0.5891656279563904,0.4610039293766022,-0.07225892692804337,0.5800243616104126,0.5358080267906189,-0.07021157443523407,0.5241010785102844,0.3945316672325134,-0.030270636081695557,0.5483015775680542,0.376115620136261,-0.0649888888001442,0.5539331436157227,0.47815850377082825,-0.06312928348779678,0.5510907769203186,0.5456998944282532,-0.051678478717803955,0.4830326735973358,0.41612640023231506,-0.0412788949906826,0.5076867938041687,0.4328802824020386,-0.0653587132692337,0.5219946503639221,0.5046637058258057,-0.06388193368911743,0.5282390713691711,0.5498249530792236,-0.055354878306388855
M,0.6643574237823486,0.7049853205680847,-5.727594754034726e-08,0.7349719405174255,0.7012176513671875,-0.019615085795521736,0.792803168296814,0.6324371695518494,-0.03144928440451622,0.7900362014770508,0.5545954704284668,-0.04433897137641907,0.7649081349372864,0.50373375415802,-0.05315074324607849,0.797803521156311,0.47724980115890503,-0.011329056695103645,0.8468980193138123,0.456366628408432,-0.04778473451733589,0.8344200849533081,0.5307126641273499,-0.07003755122423172,0.8121441006660461,0.5915233492851257,-0.07883203774690628,0.7603250741958618,0.4382147789001465,-0.017125967890024185,0.8097108602523804,0.4026919901371002,-0.05513864383101463,0.8039425611495972,0.4996872544288635,-0.06725893914699554,0.7878763675689697,0.578349232673645,-0.06470544636249542,0.7207590341567993,0.4249282479286194,-0.027951285243034363,0.763672411441803,0.42265740036964417,-0.06422129273414612,0.7608424425125122,0.5313625335693359,-0.06492286920547485,0.7490304708480835,0.6014584898948669,-0.054433222860097885,0.6796560883522034,0.4364877939224243,-0.04086993634700775,0.7187681794166565,0.49477043747901917,-0.06617052108049393,0.7275006175041199,0.5755793452262878,-0.06716912239789963,0.7266829013824463,0.6207873821258545,-0.060458067804574966
M,0.3360629677772522,0.6639583110809326,-2.530081246732152e-07,0.3874284029006958,0.6569244265556335,-0.035703931003808975,0.43083345890045166,0.6001545190811157,-0.05534081161022186,0.4409615695476532,0.5522812604904175,-0.07230492681264877,0.435183584690094,0.5268531441688538,-0.08475878089666367,0.4369014501571655,0.43305501341819763,-0.028711557388305664,0.44549834728240967,0.3794628977775574,-0.07034634053707123,0.4215051531791687,0.4613671600818634,-0.09383180737495422,0.4066709280014038,0.5318088531494141,-0.10286422818899155,0.3903202712535858,0.41327425837516785,-0.02643568255007267,0.39482244849205017,0.34255796670913696,-0.07419546693563461,0.3789798617362976,0.45203322172164917,-0.08682271093130112,0.37526750564575195,0.5339740514755249,-0.08229781687259674,0.3467223048210144,0.41252005100250244,-0.03026827983558178,0.34704187512397766,0.36177265644073486,-0.07541392743587494,0.34445977210998535,0.466315895318985,-0.07290291041135788,0.3479132354259491,0.5387433171272278,-0.05777234956622124,0.30728739500045776,0.4321208596229553,-0.03680014982819557,0.31166309118270874,0.40842217206954956,-0.06941389292478561,0.31685397028923035,0.486625611782074,-0.06725874543190002,0.324672669172287,0.5403905510902405,-0.05594589188694954
M,0.27706244587898254,0.6930426359176636,-2.3453011976926064e-07,0.3272779583930969,0.6600785255432129,-0.025655563920736313,0.3552459180355072,0.5821713209152222,-0.0381304994225502,0.34041592478752136,0.5162397027015686,-0.049588393419981,0.315589040517807,0.4770876169204712,-0.05848211050033569,0.3639846444129944,0.4776251018047333,-0.014076757244765759,0.36404794454574585,0.4192184805870056,-0.04726513847708702,0.33885592222213745,0.47380584478378296,-0.06920523941516876,0.32318979501724243,0.5388492941856384,-0.07836414873600006,0.32363972067832947,0.4621272087097168,-0.013547229580581188,0.3258935809135437,0.3819218873977661,-0.04986303299665451,0.30602744221687317,0.45458152890205383,-0.06273558735847473,0.29810771346092224,0.5284284353256226,-0.060746755450963974,0.285269170999527,0.4645521938800812,-0.01814933307468891,0.2837188243865967,0.4020657241344452,-0.052558783441782,0.27713584899902344,0.4787738621234894,-0.053744640201330185,0.2775888442993164,0.5450171232223511,-0.04375210031867027,0.24975600838661194,0.48453402519226074,-0.024829629808664322,0.2525826692581177,0.4540105164051056,-0.050229452550411224,0.2561739981174469,0.5125543475151062,-0.04948247969150543,0.2621883749961853,0.5598234534263611,-0.04121182858943939
M,0.3074955344200134,0.7880032062530518,-2.6234914685119293e-07,0.35452207922935486,0.7599059343338013,-0.016976676881313324,0.3872334659099579,0.6868520379066467,-0.026618439704179764,0.3907649517059326,0.6374161839485168,-0.03634050115942955,0.3680534362792969,0.6198562979698181,-0.043127235025167465,0.35640040040016174,0.5274752974510193,-0.010490186512470245,0.37251415848731995,0.5067160129547119,-0.03845446556806564,0.3753647804260254,0.5860176086425781,-0.05532436817884445,0.3701651692390442,0.640496015548706,-0.061826106160879135,0.3189755082130432,0.5278609395027161,-0.013325173407793045,0.3314612805843353,0.5037820935249329,-0.04248455911874771,0.34225887060165405,0.5976988673210144,-0.049881309270858765,0.34438180923461914,0.6592131853103638,-0.04663427919149399,0.2849341332912445,0.5518537163734436,-0.020037388429045677,0.2988741397857666,0.5447850227355957,-0.04692795127630234,0.3182031214237213,0.6292070746421814,-0.04444250464439392,0.32500889897346497,0.6830394268035889,-0.03449032083153725,0.25621864199638367,0.5931338667869568,-0.02853321097791195,0.27868977189064026,0.6085723638534546,-0.04653358459472656,0.3006678819656372,0.6638168692588806,-0.0446481853723526,0.31142330169677734,0.6961253881454468,-0.037240516394376755
M,0.37020909786224365,0.6908052563667297,-1.2818271954984084e-07,0.41527649760246277,0.6683737635612488,-0.011965222656726837,0.44774478673934937,0.6072409152984619,-0.018895283341407776,0.4422377943992615,0.5578157901763916,-0.02714049257338047,0.421536922454834,0.5302457213401794,-0.03315678983926773,0.43607375025749207,0.49482378363609314,-0.005274367053061724,0.45701897144317627,0.44692525267601013,-0.028476668521761894,0.4527466595172882,0.5057173371315002,-0.04324260354042053,0.44401800632476807,0.5603290796279907,-0.04858078062534332,0.40548175573349,0.4848756790161133,-0.008351332508027554,0.42216920852661133,0.4331033229827881,-0.03133190795779228,0.4254125952720642,0.5034242272377014,-0.03894772380590439,0.4234684705734253,0.562165379524231,-0.03777694329619408,0.374115914106369,0.4892091751098633,-0.014668379910290241,0.3886493742465973,0.44510748982429504,-0.0356755293905735,0.3993486762046814,0.5168534517288208,-0.034141767770051956,0.40128737688064575,0.5730897784233093,-0.02676421031355858,0.34266120195388794,0.5097606778144836,-0.022214297205209732,0.36140066385269165,0.49397724866867065,-0.03744471073150635,0.37712982296943665,0.5402747392654419,-0.035539641976356506,0.3838016986846924,0.5775319337844849,-0.02937532775104046
M,0.3917619287967682,0.5241117477416992,-2.4219932015512313e-07,0.44831934571266174,0.4956357479095459,-0.019330637529492378,0.4868411123752594,0.44152069091796875,-0.03437832370400429,0.49757805466651917,0.3965188264846802,-0.048990461975336075,0.49136582016944885,0.36787301301956177,-0.05999719351530075,0.46184563636779785,0.25551652908325195,-0.017667504027485847,0.5012536644935608,0.2898815870285034,-0.05136915296316147,0.49953776597976685,0.3746353089809418,-0.07218065112829208,0.48972952365875244,0.43466436862945557,-0.08073251694440842,0.4259722828865051,0.24681356549263,-0.020546486601233482,0.46615731716156006,0.2922651767730713,-0.05333461984992027,0.46820545196533203,0.39376434683799744,-0.060484305024147034,0.4636344015598297,0.46103647351264954,-0.057074833661317825,0.3937916159629822,0.2689098119735718,-0.027554376050829887,0.43273282051086426,0.32453426718711853,-0.057866666465997696,0.4412480890750885,0.4193439781665802,-0.05488312244415283,0.4419812858104706,0.47762393951416016,-0.04388020932674408,0.3682261109352112,0.31369587779045105,-0.03669804334640503,0.4034431278705597,0.3739531934261322,-0.05621540918946266,0.4174387454986572,0.43773558735847473,-0.05478963255882263,0.4232858121395111,0.47282424569129944,-0.046943433582782745
M,0.35986605286598206,0.5352311134338379,-2.6998509383702185e-07,0.399210125207901,0.5173577070236206,-0.0199050884693861,0.43473124504089355,0.48094940185546875,-0.035906411707401276,0.4403664171695709,0.44939491152763367,-0.05032651126384735,0.4255259335041046,0.427506685256958,-0.061177365481853485,0.42244020104408264,0.28898078203201294,-0.02129831351339817,0.44224095344543457,0.33343639969825745,-0.052317216992378235,0.4346076548099518,0.41349494457244873,-0.07168152183294296,0.42800578474998474,0.4425351023674011,-0.08167751133441925,0.38382524251937866,0.2736660838127136,-0.02447577193379402,0.40561428666114807,0.332222580909729,-0.051338400691747665,0.4012090265750885,0.4199148416519165,-0.05667769908905029,0.39722156524658203,0.44725939631462097,-0.05607206001877785,0.34715306758880615,0.2906520366668701,-0.03148328512907028,0.37090030312538147,0.35522931814193726,-0.05524872615933418,0.37316134572029114,0.4299313426017761,-0.049785714596509933,0.37106192111968994,0.4523508548736572,-0.04178938642144203,0.3161380887031555,0.3291453719139099,-0.04085855931043625,0.3369993269443512,0.3875408172607422,-0.05314574018120766,0.34728196263313293,0.440363347530365,-0.04754723608493805,0.3520124554634094,0.45372891426086426,-0.04004393890500069
M,0.22438174486160278,0.75776606798172,-2.2328403304072708e-07,0.27017495036125183,0.7069593667984009,-0.02146879956126213,0.292810320854187,0.6132252216339111,-0.03169729933142662,0.27075403928756714,0.5637970566749573,-0.04086081311106682,0.23973533511161804,0.5516640543937683,-0.047174304723739624,0.27006110548973083,0.5189601182937622,-0.01400794554501772,0.26873040199279785,0.4659215211868286,-0.04432389512658119,0.26349937915802,0.5396621823310852,-0.061597201973199844,0.2611036002635956,0.6023970246315002,-0.06769522279500961,0.23012292385101318,0.5255874991416931,-0.014503140933811665,0.226996049284935,0.4567415118217468,-0.04675299674272537,0.23134154081344604,0.5434255599975586,-0.054399821907281876,0.2368965446949005,0.6094787120819092,-0.05015234649181366,0.19439619779586792,0.5460196137428284,-0.019438520073890686,0.1899346113204956,0.49233728647232056,-0.051207322627305984,0.20645342767238617,0.5810832977294922,-0.04678799957036972,0.2187519669532776,0.6403144001960754,-0.03401925787329674,0.1626347452402115,0.580112636089325,-0.025974702090024948,0.16658742725849152,0.5502753853797913,-0.04923657327890396,0.18734806776046753,0.6110242605209351,-0.044868018478155136,0.20159558951854706,0.6493370532989502,-0.03466465324163437
M,0.3422316312789917,0.7832500338554382,-9.907437714673506e-08,0.4023551642894745,0.7120468616485596,-0.018508413806557655,0.427970826625824,0.6107861399650574,-0.03186846151947975,0.40552499890327454,0.5562728643417358,-0.04517154395580292,0.37495750188827515,0.5403661727905273,-0.05422564595937729,0.3679390251636505,0.4628602862358093,-0.01382908970117569,0.417754203081131,0.44097191095352173,-0.048463109880685806,0.4333987534046173,0.5225323438644409,-0.06942229717969894,0.4347652792930603,0.5901844501495361,-0.07864050567150116,0.3310355544090271,0.47054028511047363,-0.019241610541939735,0.38405412435531616,0.4454244375228882,-0.05550327152013779,0.4094746708869934,0.5344122052192688,-0.0659664124250412,0.4180416762828827,0.6039114594459534,-0.0640646293759346,0.3050488233566284,0.5057882070541382,-0.02911512553691864,0.358185738325119,0.49423566460609436,-0.06111810356378555,0.38655805587768555,0.5813456773757935,-0.060472793877124786,0.3954508304595947,0.6389985084533691,-0.051523927599191666,0.28960973024368286,0.5612475872039795,-0.04123450815677643,0.3479304611682892,0.5907217860221863,-0.06321202963590622,0.374521404504776,0.6439319252967834,-0.0653289407491684,0.38344553112983704,0.671718418598175,-0.060663484036922455
M,0.40943172574043274,0.7511000633239746,-2.25447564616843e-07,0.4696904122829437,0.7290663719177246,-0.029142310842871666,0.5168622732162476,0.6471397876739502,-0.044959183782339096,0.5079138278961182,0.5897271633148193,-0.059293895959854126,0.4821034073829651,0.5591253042221069,-0.06877101957798004,0.5057786703109741,0.46619805693626404,-0.01729188859462738,0.5291965007781982,0.43862253427505493,-0.057625662535429,0.515704333782196,0.5319490432739258,-0.08232153207063675,0.5004106760025024,0.6058892011642456,-0.0919150561094284,0.45858797430992126,0.4464271664619446,-0.018184473738074303,0.47717970609664917,0.40931951999664307,-0.06104818731546402,0.47510334849357605,0.5251485109329224,-0.07354260981082916,0.4712803065776825,0.6110681295394897,-0.06957560032606125,0.41379863023757935,0.4540322721004486,-0.025230636820197105,0.42825984954833984,0.44584617018699646,-0.06475971639156342,0.43932104110717773,0.559604287147522,-0.06395455449819565,0.4439578950405121,0.6345446109771729,-0.0510968379676342,0.37333500385284424,0.4861116111278534,-0.035074323415756226,0.39659810066223145,0.5148266553878784,-0.06226978078484535,0.4160327911376953,0.5961460471153259,-0.061640072613954544,0.42764586210250854,0.6437580585479736,-0.052313756197690964
M,0.44615742564201355,0.7080264687538147,-2.7879440267497557e-07,0.4984910488128662,0.7104857563972473,-0.04368497431278229,0.5566902756690979,0.6500027179718018,-0.06655849516391754,0.5549537539482117,0.6029173731803894,-0.08522962778806686,0.5359043478965759,0.5816704630851746,-0.09941713511943817,0.5723739862442017,0.49791404604911804,-0.04049656540155411,0.580152690410614,0.44635263085365295,-0.08876822143793106,0.539969265460968,0.5323013663291931,-0.1142416000366211,0.5134824514389038,0.6006351113319397,-0.12357299774885178,0.5227378606796265,0.4613327383995056,-0.03672710433602333,0.5306038856506348,0.38611501455307007,-0.09376904368400574,0.49852609634399414,0.5022387504577637,-0.10869662463665009,0.48533689975738525,0.5911605358123779,-0.10337407141923904,0.47611579298973083,0.44645023345947266,-0.03973892703652382,0.4759141504764557,0.39073747396469116,-0.09467737376689911,0.46070533990859985,0.5150596499443054,-0.09340927749872208,0.45866167545318604,0.6008614897727966,-0.07659139484167099,0.43133509159088135,0.45076239109039307,-0.04554617777466774,0.43523120880126953,0.42987191677093506,-0.08494184911251068,0.4310879111289978,0.5258828997612,-0.0834183394908905,0.43611547350883484,0.5873755216598511,-0.07131922245025635
N,0.29965969920158386,0.8552253842353821,-1.6911666023133876e-07,0.35048556327819824,0.8075305223464966,-0.024654783308506012,0.37644699215888977,0.7098309397697449,-0.03779466450214386,0.3451433777809143,0.6501580476760864,-0.05025983601808548,0.30983027815818787,0.6116359829902649,-0.05873088911175728,0.3602457344532013,0.5884694457054138,-0.023519782349467278,0.37051960825920105,0.5194919109344482,-0.06305122375488281,0.3592486083507538,0.5919636487960815,-0.08248607069253922,0.35155633091926575,0.6659811735153198,-0.08738293498754501,0.3137687146663666,0.5867144465446472,-0.025815770030021667,0.3190040588378906,0.5154236555099487,-0.06927619874477386,0.32053428888320923,0.5955252051353455,-0.08128515630960464,0.32833507657051086,0.6748399138450623,-0.07589833438396454,0.271466463804245,0.6026312112808228,-0.03343607857823372,0.2876195013523102,0.6367545127868652,-0.0804823487997055,0.3106672465801239,0.7422036528587341,-0.08647421002388,0.33020690083503723,0.8153313398361206,-0.07544708251953125,0.2369978129863739,0.6352127194404602,-0.04246826469898224,0.26838430762290955,0.6892210841178894,-0.07494033873081207,0.29618626832962036,0.7656617164611816,-0.07877019792795181,0.3174813985824585,0.8119391202926636,-0.07193875312805176
N,0.28946858644485474,0.7400572299957275,-1.0274312245428519e-07,0.3368822932243347,0.6875646114349365,-0.019220666959881783,0.35304248332977295,0.5920314788818359,-0.028100276365876198,0.31790757179260254,0.5190550088882446,-0.03649648651480675,0.2880101799964905,0.47184810042381287,-0.041592687368392944,0.354367196559906,0.5226580500602722,-0.013895763084292412,0.35978731513023376,0.4471907913684845,-0.044756416231393814,0.33907145261764526,0.48051440715789795,-0.06120797246694565,0.3262981176376343,0.5378185510635376,-0.06595161557197571,0.3130648732185364,0.5158010125160217,-0.015268152579665184,0.3144449293613434,0.4361118972301483,-0.04839352145791054,0.3062763810157776,0.47838497161865234,-0.058560606092214584,0.3067459762096405,0.5367552042007446,-0.05550233647227287,0.2741538882255554,0.5211911797523499,-0.02077062427997589,0.2799225151538849,0.519882082939148,-0.05759209394454956,0.2908543348312378,0.6062332391738892,-0.0605899803340435,0.3027763068675995,0.67414790391922,-0.05042807757854462,0.23848873376846313,0.5395081639289856,-0.027447432279586792,0.25831493735313416,0.55355304479599,-0.05374940112233162,0.2740064263343811,0.6178006529808044,-0.05448128655552864,0.2869931161403656,0.6622500419616699,-0.04693898186087608
N,0.45041924715042114,0.7476519346237183,-8.873435319856071e-08,0.5064380168914795,0.7094275951385498,-0.015941573306918144,0.5403170585632324,0.6302706003189087,-0.026229100301861763,0.5259501934051514,0.5559090971946716,-0.038175325840711594,0.4969380795955658,0.5102541446685791,-0.04685400426387787,0.5298814177513123,0.5015910863876343,-0.009221559390425682,0.5576457381248474,0.45336031913757324,-0.046720750629901886,0.5500999689102173,0.5076247453689575,-0.06759154051542282,0.5376538038253784,0.5754023790359497,-0.07266923785209656,0.48852697014808655,0.47894853353500366,-0.014647900126874447,0.5123557448387146,0.42385607957839966,-0.05350937321782112,0.5133103132247925,0.48795098066329956,-0.06604498624801636,0.5143699645996094,0.5669505000114441,-0.06059827283024788,0.44906312227249146,0.48190292716026306,-0.024782324209809303,0.4761649966239929,0.5376201272010803,-0.0647522509098053,0.4907281994819641,0.6277704834938049,-0.0706562027335167,0.5025588274002075,0.6971721053123474,-0.059340160340070724,0.4153984785079956,0.5065905451774597,-0.036060065031051636,0.449754536151886,0.5700961351394653,-0.05837787687778473,0.46497562527656555,0.6369034051895142,-0.05786358192563057,0.47612929344177246,0.6818008422851562,-0.04827313497662544
N,0.671873152256012,0.7689762711524963,-6.141169706097571e-08,0.7367505431175232,0.7689511775970459,-0.014201374724507332,0.7929382920265198,0.7131680846214294,-0.023737553507089615,0.8036654591560364,0.6337857842445374,-0.03550631180405617,0.7839480638504028,0.5729493498802185,-0.04452349245548248,0.8091800808906555,0.5671334266662598,-0.009098080918192863,0.8522597551345825,0.534823477268219,-0.047170937061309814,0.8449141383171082,0.5820186734199524,-0.06859289109706879,0.8233047127723694,0.6377115249633789,-0.07374303787946701,0.770524263381958,0.518816351890564,-0.015776915475726128,0.8079531788825989,0.4816172122955322,-0.053877510130405426,0.8035338521003723,0.5515137910842896,-0.06547556072473526,0.7900128364562988,0.6290935277938843,-0.05992702394723892,0.7283128499984741,0.4982144236564636,-0.027117716148495674,0.7533218264579773,0.5652685165405273,-0.06801392883062363,0.7524611949920654,0.6686835289001465,-0.07346612960100174,0.7476623058319092,0.7447624206542969,-0.06181976571679115,0.6867101192474365,0.5046283602714539,-0.03943256661295891,0.7161993980407715,0.5898354649543762,-0.06475241482257843,0.7201271653175354,0.673338770866394,-0.06505424529314041,0.7199927568435669,0.7294263243675232,-0.05526850372552872
N,0.6048150062561035,0.6407698392868042,3.877816823205649e-08,0.6666746139526367,0.6222290992736816,-0.01227340754121542,0.7139099836349487,0.560324490070343,-0.019450102001428604,0.711496114730835,0.49038517475128174,-0.02933354675769806,0.6857109069824219,0.4483555555343628,-0.03692236170172691,0.717464804649353,0.43017226457595825,-0.004933900199830532,0.7507549524307251,0.37425804138183594,-0.036666788160800934,0.7443307042121887,0.40907636284828186,-0.054603446274995804,0.7282806038856506,0.4584968686103821,-0.05867845565080643,0.6773882508277893,0.3951597511768341,-0.011736903339624405,0.7082265019416809,0.33326974511146545,-0.04562564939260483,0.7060489654541016,0.3929094076156616,-0.05731493979692459,0.6963779926300049,0.46390098333358765,-0.05310364440083504,0.6355112791061401,0.380851149559021,-0.022464025765657425,0.6567286849021912,0.4239726960659027,-0.0607234463095665,0.6588121056556702,0.5173263549804688,-0.06652834266424179,0.6552647948265076,0.5875728726387024,-0.05578038468956947,0.594796359539032,0.3887109160423279,-0.033800575882196426,0.6217151880264282,0.4361095428466797,-0.05713736265897751,0.6299850940704346,0.5125662088394165,-0.05567380040884018,0.6312745213508606,0.5711990594863892,-0.04528496786952019
N,0.37515029311180115,0.5677244663238525,-1.0294861851889436e-07,0.43007946014404297,0.5273065567016602,-0.01515595056116581,0.4621855616569519,0.43642139434814453,-0.022689003497362137,0.435302197933197,0.358529269695282,-0.03185322880744934,0.40154942870140076,0.31205734610557556,-0.038512080907821655,0.46240800619125366,0.34698155522346497,-0.005413370672613382,0.47279736399650574,0.2782652676105499,-0.03580234572291374,0.4474644362926483,0.31577858328819275,-0.05379991978406906,0.42940694093704224,0.37485772371292114,-0.059557389467954636,0.4191111624240875,0.33448848128318787,-0.010769860818982124,0.4252820909023285,0.25770556926727295,-0.045437563210725784,0.41446423530578613,0.30540215969085693,-0.05894351750612259,0.4116295576095581,0.37323465943336487,-0.05720093846321106,0.3777519464492798,0.33528968691825867,-0.020347705110907555,0.3818002939224243,0.3446718454360962,-0.05936511605978012,0.3870278596878052,0.43580007553100586,-0.06534453481435776,0.39428097009658813,0.5085070729255676,-0.056138861924409866,0.3390670418739319,0.3497737944126129,-0.030626347288489342,0.35445475578308105,0.3682900071144104,-0.05669630318880081,0.36411052942276,0.4388771653175354,-0.05632641166448593,0.3730834126472473,0.4901708960533142,-0.04783111438155174
N,0.32218119502067566,0.5744693279266357,-8.896917336187471e-08,0.36264482140541077,0.5365000367164612,-0.007515520788729191,0.3887145221233368,0.47486230731010437,-0.01090578455477953,0.37923768162727356,0.42599886655807495,-0.01657271198928356,0.35511499643325806,0.40911418199539185,-0.02110382728278637,0.3751901090145111,0.3852744400501251,0.0010925217065960169,0.3878261148929596,0.3395676016807556,-0.01940309628844261,0.38145169615745544,0.36951780319213867,-0.032709404826164246,0.3739926218986511,0.4120611250400543,-0.036883845925331116,0.34539252519607544,0.3813000023365021,-0.0037005438935011625,0.355718195438385,0.3365672826766968,-0.024684563279151917,0.35576120018959045,0.3727383315563202,-0.033768974244594574,0.3553095757961273,0.42046815156936646,-0.03298168629407883,0.3162049353122711,0.39142951369285583,-0.011274266056716442,0.3288189768791199,0.4061248004436493,-0.03534650430083275,0.3379197418689728,0.46587711572647095,-0.039305731654167175,0.3432624042034149,0.5154374837875366,-0.03307170048356056,0.28855887055397034,0.4130669832229614,-0.019346531480550766,0.3064415156841278,0.42420971393585205,-0.03447824344038963,0.31819674372673035,0.4691145420074463,-0.0330553837120533,0.3250817358493805,0.5057982802391052,-0.026310263201594353
N,0.29494237899780273,0.6399973630905151,-7.308898375413264e-08,0.32901933789253235,0.6118209362030029,-0.010360068641602993,0.34896788001060486,0.5742321610450745,-0.018547967076301575,0.3495844900608063,0.538279116153717,-0.02749873884022236,0.34137725830078125,0.5122833847999573,-0.03458280861377716,0.3358643651008606,0.4692728519439697,-0.00817943550646305,0.3588549494743347,0.47013059258461,-0.030319808050990105,0.36019185185432434,0.5138011574745178,-0.04446838051080704,0.35668444633483887,0.5536620020866394,-0.04958408325910568,0.3122042417526245,0.46418485045433044,-0.011290198192000389,0.3338668644428253,0.4672695994377136,-0.03419113531708717,0.34001174569129944,0.5138415694236755,-0.04256691411137581,0.3435286581516266,0.5572656393051147,-0.04165765643119812,0.2897586226463318,0.4775238633155823,-0.017086997628211975,0.3133653700351715,0.5182154774665833,-0.03937290981411934,0.3273990750312805,0.5690966248512268,-0.04279724135994911,0.3372148275375366,0.6070699691772461,-0.03751232847571373,0.2716963291168213,0.5050064325332642,-0.02377050556242466,0.291921466588974,0.5321161150932312,-0.03596353158354759,0.30434975028038025,0.5587950348854065,-0.036068350076675415,0.31339502334594727,0.5775830149650574,-0.03152007609605789
N,0.28547483682632446,0.6545014381408691,-6.551726272618907e-08,0.31404247879981995,0.6274141669273376,-0.008822181262075901,0.3345487713813782,0.5781869888305664,-0.01347773801535368,0.3251672387123108,0.5410046577453613,-0.019069664180278778,0.3048055171966553,0.5307349562644958,-0.023455211892724037,0.316890686750412,0.5097033977508545,-0.0038751917891204357,0.32571855187416077,0.4646342992782593,-0.019744999706745148,0.32475125789642334,0.4975154399871826,-0.02917463518679142,0.321595698595047,0.5329281687736511,-0.03201288357377052,0.29425379633903503,0.509225070476532,-0.006407404318451881,0.3028806447982788,0.4649217128753662,-0.022821053862571716,0.30558526515960693,0.5051020383834839,-0.028912050649523735,0.3061370253562927,0.5440816879272461,-0.02773594669997692,0.2717398703098297,0.5191944241523743,-0.011000492610037327,0.2845504581928253,0.5099211931228638,-0.0295893345028162,0.29099324345588684,0.5610361099243164,-0.030415013432502747,0.2928374111652374,0.5995480418205261,-0.02448461949825287,0.24976056814193726,0.5380015969276428,-0.015998031944036484,0.26557525992393494,0.5333916544914246,-0.02809181623160839,0.27572956681251526,0.5697503685951233,-0.02561994642019272,0.280266135931015,0.5987881422042847,-0.019524380564689636
N,0.26063671708106995,0.8246693015098572,-1.3333225012956973e-07,0.2997501492500305,0.7882431745529175,-0.010790268890559673,0.3240322470664978,0.7217653393745422,-0.01573043130338192,0.3142181932926178,0.6724796891212463,-0.021778305992484093,0.2890222668647766,0.6510588526725769,-0.025883149355649948,0.3119979202747345,0.6338516473770142,-0.007710483390837908,0.32320380210876465,0.58028644323349,-0.031919822096824646,0.3123416304588318,0.6212136149406433,-0.04448504373431206,0.30365657806396484,0.6704211235046387,-0.0471160002052784,0.2786552906036377,0.6253426671028137,-0.011227351613342762,0.28326869010925293,0.5737134218215942,-0.03759467974305153,0.2820134162902832,0.6220403909683228,-0.04537783935666084,0.283895343542099,0.6768655776977539,-0.04153568670153618,0.24679924547672272,0.6316508650779724,-0.017691873013973236,0.2562618851661682,0.6612436771392822,-0.04719528928399086,0.26787129044532776,0.7327837347984314,-0.05097758024930954,0.27652257680892944,0.785776674747467,-0.042653393000364304,0.21907085180282593,0.6511129140853882,-0.02465265616774559,0.23601701855659485,0.6781389117240906,-0.04379754513502121,0.24799847602844238,0.7323205471038818,-0.043295495212078094,0.2552753686904907,0.7721512317657471,-0.03588518872857094
N,0.34099280834198,0.8849346041679382,-1.593829068724517e-07,0.3913939297199249,0.8317177295684814,-0.019493434578180313,0.4205489754676819,0.7594515085220337,-0.03545065224170685,0.41489091515541077,0.7004281878471375,-0.05127657949924469,0.39175254106521606,0.6683390736579895,-0.06353022158145905,0.3823566734790802,0.5798749923706055,-0.016841957345604897,0.4223755896091461,0.5812797546386719,-0.05479812249541283,0.43231400847435,0.6600892543792725,-0.07872194796800613,0.4315803647041321,0.7259174585342407,-0.08796747028827667,0.34223976731300354,0.5847917795181274,-0.02113482542335987,0.38077229261398315,0.594394862651825,-0.056508250534534454,0.3955884277820587,0.680380642414093,-0.06641224026679993,0.40245866775512695,0.7474616765975952,-0.0633944720029831,0.30843836069107056,0.6212959885597229,-0.03015020675957203,0.35579028725624084,0.6840997934341431,-0.0637587159872055,0.38000667095184326,0.7657917141914368,-0.06383500248193741,0.39296677708625793,0.8191853761672974,-0.053151685744524,0.2859959006309509,0.6788926720619202,-0.04121625795960426,0.3317808508872986,0.731774091720581,-0.06043771654367447,0.3548835813999176,0.7889591455459595,-0.05788370594382286,0.36675313115119934,0.8236366510391235,-0.04862404242157936
N,0.41906246542930603,0.8712210655212402,-8.168715481815525e-08,0.49623286724090576,0.8319987058639526,-0.020294738933444023,0.5475917458534241,0.7609823346138,-0.03721276670694351,0.5651600956916809,0.7066821455955505,-0.055164188146591187,0.5552462339401245,0.667995035648346,-0.06868692487478256,0.5116787552833557,0.5426865816116333,-0.01788177900016308,0.5694196224212646,0.5695591568946838,-0.06194785609841347,0.5742735266685486,0.6633524298667908,-0.08776989579200745,0.5669766664505005,0.7428104281425476,-0.09696553647518158,0.46921011805534363,0.5292954444885254,-0.025090783834457397,0.5232903957366943,0.5670521259307861,-0.07087735831737518,0.5286991000175476,0.6703060865402222,-0.0839240700006485,0.5278823375701904,0.7571673393249512,-0.07939441502094269,0.43121907114982605,0.5600859522819519,-0.037550535053014755,0.48504096269607544,0.6743039488792419,-0.08081652969121933,0.5007922649383545,0.788264811038971,-0.08344463258981705,0.5108855962753296,0.863713264465332,-0.07060941308736801,0.40487539768218994,0.6182488203048706,-0.05221283435821533,0.45515087246894836,0.7315425276756287,-0.07707066088914871,0.4735739529132843,0.8076285719871521,-0.07735137641429901,0.48656201362609863,0.8493824005126953,-0.068040631711483
N,0.5339869260787964,0.9022295475006104,-1.8945523549973586e-07,0.6013919711112976,0.9024760723114014,-0.022321278229355812,0.6630856394767761,0.8560365438461304,-0.039074406027793884,0.6795676946640015,0.7956343293190002,-0.05749798193573952,0.6583710312843323,0.7425649762153625,-0.07179693132638931,0.6800331473350525,0.6286677122116089,-0.017093611881136894,0.7163596749305725,0.6078972220420837,-0.06405875086784363,0.6977890133857727,0.686543881893158,-0.09160536527633667,0.6739999055862427,0.7608641982078552,-0.10050158202648163,0.6301441192626953,0.5795903205871582,-0.02386689931154251,0.6560745239257812,0.5683619379997253,-0.07169977575540543,0.6490362286567688,0.6693755388259888,-0.08576757460832596,0.6402290463447571,0.7635044455528259,-0.0801985114812851,0.5779244899749756,0.5687580704689026,-0.03662841022014618,0.5955084562301636,0.6660910844802856,-0.08324627578258514,0.6009921431541443,0.794916570186615,-0.08722494542598724,0.60382080078125,0.8852970004081726,-0.07351071387529373,0.5308169722557068,0.5942217707633972,-0.05179055780172348,0.555711567401886,0.7015286684036255,-0.08035039901733398,0.5647967457771301,0.799881637096405,-0.08110944926738739,0.5719390511512756,0.8609763979911804,-0.07067449390888214
N,0.7470142245292664,0.79707270860672,1.048766762323794e-07,0.823377788066864,0.8119569420814514,-0.01793605461716652,0.8839951157569885,0.7428489327430725,-0.029781166464090347,0.8858013153076172,0.6404833793640137,-0.043257828801870346,0.8668142557144165,0.5592230558395386,-0.0532740019261837,0.890413224697113,0.612578809261322,-0.01850023679435253,0.9466741681098938,0.5720210075378418,-0.06357502937316895,0.94875568151474,0.6188952326774597,-0.08686772733926773,0.9294638633728027,0.6826890110969543,-0.09180121123790741,0.8531853556632996,0.5581957697868347,-0.025159591808915138,0.9121899008750916,0.5135253667831421,-0.07403741031885147,0.9132680892944336,0.5855509638786316,-0.08827035874128342,0.8958722949028015,0.6717149019241333,-0.08158722519874573,0.8139930963516235,0.5318777561187744,-0.0366615429520607,0.8546008467674255,0.6101707816123962,-0.08650318533182144,0.8532506823539734,0.7213270664215088,-0.09339700639247894,0.8456241488456726,0.8016806840896606,-0.0802290290594101,0.7771355509757996,0.5342827439308167,-0.04923243820667267,0.813897430896759,0.6442055106163025,-0.07908321171998978,0.8096585273742676,0.7340750694274902,-0.08051981776952744,0.8015342950820923,0.7924389243125916,-0.07077855616807938
N,0.6656969785690308,0.552558422088623,2.058979120533877e-08,0.7309882044792175,0.5447002649307251,-0.01285600010305643,0.7856848239898682,0.47819045186042786,-0.019917268306016922,0.7855416536331177,0.3931058943271637,-0.029060572385787964,0.7612346410751343,0.335600346326828,-0.03555634245276451,0.7855000495910645,0.3598484992980957,-0.009376837871968746,0.8267305493354797,0.29901647567749023,-0.044206809252500534,0.8243793249130249,0.33708757162094116,-0.06241288408637047,0.8057885766029358,0.3905862271785736,-0.06532994657754898,0.7481979131698608,0.31976234912872314,-0.015147495083510876,0.7847130298614502,0.2546130418777466,-0.049846064299345016,0.7855359315872192,0.31201133131980896,-0.05997632443904877,0.7745941281318665,0.38216954469680786,-0.054598189890384674,0.7098038196563721,0.30143341422080994,-0.02500014379620552,0.7357836365699768,0.3488195538520813,-0.06402815133333206,0.7332769632339478,0.44375836849212646,-0.06869060546159744,0.7248247861862183,0.5142456293106079,-0.057127695530653,0.6722819805145264,0.30452749133110046,-0.03563372790813446,0.7019482851028442,0.3722341060638428,-0.059964340180158615,0.7049917578697205,0.45206061005592346,-0.05968469753861427,0.7013686299324036,0.5082184076309204,-0.05014502629637718
N,0.4397163987159729,0.5434495806694031,1.613483924245429e-08,0.4990876615047455,0.4982143044471741,-0.01319754496216774,0.5378510355949402,0.4167174696922302,-0.020545663312077522,0.520262598991394,0.35011258721351624,-0.030244363471865654,0.48778703808784485,0.316197007894516,-0.03864895924925804,0.5146790146827698,0.29653477668762207,-0.0036977657582610846,0.5336506366729736,0.23362532258033752,-0.03227030485868454,0.5285770297050476,0.2689659595489502,-0.05143259838223457,0.5228732824325562,0.32019105553627014,-0.0589517317712307,0.47458845376968384,0.28231221437454224,-0.01000708807259798,0.4951331913471222,0.21823495626449585,-0.04032963141798973,0.4954959452152252,0.2635502219200134,-0.05569954216480255,0.49243679642677307,0.3281860649585724,-0.05712960660457611,0.43514516949653625,0.28683149814605713,-0.019949564710259438,0.45208901166915894,0.30386653542518616,-0.05461381375789642,0.458690345287323,0.38346365094184875,-0.0620427243411541,0.4615321755409241,0.44840940833091736,-0.055766213685274124,0.3985109329223633,0.31158116459846497,-0.03063517063856125,0.4233071506023407,0.33759382367134094,-0.05501528084278107,0.4349692165851593,0.40716707706451416,-0.05553937703371048,0.4420167803764343,0.4625069797039032,-0.04819098860025406
N,0.3311532139778137,0.6809728145599365,-1.7655595740961871e-07,0.3806554973125458,0.6323031187057495,-0.009095802903175354,0.41138625144958496,0.561138927936554,-0.016970457509160042,0.41313883662223816,0.5052007436752319,-0.02835599146783352,0.38899338245391846,0.47721514105796814,-0.03722342103719711,0.3862394094467163,0.4109676480293274,-0.0028095808811485767,0.3995935320854187,0.35833287239074707,-0.03419986739754677,0.4016074240207672,0.41499418020248413,-0.05245671048760414,0.40019479393959045,0.4752560257911682,-0.0572514645755291,0.3468591570854187,0.40528935194015503,-0.01061111968010664,0.35653388500213623,0.35575857758522034,-0.04429272934794426,0.36711251735687256,0.4206498861312866,-0.05554616078734398,0.3773568868637085,0.4919634163379669,-0.051631465554237366,0.3099263608455658,0.42021074891090393,-0.022189244627952576,0.33712488412857056,0.46748417615890503,-0.05698119103908539,0.35653015971183777,0.5538910627365112,-0.06174945831298828,0.36966168880462646,0.6195594072341919,-0.0518011748790741,0.2796899974346161,0.4531104564666748,-0.034771278500556946,0.3133036196231842,0.5003384947776794,-0.054622769355773926,0.3335569500923157,0.5627031922340393,-0.054601043462753296,0.34748393297195435,0.6071885824203491,-0.0464170016348362
N,0.2572144567966461,0.6711187362670898,-1.0509283043802498e-07,0.3013070821762085,0.6280715465545654,-0.00952922087162733,0.3300284147262573,0.5564204454421997,-0.013810684904456139,0.325657457113266,0.501227617263794,-0.02018427662551403,0.298189252614975,0.48272132873535156,-0.02480221353471279,0.3085329532623291,0.4568403959274292,-0.0005945272278040648,0.3166100084781647,0.3953421711921692,-0.0252685509622097,0.30865371227264404,0.43705669045448303,-0.04010891169309616,0.3003479242324829,0.4890621304512024,-0.04406270757317543,0.27471962571144104,0.45279350876808167,-0.005530585069209337,0.2797653079032898,0.3882112503051758,-0.03123640827834606,0.2805948257446289,0.4340590834617615,-0.04144414886832237,0.2825620472431183,0.4910787343978882,-0.03931354358792305,0.2417040914297104,0.4639701247215271,-0.013695531524717808,0.2532116174697876,0.4764534831047058,-0.042014941573143005,0.2670556902885437,0.5444865822792053,-0.04660411924123764,0.27697551250457764,0.5987814664840698,-0.03910432755947113,0.2114340215921402,0.48858311772346497,-0.02250208519399166,0.23013439774513245,0.5047917366027832,-0.04047796130180359,0.24731439352035522,0.5546116232872009,-0.039770305156707764,0.2590639293193817,0.5922856330871582,-0.03247884660959244
N,0.2529135048389435,0.7009173631668091,-8.953228558539195e-08,0.2907201051712036,0.6556158065795898,-0.008992080576717854,0.3140639364719391,0.592711865901947,-0.0167568139731884,0.31437063217163086,0.5424867272377014,-0.026575570926070213,0.29293397068977356,0.5241610407829285,-0.03453218191862106,0.27856698632240295,0.4801561236381531,-0.006004690658301115,0.29414838552474976,0.4390794038772583,-0.03141913190484047,0.2991350591182709,0.48194482922554016,-0.047471918165683746,0.299305260181427,0.5292491316795349,-0.05306826904416084,0.24674315750598907,0.4801860451698303,-0.01168433204293251,0.2614894211292267,0.44633591175079346,-0.03684241324663162,0.27300766110420227,0.4923662841320038,-0.04612724855542183,0.2817443907260895,0.5443695783615112,-0.0447445772588253,0.21904054284095764,0.49897244572639465,-0.020321087911725044,0.2481343001127243,0.5262811779975891,-0.04504603520035744,0.2665935158729553,0.5840296745300293,-0.048381999135017395,0.278035432100296,0.629295825958252,-0.04214362055063248,0.1981867104768753,0.5328466892242432,-0.0300297848880291,0.23145997524261475,0.5639777183532715,-0.0445115752518177,0.2502879798412323,0.6055984497070312,-0.04453099146485329,0.2620403468608856,0.6343348622322083,-0.03905565291643143
N,0.2891610860824585,0.6360610127449036,-2.998172732304738e-08,0.322576105594635,0.6014953255653381,-0.008951066993176937,0.3403697907924652,0.5440443754196167,-0.01436286699026823,0.3299015164375305,0.5010157227516174,-0.020662158727645874,0.31082063913345337,0.47645771503448486,-0.024978240951895714,0.321785569190979,0.46103617548942566,-0.005447205621749163,0.3407081067562103,0.43046122789382935,-0.027154598385095596,0.34252896904945374,0.4662827253341675,-0.03927890956401825,0.3391188383102417,0.5072348117828369,-0.042660921812057495,0.29537734389305115,0.45476865768432617,-0.0087964478880167,0.312404066324234,0.4254471957683563,-0.03118032217025757,0.3205452263355255,0.466099351644516,-0.03792409226298332,0.3262861967086792,0.5117413997650146,-0.03497549146413803,0.27207642793655396,0.46511954069137573,-0.014960878528654575,0.29902058839797974,0.49653229117393494,-0.038054510951042175,0.31296679377555847,0.550046443939209,-0.04114224761724472,0.3213771879673004,0.5894998908042908,-0.034994661808013916,0.2534898519515991,0.4889470934867859,-0.021939778700470924,0.28506940603256226,0.5288932919502258,-0.03634431213140488,0.29907897114753723,0.5701870322227478,-0.037593431770801544,0.3068705201148987,0.5962509512901306,-0.033182453364133835
N,0.3531278073787689,0.4716220498085022,-1.6291298976511825e-08,0.3937588930130005,0.4505394697189331,-0.006147467996925116,0.42331045866012573,0.4021848738193512,-0.009752141311764717,0.428926020860672,0.3581410348415375,-0.015777025371789932,0.41676074266433716,0.328717440366745,-0.02020631730556488,0.4171818792819977,0.30957740545272827,-0.0015373008791357279,0.4363516569137573,0.2646588981151581,-0.022722473368048668,0.43431204557418823,0.2988356351852417,-0.03439028188586235,0.42730820178985596,0.3384106755256653,-0.036368776112794876,0.39065930247306824,0.29507696628570557,-0.006526709068566561,0.40802791714668274,0.25339946150779724,-0.02834632247686386,0.4108956754207611,0.2954060435295105,-0.03631443530321121,0.41040706634521484,0.34200650453567505,-0.03375490382313728,0.36283138394355774,0.2933369278907776,-0.01405986025929451,0.38317060470581055,0.3242456316947937,-0.03853917121887207,0.3899562954902649,0.3896346092224121,-0.04231156036257744,0.39243465662002563,0.43868541717529297,-0.03514958173036575,0.33679652214050293,0.3045061230659485,-0.021965734660625458,0.36093753576278687,0.33350491523742676,-0.03578680008649826,0.3718010485172272,0.3770844340324402,-0.0347086638212204,0.376865416765213,0.40966081619262695,-0.0280102901160717
N,0.43802717328071594,0.5405341982841492,-6.360924942327983e-08,0.47949203848838806,0.519451379776001,-0.008840124122798443,0.5112355947494507,0.47346413135528564,-0.015511220321059227,0.5126155018806458,0.42309436202049255,-0.024206113070249557,0.49771589040756226,0.38960787653923035,-0.031163251027464867,0.5035369396209717,0.3665783703327179,-0.004281250759959221,0.5244460701942444,0.32706207036972046,-0.028063789010047913,0.5244188904762268,0.3591756522655487,-0.04246533662080765,0.5190510153770447,0.4002892076969147,-0.04670710489153862,0.47597557306289673,0.35009902715682983,-0.009218420833349228,0.49629440903663635,0.30572694540023804,-0.03426467627286911,0.5007227063179016,0.35052987933158875,-0.04332536831498146,0.5003276467323303,0.40592315793037415,-0.0409766286611557,0.44856229424476624,0.3498228192329407,-0.016888950020074844,0.47040989995002747,0.3754873275756836,-0.043739426881074905,0.47888070344924927,0.44190946221351624,-0.047563787549734116,0.48137545585632324,0.49496662616729736,-0.040186867117881775,0.4233860671520233,0.3663509488105774,-0.025234278291463852,0.44781890511512756,0.3995140790939331,-0.04202428460121155,0.4563003480434418,0.45279282331466675,-0.041628167033195496,0.4588261544704437,0.4938602149486542,-0.034811630845069885
N,0.5435152053833008,0.4154433012008667,6.82906033944164e-08,0.579779863357544,0.40827518701553345,-0.006472424603998661,0.6088961362838745,0.3748829960823059,-0.009273299016058445,0.6155604720115662,0.33424612879753113,-0.013781152665615082,0.6141630411148071,0.3011341989040375,-0.017408398911356926,0.6028880476951599,0.30712902545928955,-0.00031442209728993475,0.61733078956604,0.2674579918384552,-0.01754649169743061,0.6223318576812744,0.28803908824920654,-0.028512023389339447,0.6210223436355591,0.31767281889915466,-0.03174279257655144,0.5847030878067017,0.29344457387924194,-0.003308941377326846,0.6043534874916077,0.2508293092250824,-0.021649377420544624,0.6077175140380859,0.28410670161247253,-0.02969784289598465,0.6044122576713562,0.3229151964187622,-0.02907109633088112,0.5645926594734192,0.2867100238800049,-0.008465541526675224,0.5839640498161316,0.29206421971321106,-0.029260879382491112,0.5841675400733948,0.34111666679382324,-0.031491704285144806,0.5798187255859375,0.3777332305908203,-0.02533908188343048,0.5427401661872864,0.28894275426864624,-0.0138655174523592,0.5633148550987244,0.2987608015537262,-0.026854153722524643,0.5664089918136597,0.3362014889717102,-0.024922318756580353,0.5636178255081177,0.3643735349178314,-0.018634941428899765
N,0.7143866419792175,0.4104779064655304,8.987386834746758e-09,0.7527161836624146,0.4213446080684662,-0.006203966215252876,0.7875149846076965,0.40466398000717163,-0.011281685903668404,0.8044859170913696,0.37549692392349243,-0.018567867577075958,0.8057363033294678,0.34286293387413025,-0.024769585579633713,0.7985973358154297,0.3000328540802002,-0.0026846732944250107,0.8221695423126221,0.298353374004364,-0.02282227948307991,0.8220956921577454,0.3333597183227539,-0.03586938977241516,0.8147374987602234,0.3651355504989624,-0.0400100015103817,0.780855655670166,0.27431046962738037,-0.007404876872897148,0.8070918321609497,0.28270435333251953,-0.02751941792666912,0.8060336112976074,0.3259445130825043,-0.03527141362428665,0.797691285610199,0.36814674735069275,-0.03374883532524109,0.7588378190994263,0.2631743848323822,-0.014407150447368622,0.774254322052002,0.3190043270587921,-0.03521315008401871,0.7669537663459778,0.3750699758529663,-0.03703971207141876,0.7580952644348145,0.41487106680870056,-0.030196096748113632,0.7360684871673584,0.26761969923973083,-0.02208421379327774,0.7511709928512573,0.31946203112602234,-0.03337894380092621,0.7490622401237488,0.36131688952445984,-0.03106217086315155,0.744565486907959,0.3903462886810303,-0.024168336763978004
N,0.7103040218353271,0.434375524520874,-7.144831215555314e-08,0.7503401637077332,0.45187458395957947,-0.009796956554055214,0.7917144298553467,0.42563530802726746,-0.013921432197093964,0.8026567697525024,0.3709105849266052,-0.018893852829933167,0.7908111214637756,0.3271244764328003,-0.021904313936829567,0.8100003600120544,0.36394932866096497,-0.006051667034626007,0.8419855237007141,0.3352588713169098,-0.02861633151769638,0.8262428045272827,0.3425149917602539,-0.04013707861304283,0.8037285208702087,0.3619133532047272,-0.042348846793174744,0.7907593250274658,0.32250332832336426,-0.009256577119231224,0.8187649846076965,0.286262184381485,-0.032633353024721146,0.8048016428947449,0.30889439582824707,-0.03905286267399788,0.7867294549942017,0.3442259728908539,-0.035109538584947586,0.76834636926651,0.29425016045570374,-0.015312505885958672,0.7703624367713928,0.3228476643562317,-0.04035460948944092,0.7551854848861694,0.375545471906662,-0.042880430817604065,0.742020308971405,0.41624414920806885,-0.03510105609893799,0.744032621383667,0.279046893119812,-0.0221826434135437,0.7473908066749573,0.32331979274749756,-0.037616755813360214,0.7395622730255127,0.36927923560142517,-0.03738068789243698,0.7334555983543396,0.40054842829704285,-0.03133893385529518
N,0.49949365854263306,0.5009106397628784,-1.221906131831929e-07,0.5380035638809204,0.4950885474681854,-0.006680448539555073,0.5723682045936584,0.46053576469421387,-0.01065562292933464,0.5823085904121399,0.4201960563659668,-0.01683412678539753,0.5736827850341797,0.38229063153266907,-0.021412506699562073,0.5782221555709839,0.3707386553287506,-0.0023358215112239122,0.5978056192398071,0.32178932428359985,-0.022175710648298264,0.5800858736038208,0.35002022981643677,-0.03402557224035263,0.5653645992279053,0.3849126398563385,-0.03835836052894592,0.551697313785553,0.34834715723991394,-0.0082399882376194,0.5690786242485046,0.297122597694397,-0.030613096430897713,0.5552681684494019,0.3371531367301941,-0.039014559239149094,0.5450838208198547,0.3807690441608429,-0.038454536348581314,0.5237443447113037,0.3368993103504181,-0.01663251966238022,0.5283427834510803,0.3202551007270813,-0.04008673131465912,0.5215002298355103,0.37584418058395386,-0.042163506150245667,0.5179627537727356,0.4197894036769867,-0.03658335283398628,0.4960438013076782,0.337124228477478,-0.025362327694892883,0.5019096732139587,0.3374597430229187,-0.04125957936048508,0.5003206133842468,0.3865688443183899,-0.03991377726197243,0.5000740885734558,0.4247315227985382,-0.03425268083810806
N,0.41023269295692444,0.8102948665618896,-1.6329694574324094e-07,0.4576192796230316,0.7788162231445312,-0.010580712929368019,0.49258750677108765,0.7087129354476929,-0.01753702014684677,0.48961684107780457,0.6520808935165405,-0.026234924793243408,0.4600686728954315,0.627342939376831,-0.03217163681983948,0.4781613349914551,0.5828280448913574,-0.009249101392924786,0.5002647638320923,0.52894526720047,-0.038365162909030914,0.4923281669616699,0.5861444473266602,-0.05359809100627899,0.48285895586013794,0.6447331309318542,-0.05716268718242645,0.44114503264427185,0.5652795433998108,-0.015242652036249638,0.4587189257144928,0.5174995064735413,-0.045347705483436584,0.45991453528404236,0.5812052488327026,-0.053430669009685516,0.4606238007545471,0.6477498412132263,-0.04880465194582939,0.40560680627822876,0.5700807571411133,-0.024653377011418343,0.4272715747356415,0.6126063466072083,-0.05512974038720131,0.43764713406562805,0.6967092156410217,-0.05810999497771263,0.4433329701423645,0.7579383850097656,-0.04909875616431236,0.37626370787620544,0.5943628549575806,-0.0351138673722744,0.40475520491600037,0.6516221761703491,-0.05329454317688942,0.4176902770996094,0.7145164608955383,-0.05356615409255028,0.42489391565322876,0.7566810250282288,-0.04690561071038246
N,0.6186168789863586,0.8868170976638794,-4.629717409443401e-08,0.6794229745864868,0.8820145726203918,-0.011990679427981377,0.7350004315376282,0.8283138871192932,-0.02110626921057701,0.745211124420166,0.7585075497627258,-0.03272585570812225,0.7229811549186707,0.708824634552002,-0.042177945375442505,0.7329002618789673,0.6725947856903076,-0.006938949692994356,0.7737676501274109,0.6479068994522095,-0.04403267800807953,0.772856593132019,0.6989135146141052,-0.06529464572668076,0.7591440081596375,0.7561482191085815,-0.0709119439125061,0.6956678628921509,0.6306722164154053,-0.014645635150372982,0.7387440204620361,0.603339672088623,-0.051978014409542084,0.7390457987785339,0.676259458065033,-0.06256992369890213,0.7297418117523193,0.754682183265686,-0.05650309845805168,0.6566727161407471,0.6180576086044312,-0.026718100532889366,0.6934494376182556,0.6856639981269836,-0.0642300695180893,0.6910189390182495,0.7865685224533081,-0.0658508911728859,0.6856222748756409,0.8569858074188232,-0.052487242966890335,0.6205701231956482,0.6350270509719849,-0.039945170283317566,0.6550738215446472,0.7190025448799133,-0.06091751530766487,0.656999409198761,0.7934731245040894,-0.05848277360200882,0.6562809348106384,0.8397597074508667,-0.047769226133823395
N,0.7028932571411133,0.6513099670410156,1.3846580770859873e-07,0.7633223533630371,0.6404130458831787,-0.011832271702587605,0.807317316532135,0.574047863483429,-0.01972213014960289,0.8034375905990601,0.500049889087677,-0.029530180618166924,0.781624972820282,0.450248122215271,-0.03734361380338669,0.800784707069397,0.48146724700927734,-0.010278597474098206,0.8376579880714417,0.43183889985084534,-0.04369601234793663,0.845991849899292,0.45929181575775146,-0.06208087503910065,0.8370096683502197,0.5079746246337891,-0.06595269590616226,0.7687395811080933,0.44916456937789917,-0.015959525480866432,0.8055681586265564,0.3883695900440216,-0.0512237511575222,0.8159692287445068,0.4393947720527649,-0.06234948709607124,0.8106549382209778,0.506977915763855,-0.05785347521305084,0.7368424534797668,0.43496283888816833,-0.025188783183693886,0.7710644006729126,0.4719754457473755,-0.06279073655605316,0.7735822200775146,0.5574363470077515,-0.06762975454330444,0.7674688100814819,0.6198127269744873,-0.056901853531599045,0.706961452960968,0.43910109996795654,-0.035127341747283936,0.7428427338600159,0.5029138922691345,-0.05848653241991997,0.7466757297515869,0.5742765665054321,-0.05869432911276817,0.7425873875617981,0.6237283945083618,-0.05011490732431412
N,0.27807196974754333,0.66707444190979,-9.734079498002757e-08,0.31601467728614807,0.6252459287643433,-0.01107358280569315,0.33707958459854126,0.5565668344497681,-0.017079221084713936,0.3265266716480255,0.5047181844711304,-0.024324242025613785,0.30248668789863586,0.4795391261577606,-0.02944784238934517,0.3240327537059784,0.47020965814590454,-0.008183027617633343,0.33634084463119507,0.4174259603023529,-0.03321624919772148,0.3276175558567047,0.45615434646606445,-0.04669392108917236,0.3197210729122162,0.5076049566268921,-0.049964167177677155,0.2909327745437622,0.46438688039779663,-0.011926577426493168,0.29667991399765015,0.41370338201522827,-0.037846799939870834,0.29835906624794006,0.4570152163505554,-0.045557841658592224,0.302990198135376,0.5099066495895386,-0.04230852797627449,0.260198175907135,0.4738301634788513,-0.01869460567831993,0.27457255125045776,0.4975874722003937,-0.047223515808582306,0.2884771525859833,0.5641322731971741,-0.05023829638957977,0.2991839647293091,0.6176244616508484,-0.042171284556388855,0.23360246419906616,0.4969305396080017,-0.026302307844161987,0.2553122639656067,0.5260175466537476,-0.045392222702503204,0.27229517698287964,0.5743342638015747,-0.045776575803756714,0.28453850746154785,0.6102508306503296,-0.03929002955555916
O,0.36764663457870483,0.7235532999038696,1.0340021106003405e-07,0.4158551096916199,0.6782036423683167,0.004196606110781431,0.4504830241203308,0.6081101298332214,0.0022731979843229055,0.47807350754737854,0.5591886043548584,-0.006164075341075659,0.49008867144584656,0.5017665028572083,-0.012992152012884617,0.4019649624824524,0.497831255197525,0.023599276319146156,0.4240979552268982,0.41206371784210205,0.00790835078805685,0.45959317684173584,0.4299152195453644,-0.008447973988950253,0.4792030155658722,0.4648313522338867,-0.016896646469831467,0.38886305689811707,0.4962920546531677,0.010950219817459583,0.4165003001689911,0.3995344638824463,-0.005446096416562796,0.45737868547439575,0.42379844188690186,-0.021703001111745834,0.47616252303123474,0.46858224272727966,-0.029707062989473343,0.37806761264801025,0.500387966632843,-0.0044471281580626965,0.40798550844192505,0.40625572204589844,-0.018651193007826805,0.4502806067466736,0.42783379554748535,-0.027124963700771332,0.470154345035553,0.4709329605102539,-0.02920011803507805,0.3724326491355896,0.5132828950881958,-0.020391369238495827,0.40487927198410034,0.43757662177085876,-0.030363254249095917,0.4392087459564209,0.4446953535079956,-0.03272579237818718,0.4581925868988037,0.47529464960098267,-0.031851254403591156
O,0.352646142244339,0.7135501503944397,8.741356793962041e-08,0.40279722213745117,0.6787847876548767,-0.0025056570302695036,0.4425608515739441,0.6174864768981934,-0.0070800031535327435,0.4742080271244049,0.5643990635871887,-0.017187297344207764,0.4811859428882599,0.5000976920127869,-0.026354892179369926,0.4151967465877533,0.5009291768074036,0.0188355203717947,0.43363577127456665,0.4177963435649872,0.002304879715666175,0.4601987600326538,0.44110655784606934,-0.014548085629940033,0.4728940427303314,0.47782638669013977,-0.02356700599193573,0.4004400372505188,0.49277231097221375,0.008940714411437511,0.4207935035228729,0.3964645266532898,-0.009985060431063175,0.45312052965164185,0.4299923777580261,-0.027789976447820663,0.4664086103439331,0.4801495671272278,-0.03627585247159004,0.38332104682922363,0.4902307689189911,-0.004193962551653385,0.40338677167892456,0.39707618951797485,-0.019751999527215958,0.4393694996833801,0.42967450618743896,-0.028880205005407333,0.4554160535335541,0.4807937443256378,-0.03126039355993271,0.3665071129798889,0.4973350167274475,-0.018610388040542603,0.39043664932250977,0.42242348194122314,-0.03090083971619606,0.4207399785518646,0.43341028690338135,-0.035490795969963074,0.4388119578361511,0.46780434250831604,-0.03613803908228874
O,0.3488118052482605,0.7143815159797668,-4.4652225028585235e-08,0.39973723888397217,0.6879863739013672,-0.009492454119026661,0.44123995304107666,0.6204978823661804,-0.01719297468662262,0.46943536400794983,0.557069718837738,-0.028076978400349617,0.4656352698802948,0.4926047623157501,-0.03830772638320923,0.4232466220855713,0.49632471799850464,-0.004496810957789421,0.43880513310432434,0.39503195881843567,-0.026350103318691254,0.4581441581249237,0.42573732137680054,-0.044262174516916275,0.4607789218425751,0.4694599509239197,-0.05302354693412781,0.4009163975715637,0.4893989562988281,-0.01087131816893816,0.4165635108947754,0.36892300844192505,-0.030800161883234978,0.4394710958003998,0.41532161831855774,-0.045740049332380295,0.44242072105407715,0.46775445342063904,-0.052879076451063156,0.3763687014579773,0.4905029535293579,-0.019816039130091667,0.38874655961990356,0.3777735233306885,-0.035300638526678085,0.4144226014614105,0.4161733388900757,-0.04236098378896713,0.42022213339805603,0.46783512830734253,-0.04448032006621361,0.34919169545173645,0.4997769296169281,-0.030257342383265495,0.3647273778915405,0.41595205664634705,-0.0431261844933033,0.39133724570274353,0.4268709719181061,-0.04829860478639603,0.40459924936294556,0.4597531259059906,-0.050290096551179886
O,0.3429197072982788,0.6996040940284729,-8.069947909916664e-08,0.3922467827796936,0.6773902177810669,-0.014051386155188084,0.4280460476875305,0.6078655123710632,-0.021802706643939018,0.4443622827529907,0.5404856204986572,-0.03169775381684303,0.42490506172180176,0.48665159940719604,-0.04102201759815216,0.41114041209220886,0.4791775643825531,-0.006276015657931566,0.42156222462654114,0.3805586099624634,-0.029069295153021812,0.4311474859714508,0.4007888436317444,-0.048395462334156036,0.4292667508125305,0.450623095035553,-0.05734354630112648,0.3840436637401581,0.47060441970825195,-0.009222123771905899,0.3893798589706421,0.35729843378067017,-0.028839323669672012,0.4035951495170593,0.38927945494651794,-0.04550096392631531,0.4057310223579407,0.4440646171569824,-0.05385361239314079,0.3562517762184143,0.47430700063705444,-0.015157362446188927,0.35785654187202454,0.36613523960113525,-0.03020625188946724,0.37636280059814453,0.38894420862197876,-0.04059404879808426,0.3814767003059387,0.4429304003715515,-0.04503963515162468,0.3258422017097473,0.4880713224411011,-0.022888125851750374,0.32882899045944214,0.4061852991580963,-0.03588259220123291,0.34778255224227905,0.41013842821121216,-0.04329643025994301,0.3596091866493225,0.44555604457855225,-0.046613190323114395
O,0.3384150266647339,0.6687242984771729,-1.6860224150150316e-07,0.3845115303993225,0.6555169224739075,-0.02538914605975151,0.4179057478904724,0.5927957892417908,-0.03495281934738159,0.41454553604125977,0.5155417323112488,-0.04486124590039253,0.404047429561615,0.45053374767303467,-0.0524287223815918,0.4243037700653076,0.4635264575481415,-0.0034261366818100214,0.4378214478492737,0.3698967695236206,-0.025393454357981682,0.4211682975292206,0.3745500147342682,-0.04372299835085869,0.407245934009552,0.4149602949619293,-0.05272012576460838,0.39300915598869324,0.44264668226242065,-0.0013406479265540838,0.4072604179382324,0.3323185443878174,-0.02445332519710064,0.3879171311855316,0.35643136501312256,-0.043071139603853226,0.3795928657054901,0.4079607129096985,-0.05039290711283684,0.3628241717815399,0.43615883588790894,-0.0038132094778120518,0.37334156036376953,0.33984506130218506,-0.02280430495738983,0.3636278808116913,0.35824257135391235,-0.03536803275346756,0.35935765504837036,0.4108961522579193,-0.03884435072541237,0.3327074646949768,0.4446234107017517,-0.008903401903808117,0.33528727293014526,0.36768943071365356,-0.021525664255023003,0.3366721272468567,0.37267059087753296,-0.02761039137840271,0.3402736783027649,0.41075512766838074,-0.02885447070002556
O,0.3251585364341736,0.6480885148048401,-2.8808491947529546e-07,0.3633788824081421,0.6306018233299255,-0.03134400397539139,0.38622209429740906,0.5706380605697632,-0.04651434347033501,0.3685704469680786,0.502878725528717,-0.060490768402814865,0.3446337878704071,0.4443301260471344,-0.07110194861888885,0.4034629166126251,0.43154677748680115,-0.018514301627874374,0.4055561423301697,0.3264043629169464,-0.04870006442070007,0.3696651756763458,0.34895071387290955,-0.06950470060110092,0.3477996289730072,0.39760538935661316,-0.0789530873298645,0.36975178122520447,0.40860241651535034,-0.014701499603688717,0.3673231899738312,0.2984841763973236,-0.04465007036924362,0.3300769627094269,0.32806330919265747,-0.06147139519453049,0.31577470898628235,0.3767883777618408,-0.06585320830345154,0.33872905373573303,0.402166485786438,-0.015927007421851158,0.3335408568382263,0.3112364411354065,-0.0414542518556118,0.30517685413360596,0.34411755204200745,-0.04909312352538109,0.296068400144577,0.3946778178215027,-0.0471261665225029,0.3123679757118225,0.4124508202075958,-0.02015310898423195,0.30013421177864075,0.34827953577041626,-0.03789573162794113,0.2868679463863373,0.3709866404533386,-0.04079485684633255,0.2872009575366974,0.41422930359840393,-0.03754568099975586
O,0.3292783796787262,0.697434663772583,-3.1379980214296666e-07,0.3439546525478363,0.6780349016189575,-0.044415369629859924,0.3424282968044281,0.6173571348190308,-0.06553515046834946,0.3122067451477051,0.5483295321464539,-0.08211851865053177,0.28703224658966064,0.4874335527420044,-0.0951501801609993,0.3813706636428833,0.47631558775901794,-0.03345166891813278,0.3649446368217468,0.3824359178543091,-0.06625355780124664,0.32531148195266724,0.4049273729324341,-0.09082082659006119,0.29784396290779114,0.446401447057724,-0.10355095565319061,0.353329062461853,0.4548299312591553,-0.022525396198034286,0.3331827223300934,0.3534744381904602,-0.05703430622816086,0.29004421830177307,0.3857925236225128,-0.07908487319946289,0.26726120710372925,0.434485524892807,-0.08739066869020462,0.3254983127117157,0.4500091075897217,-0.01706174574792385,0.3053004741668701,0.3660176396369934,-0.04671768471598625,0.26747778058052063,0.39634981751441956,-0.060868870466947556,0.24881058931350708,0.4453619718551636,-0.06310603767633438,0.3013002276420593,0.461717814207077,-0.015164284966886044,0.28306493163108826,0.40234214067459106,-0.036722082644701004,0.2596608102321625,0.42015618085861206,-0.04493327811360359,0.24921539425849915,0.45810186862945557,-0.04565718397498131
O,0.33427971601486206,0.7013186812400818,-4.1746449142010533e-07,0.30661705136299133,0.6839625835418701,-0.07584978640079498,0.26028573513031006,0.6271879076957703,-0.1088525727391243,0.20348191261291504,0.5634064078330994,-0.12564872205257416,0.16847263276576996,0.492249995470047,-0.13480961322784424,0.3359886109828949,0.44782137870788574,-0.09229261428117752,0.2572632133960724,0.3497541546821594,-0.113780677318573,0.21276827156543732,0.39194637537002563,-0.11870073527097702,0.19424749910831451,0.44627732038497925,-0.11886078864336014,0.3280140161514282,0.4170491099357605,-0.056846510618925095,0.24723951518535614,0.3181428015232086,-0.08438573032617569,0.20194204151630402,0.3714798092842102,-0.0929422602057457,0.1869582086801529,0.430630087852478,-0.09520610421895981,0.3133327066898346,0.4114497900009155,-0.024300284683704376,0.24662195146083832,0.3299763798713684,-0.05104856938123703,0.20652706921100616,0.3818492293357849,-0.06177184358239174,0.19336330890655518,0.44350844621658325,-0.06448643654584885,0.296111524105072,0.4203670918941498,0.003794443793594837,0.2520619034767151,0.36242565512657166,-0.024502944201231003,0.2173634022474289,0.3942260444164276,-0.039403412491083145,0.2017154097557068,0.43991348147392273,-0.04482491686940193
O,0.3217621147632599,0.7082406282424927,-5.296468543747324e-07,0.2701204717159271,0.7116804122924805,-0.06585528701543808,0.21363773941993713,0.6685970425605774,-0.10113525390625,0.1618426889181137,0.5994653105735779,-0.11910325288772583,0.1376553773880005,0.528348445892334,-0.12948031723499298,0.3062499761581421,0.5273372530937195,-0.1251731812953949,0.22436019778251648,0.4088587760925293,-0.14524273574352264,0.17655035853385925,0.44052380323410034,-0.13483962416648865,0.15679270029067993,0.4891754686832428,-0.12358587980270386,0.3238435983657837,0.47135230898857117,-0.09414954483509064,0.22895976901054382,0.3542315661907196,-0.1229226142168045,0.17355313897132874,0.4009682536125183,-0.11525037884712219,0.15390977263450623,0.45342573523521423,-0.10613550990819931,0.32345348596572876,0.44199976325035095,-0.06197860836982727,0.23985590040683746,0.3396042585372925,-0.08934508264064789,0.1885432004928589,0.38472098112106323,-0.08518513292074203,0.16808879375457764,0.4415729343891144,-0.07811751216650009,0.3118739724159241,0.4353082776069641,-0.032240450382232666,0.25132864713668823,0.3600776791572571,-0.05966189503669739,0.20561757683753967,0.3874604403972626,-0.06492730975151062,0.18227246403694153,0.42879074811935425,-0.06326722353696823
O,0.35866284370422363,0.6922829747200012,-4.496442329582351e-07,0.336772084236145,0.6986649036407471,-0.07676859200000763,0.296805202960968,0.6580972075462341,-0.11471812427043915,0.24742592871189117,0.5919276475906372,-0.13609610497951508,0.21915119886398315,0.5151620507240295,-0.15091745555400848,0.38409388065338135,0.49076908826828003,-0.10933877527713776,0.31510716676712036,0.3860013782978058,-0.13811242580413818,0.26620084047317505,0.4126221537590027,-0.14506474137306213,0.23902860283851624,0.4593273103237152,-0.1462220698595047,0.37504687905311584,0.4415099322795868,-0.07698830217123032,0.30272480845451355,0.3380228281021118,-0.1105111837387085,0.25117552280426025,0.38262149691581726,-0.11958299577236176,0.22726823389530182,0.44142061471939087,-0.12212646007537842,0.3561742901802063,0.4163637161254883,-0.046919044107198715,0.296075701713562,0.33145642280578613,-0.0779140368103981,0.2511671781539917,0.3771170377731323,-0.08779804408550262,0.22993150353431702,0.4373789429664612,-0.0902424305677414,0.3343268036842346,0.40940946340560913,-0.021031605079770088,0.29444918036460876,0.3507533073425293,-0.0515877865254879,0.26004308462142944,0.38315504789352417,-0.06420652568340302,0.2418844997882843,0.43001195788383484,-0.06810291111469269
O,0.376895546913147,0.6532872915267944,-3.4319640462854295e-07,0.42139774560928345,0.646591305732727,-0.025592435151338577,0.4517391622066498,0.6017500162124634,-0.03993592411279678,0.4405534863471985,0.5453930497169495,-0.0545368567109108,0.42032262682914734,0.4983852207660675,-0.06627298146486282,0.4564748704433441,0.4336579442024231,-0.012467145919799805,0.45184293389320374,0.34290218353271484,-0.04010893777012825,0.4252312183380127,0.3847135901451111,-0.05818413943052292,0.41427770256996155,0.4404999613761902,-0.06638728827238083,0.41869258880615234,0.41424787044525146,-0.012236624956130981,0.41553232073783875,0.31621766090393066,-0.04078499600291252,0.38828548789024353,0.3805381655693054,-0.05300891399383545,0.38452813029289246,0.43755877017974854,-0.05391751229763031,0.38377630710601807,0.4102366268634796,-0.01679670251905918,0.38103151321411133,0.32683682441711426,-0.041073478758335114,0.36212071776390076,0.385695219039917,-0.042020585387945175,0.36064907908439636,0.4402781128883362,-0.035277776420116425,0.35226309299468994,0.4252266585826874,-0.024041591212153435,0.3419865369796753,0.3568871319293976,-0.039145827293395996,0.3364158868789673,0.39333245158195496,-0.03683781623840332,0.3436780571937561,0.4351012408733368,-0.030094264075160027
O,0.40742820501327515,0.6509860754013062,-2.220143926479068e-07,0.46051475405693054,0.6383599042892456,-0.013077215291559696,0.5022222399711609,0.5819267630577087,-0.021134153008461,0.5159730911254883,0.5254250764846802,-0.031601741909980774,0.49829062819480896,0.48264551162719727,-0.04049843177199364,0.48745959997177124,0.4360690712928772,-0.008220791816711426,0.49876371026039124,0.33649876713752747,-0.03393780067563057,0.5027794241905212,0.38733428716659546,-0.05355553701519966,0.5000647306442261,0.44364452362060547,-0.06275404244661331,0.4557052552700043,0.4283114969730377,-0.012705106288194656,0.4637751281261444,0.31618207693099976,-0.03548615425825119,0.46960198879241943,0.3763308823108673,-0.048798926174640656,0.46925267577171326,0.43302616477012634,-0.054015908390283585,0.42443016171455383,0.4300709068775177,-0.020412173122167587,0.4270442724227905,0.3215058445930481,-0.037773262709379196,0.43702685832977295,0.37402546405792236,-0.040471673011779785,0.43932655453681946,0.43030044436454773,-0.03845981881022453,0.3936617374420166,0.44168853759765625,-0.03002149797976017,0.3964039087295532,0.35941776633262634,-0.04116694629192352,0.4091251492500305,0.3886687755584717,-0.04092087224125862,0.4153173565864563,0.4311157763004303,-0.038352012634277344
O,0.4429120123386383,0.6593213677406311,-8.036705168024127e-08,0.49297261238098145,0.637864351272583,-0.007617508992552757,0.5366784334182739,0.5835835337638855,-0.018120573833584785,0.5697970390319824,0.5414557456970215,-0.03231111913919449,0.5698489546775818,0.49260416626930237,-0.045568786561489105,0.5213337540626526,0.4540216326713562,-0.012238552793860435,0.5414642095565796,0.34742677211761475,-0.03891971707344055,0.5615360140800476,0.39843085408210754,-0.05931617319583893,0.5609711408615112,0.45141085982322693,-0.06911127269268036,0.4988405406475067,0.4482773542404175,-0.021514393389225006,0.5183746218681335,0.3242480158805847,-0.044585712254047394,0.5437164902687073,0.38835108280181885,-0.05964049696922302,0.545016884803772,0.44550201296806335,-0.06680160015821457,0.47368913888931274,0.450494647026062,-0.03297996520996094,0.4877743124961853,0.33644694089889526,-0.049616698175668716,0.5170267820358276,0.3878655433654785,-0.05476674064993858,0.5233479142189026,0.4427683353424072,-0.05567796155810356,0.4469960629940033,0.4612320065498352,-0.0458073653280735,0.46259403228759766,0.37624871730804443,-0.05933519825339317,0.49065518379211426,0.3976014256477356,-0.06272760778665543,0.5027309656143188,0.4364597797393799,-0.06335995346307755
O,0.47268617153167725,0.6547558903694153,-2.7523659795747335e-08,0.5236819982528687,0.6299962997436523,-0.0010011628037318587,0.5648967623710632,0.5743130445480347,-0.004841851070523262,0.5976084470748901,0.5306448936462402,-0.013830333948135376,0.6060831546783447,0.47678691148757935,-0.021495003253221512,0.5432314276695251,0.4566875696182251,0.009226798079907894,0.5643705129623413,0.3590269088745117,-0.011134638451039791,0.590621829032898,0.3979337811470032,-0.02893127128481865,0.5972144603729248,0.4445294439792633,-0.03771112114191055,0.5294850468635559,0.44949305057525635,-0.001526201725937426,0.5546173453330994,0.3426288664340973,-0.021917585283517838,0.5856326222419739,0.38873106241226196,-0.03921845555305481,0.5912120342254639,0.4408993422985077,-0.048031751066446304,0.51372230052948,0.4469388723373413,-0.015070158988237381,0.5378928780555725,0.3436262905597687,-0.031276289373636246,0.5724954605102539,0.38020461797714233,-0.04093259945511818,0.5838780403137207,0.4315333068370819,-0.04429745301604271,0.49820470809936523,0.4528394043445587,-0.029579762369394302,0.5245033502578735,0.37691569328308105,-0.042633604258298874,0.5559359788894653,0.38877370953559875,-0.04900236800312996,0.5721214413642883,0.422050803899765,-0.0516568124294281
O,0.5017353296279907,0.6545372009277344,2.9409603641283866e-08,0.5597091317176819,0.6138187646865845,0.010685012675821781,0.59315025806427,0.5542604327201843,0.00791030004620552,0.6232199668884277,0.5163617730140686,-0.0027204619254916906,0.6442422270774841,0.4835471212863922,-0.011990516446530819,0.5294602513313293,0.43258175253868103,0.01988196186721325,0.5734262466430664,0.35898709297180176,0.003379272762686014,0.6097466945648193,0.3878079354763031,-0.011797137558460236,0.6226925849914551,0.4323549270629883,-0.0189284048974514,0.5187186002731323,0.4310731291770935,0.004023858346045017,0.5733535885810852,0.3489382863044739,-0.009641198441386223,0.6118223071098328,0.387823224067688,-0.020080871880054474,0.6221937537193298,0.4379999041557312,-0.024619363248348236,0.5183177590370178,0.4417785406112671,-0.013478202745318413,0.5722172856330872,0.3548326790332794,-0.024913838133215904,0.610530436038971,0.3895670175552368,-0.026537513360381126,0.6227031350135803,0.4386148154735565,-0.02436298318207264,0.5287103056907654,0.46396109461784363,-0.030993198975920677,0.5736840963363647,0.3940933048725128,-0.03687053918838501,0.6046886444091797,0.4063892662525177,-0.03358689695596695,0.617321789264679,0.4382888376712799,-0.029077021405100822
O,0.5452850461006165,0.6483663320541382,-1.977558561350179e-08,0.5988256335258484,0.5975276231765747,0.015379647724330425,0.6212409138679504,0.5425229668617249,0.015297779813408852,0.6432403922080994,0.50631183385849,0.0072903404943645,0.6622378826141357,0.47770094871520996,0.0008641780004836619,0.5570520758628845,0.4267910420894623,0.01975669339299202,0.6076837778091431,0.3635413944721222,0.00783768855035305,0.6422417163848877,0.39439287781715393,-0.004220799542963505,0.6540050506591797,0.43915122747421265,-0.010368733666837215,0.5572746992111206,0.4251001179218292,0.003255140269175172,0.6169776916503906,0.3489270806312561,-0.002821408212184906,0.6525383591651917,0.38441240787506104,-0.010063480585813522,0.6605682969093323,0.4279462993144989,-0.014861742034554482,0.5704572200775146,0.4412956237792969,-0.01364456582814455,0.6253198981285095,0.3548893630504608,-0.018688824027776718,0.6618306040763855,0.39289095997810364,-0.017464883625507355,0.6692876815795898,0.43973442912101746,-0.01585422083735466,0.5934382677078247,0.4701138734817505,-0.03007843717932701,0.6371185779571533,0.4016788601875305,-0.030779773369431496,0.663955569267273,0.42137596011161804,-0.02394019439816475,0.6718578338623047,0.4594070315361023,-0.018583403900265694
O,0.4522883892059326,0.7121641635894775,-3.497816081221572e-08,0.5027105212211609,0.6909648180007935,-0.006644678767770529,0.5498928427696228,0.628727912902832,-0.012266884557902813,0.5804752111434937,0.5733402371406555,-0.02099580504000187,0.5745110511779785,0.5207054018974304,-0.02816537395119667,0.5313604474067688,0.4970366358757019,-0.0017912070034071803,0.5534355044364929,0.3899633586406708,-0.025064341723918915,0.5734385251998901,0.4321759045124054,-0.04379400983452797,0.5724115967750549,0.48072463274002075,-0.05205100029706955,0.5089008808135986,0.48935309052467346,-0.008558093570172787,0.5322629809379578,0.37195783853530884,-0.028157709166407585,0.5568143129348755,0.4232116937637329,-0.040782053023576736,0.5567395687103271,0.47731679677963257,-0.045841339975595474,0.4828815460205078,0.48766157031059265,-0.018013957887887955,0.5041808485984802,0.3771359920501709,-0.033014927059412,0.530426025390625,0.4228850305080414,-0.03526334464550018,0.5340386033058167,0.4748271107673645,-0.03331456333398819,0.4540238082408905,0.4929978847503662,-0.02892291732132435,0.4779427647590637,0.41248223185539246,-0.04126821830868721,0.5047652721405029,0.43355444073677063,-0.04204116761684418,0.5147297978401184,0.4698438346385956,-0.03985804691910744
O,0.3806210160255432,0.7213237285614014,-1.9881979085312196e-07,0.4380427896976471,0.7031636238098145,-0.02007436193525791,0.48309028148651123,0.6381699442863464,-0.029212623834609985,0.48651230335235596,0.5631754994392395,-0.040089868009090424,0.46588796377182007,0.5018468499183655,-0.04934513568878174,0.46965011954307556,0.4909471571445465,-0.004513937048614025,0.4798000454902649,0.38209640979766846,-0.030238348990678787,0.47608721256256104,0.4166833162307739,-0.05065344646573067,0.4700620472431183,0.4742911756038666,-0.060260966420173645,0.43430912494659424,0.47657179832458496,-0.005440805573016405,0.44057947397232056,0.35921159386634827,-0.029849419370293617,0.4373070299625397,0.41102907061576843,-0.04748662933707237,0.4355260729789734,0.4713602066040039,-0.05491992086172104,0.39971277117729187,0.4722413718700409,-0.01064345147460699,0.40196070075035095,0.3608577251434326,-0.03060857020318508,0.40451574325561523,0.40369415283203125,-0.0386883020401001,0.40453898906707764,0.46472424268722534,-0.039583414793014526,0.36489835381507874,0.47899195551872253,-0.018073277547955513,0.364493191242218,0.3931777775287628,-0.030662255361676216,0.3723686635494232,0.4184844493865967,-0.033103179186582565,0.3769254684448242,0.4649584889411926,-0.03201065957546234
O,0.49883487820625305,0.6837681531906128,-1.796430382228209e-07,0.5582095384597778,0.6791675090789795,-0.02192031964659691,0.6107814311981201,0.6217434406280518,-0.03312893211841583,0.6261683702468872,0.549835741519928,-0.045937079936265945,0.6134821772575378,0.4887067973613739,-0.056809015572071075,0.6050037145614624,0.4588627219200134,-0.007040027994662523,0.6206144094467163,0.3538369834423065,-0.035846903920173645,0.6206240057945251,0.39386898279190063,-0.05821588635444641,0.6132243275642395,0.45450887084007263,-0.06808263063430786,0.5690510869026184,0.44198888540267944,-0.007974385283887386,0.5829041600227356,0.3247271180152893,-0.03485841304063797,0.5835142135620117,0.3843081295490265,-0.05241106450557709,0.5790914297103882,0.4480554163455963,-0.0587426982820034,0.5343503952026367,0.43773695826530457,-0.013426005840301514,0.5426205396652222,0.3262312412261963,-0.035452015697956085,0.549407958984375,0.37816381454467773,-0.04227111488580704,0.547660231590271,0.4399319887161255,-0.04135046526789665,0.49847912788391113,0.4451110363006592,-0.02134350873529911,0.5069579482078552,0.35533440113067627,-0.03561672195792198,0.5175499320030212,0.3877188265323639,-0.03704240545630455,0.5196171998977661,0.4366794228553772,-0.03443220257759094
O,0.6305152773857117,0.6639821529388428,-1.7193696066897246e-07,0.6957309246063232,0.6687043309211731,-0.01225951872766018,0.7577933669090271,0.6275553107261658,-0.021522358059883118,0.7864207625389099,0.5754145383834839,-0.033779121935367584,0.7694783210754395,0.521561861038208,-0.04493335261940956,0.7550697326660156,0.45809206366539,-0.010655513033270836,0.7833327054977417,0.3494008481502533,-0.04016854241490364,0.787231981754303,0.4019298255443573,-0.0637829378247261,0.7772210240364075,0.4610569477081299,-0.07482708990573883,0.7188153266906738,0.4400371313095093,-0.017062712460756302,0.7441627979278564,0.3194296956062317,-0.04236610233783722,0.7514798641204834,0.38871699571609497,-0.059191253036260605,0.7448078393936157,0.4524674415588379,-0.06713530421257019,0.6824016571044922,0.43213558197021484,-0.026423241943120956,0.7032108306884766,0.31307733058929443,-0.04467407613992691,0.7153736352920532,0.3744627833366394,-0.049463871866464615,0.7112728953361511,0.43755829334259033,-0.04943147674202919,0.6439724564552307,0.4333285391330719,-0.037673693150281906,0.6633740067481995,0.3414669334888458,-0.0497237965464592,0.6798418164253235,0.37662404775619507,-0.05036933720111847,0.6834140419960022,0.42505913972854614,-0.0486619807779789
O,0.650420606136322,0.7165570855140686,-2.530284177737485e-07,0.719085693359375,0.7291368246078491,-0.016205795109272003,0.7814671397209167,0.7010693550109863,-0.029656123369932175,0.8159405589103699,0.6531869769096375,-0.04650047793984413,0.8051855564117432,0.5850423574447632,-0.06178919970989227,0.7920758128166199,0.5214560031890869,-0.016145752742886543,0.83242267370224,0.40995121002197266,-0.048991117626428604,0.8275946378707886,0.4759109318256378,-0.07267250120639801,0.8112054467201233,0.5343087911605835,-0.08344943821430206,0.7561905384063721,0.4968773126602173,-0.023452090099453926,0.792023241519928,0.37452617287635803,-0.053663115948438644,0.7881278395652771,0.46101123094558716,-0.07041490077972412,0.774955153465271,0.5270429849624634,-0.07703214883804321,0.7183617353439331,0.48273754119873047,-0.03422826528549194,0.747844934463501,0.3630240261554718,-0.05629626661539078,0.7510827779769897,0.4385215640068054,-0.059772513806819916,0.7401688098907471,0.505561351776123,-0.057627055794000626,0.677602231502533,0.4799327254295349,-0.04728035256266594,0.7026036977767944,0.384164035320282,-0.061271362006664276,0.716351330280304,0.4311882555484772,-0.06079651415348053,0.7150627970695496,0.49097028374671936,-0.05757815018296242
O,0.571955680847168,0.6873680353164673,3.845532603463653e-08,0.6404076814651489,0.6681098937988281,0.004997228272259235,0.6929877996444702,0.6220945119857788,-0.0007634222274646163,0.734769344329834,0.5898479223251343,-0.01434092503041029,0.7525847554206848,0.5311329364776611,-0.026514342054724693,0.6649969220161438,0.46762531995773315,0.012874859385192394,0.7101497054100037,0.3742574453353882,-0.012066987343132496,0.7410377860069275,0.43346765637397766,-0.03354236111044884,0.7462878227233887,0.48966503143310547,-0.04441321641206741,0.6477531790733337,0.45801037549972534,-0.004151251632720232,0.7050330638885498,0.3593714237213135,-0.028061173856258392,0.7389996647834778,0.43375885486602783,-0.04731784388422966,0.7407606840133667,0.4953632950782776,-0.057117708027362823,0.6313313841819763,0.45746850967407227,-0.023807337507605553,0.6858752965927124,0.370972216129303,-0.0436800941824913,0.7238472104072571,0.4388812780380249,-0.05231659114360809,0.7305710911750793,0.500564455986023,-0.054389242082834244,0.6173391342163086,0.47239959239959717,-0.0439150296151638,0.6691802740097046,0.41248631477355957,-0.05844404548406601,0.7046458125114441,0.45092225074768066,-0.061633870005607605,0.7161346077919006,0.4976629912853241,-0.061655882745981216
O,0.5549820065498352,0.6363613605499268,-2.220819794729323e-08,0.6159607768058777,0.5923560857772827,0.012642933987081051,0.6416643261909485,0.5428067445755005,0.01068147737532854,0.665152907371521,0.5101920366287231,0.0007067181868478656,0.6846387386322021,0.48456400632858276,-0.0077238138765096664,0.5759567022323608,0.4119671881198883,0.01808433048427105,0.6339378952980042,0.3510189950466156,0.003033858025446534,0.6654173731803894,0.38882070779800415,-0.01075152400881052,0.6733876466751099,0.43752557039260864,-0.017377596348524094,0.574144184589386,0.4110804498195648,0.0022996235638856888,0.6423691511154175,0.34019798040390015,-0.008310068398714066,0.6738148927688599,0.3880699574947357,-0.016638437286019325,0.6782469153404236,0.4398764371871948,-0.02083885297179222,0.5846092700958252,0.42645981907844543,-0.014491797424852848,0.6484880447387695,0.3459041714668274,-0.0235920213162899,0.6802626252174377,0.39177727699279785,-0.023482361808419228,0.6853013634681702,0.44468921422958374,-0.021019350737333298,0.6043418645858765,0.45489755272865295,-0.03101007267832756,0.652917206287384,0.39048945903778076,-0.033835269510746,0.6790404319763184,0.41373151540756226,-0.02809019200503826,0.6871030926704407,0.45387205481529236,-0.02274388261139393
O,0.4900383949279785,0.6128436326980591,-1.9376718896069178e-08,0.5467233657836914,0.5844670534133911,0.024511877447366714,0.5753012895584106,0.5348835587501526,0.03247949481010437,0.5979760885238647,0.5003616809844971,0.02988327480852604,0.6128892302513123,0.46140819787979126,0.027595534920692444,0.5218533873558044,0.4123784005641937,0.046912193298339844,0.5576276183128357,0.33686792850494385,0.04010888934135437,0.5893816351890564,0.35680994391441345,0.029100263491272926,0.6023060083389282,0.4000793993473053,0.02426150068640709,0.5122189521789551,0.4043070375919342,0.026995191350579262,0.5560609698295593,0.31677061319351196,0.02227400429546833,0.590112030506134,0.3444649577140808,0.011957446113228798,0.6007224321365356,0.3928191661834717,0.00667618028819561,0.5118163228034973,0.40763333439826965,0.005676690023392439,0.5562145709991455,0.3178688883781433,0.0016653609927743673,0.5917262434959412,0.3427264094352722,-0.002610243624076247,0.6032595038414001,0.3903064429759979,-0.0035230519715696573,0.5211449265480042,0.4207743704319,-0.014672134071588516,0.5596632957458496,0.3465803265571594,-0.016110774129629135,0.5898016691207886,0.35589757561683655,-0.014221547171473503,0.6045264005661011,0.3897845447063446,-0.011547444388270378
O,0.4404863715171814,0.6218478083610535,5.878401765357921e-09,0.4932314157485962,0.6030377745628357,0.0042932843789458275,0.5301954746246338,0.5493621230125427,0.006563036236912012,0.5560572147369385,0.5110234618186951,0.002697617979720235,0.5617779493331909,0.46840542554855347,-5.3629279136657715e-05,0.5007296204566956,0.4355309009552002,0.02630789950489998,0.5229721665382385,0.36324262619018555,0.012022783048450947,0.5488690137863159,0.3844982385635376,-0.003384106094017625,0.5598300099372864,0.4275006949901581,-0.010573802515864372,0.4887435734272003,0.4259961247444153,0.015233921818435192,0.5154683589935303,0.3412703275680542,3.4121367207262665e-05,0.5449931621551514,0.36957043409347534,-0.014290797524154186,0.5550474524497986,0.41882777214050293,-0.02029748074710369,0.4770714342594147,0.4230491518974304,0.0009105502394959331,0.5072845816612244,0.3362383246421814,-0.013438748195767403,0.5394214391708374,0.3599127531051636,-0.022712651640176773,0.551747739315033,0.407798171043396,-0.02454284206032753,0.466999888420105,0.42808401584625244,-0.013998627662658691,0.499509334564209,0.3597966432571411,-0.025519302114844322,0.5285561680793762,0.3661775588989258,-0.03020787052810192,0.5435940623283386,0.3982461094856262,-0.030502445995807648
O,0.3704957664012909,0.6723963022232056,-4.159435817996382e-08,0.4174203872680664,0.6436997056007385,0.005945802666246891,0.45298922061920166,0.5902222394943237,0.005263997707515955,0.480338454246521,0.5524081587791443,-0.001979347551241517,0.488763689994812,0.5072357058525085,-0.007845649495720863,0.42075708508491516,0.4699397385120392,0.022679580375552177,0.44406604766845703,0.3880784511566162,0.007482800632715225,0.47336137294769287,0.4218648672103882,-0.008026770316064358,0.48334911465644836,0.465885192155838,-0.015615343116223812,0.4104931652545929,0.4652526080608368,0.009849393740296364,0.4389440417289734,0.3786562979221344,-0.005008975975215435,0.47221773862838745,0.41768965125083923,-0.019201893359422684,0.479856938123703,0.4672515094280243,-0.02627425268292427,0.40000879764556885,0.4649460017681122,-0.0056211454793810844,0.43096932768821716,0.37896203994750977,-0.01785413734614849,0.4659775197505951,0.41088220477104187,-0.024459073320031166,0.4768579602241516,0.45952579379081726,-0.025731531903147697,0.3912646472454071,0.4732319712638855,-0.02165115810930729,0.4225483238697052,0.40328648686408997,-0.030816296115517616,0.4531187415122986,0.41584938764572144,-0.033004436641931534,0.4662560820579529,0.450345516204834,-0.032319631427526474
O,0.3151536285877228,0.6647759675979614,-5.397427926823184e-08,0.3635335862636566,0.6354532241821289,0.004538583103567362,0.3997912108898163,0.5814821124076843,0.0033420142717659473,0.426281213760376,0.5433645248413086,-0.003153125522658229,0.432743638753891,0.5075872540473938,-0.008733417838811874,0.3768137991428375,0.47197389602661133,0.010353782214224339,0.39501968026161194,0.38833528757095337,-0.0052064950577914715,0.41915905475616455,0.42705467343330383,-0.018852978944778442,0.4255865514278412,0.4711703062057495,-0.025757599622011185,0.3631649613380432,0.466681569814682,-0.002126344945281744,0.3830318748950958,0.37090015411376953,-0.018004463985562325,0.4126242399215698,0.41036340594291687,-0.031145770102739334,0.4193529486656189,0.4580076038837433,-0.03786970674991608,0.3473524749279022,0.46666714549064636,-0.016407130286097527,0.36480608582496643,0.3717707395553589,-0.028952375054359436,0.3966331481933594,0.4026089012622833,-0.03555313125252724,0.4082774519920349,0.44847428798675537,-0.03780919685959816,0.3318849503993988,0.4745993912220001,-0.031168963760137558,0.35056209564208984,0.4030674397945404,-0.04242806136608124,0.3780891001224518,0.41040587425231934,-0.04706087335944176,0.39313560724258423,0.43886440992355347,-0.04886983707547188
O,0.42908719182014465,0.6544678211212158,6.769366933667698e-08,0.4796779155731201,0.6284466981887817,0.0046880510635674,0.5160248279571533,0.5759222507476807,0.0035934289917349815,0.5451321005821228,0.5362696647644043,-0.0042291004210710526,0.552435576915741,0.48450446128845215,-0.010667628608644009,0.48291537165641785,0.46078455448150635,0.026148753240704536,0.5098125338554382,0.38559383153915405,0.011652071960270405,0.5369808077812195,0.4075523316860199,-0.0034861445892602205,0.5475856065750122,0.44876062870025635,-0.01040472649037838,0.47023242712020874,0.451872318983078,0.014111134223639965,0.5043927431106567,0.3669084310531616,-0.000143164666951634,0.5348548293113708,0.39728397130966187,-0.013891187496483326,0.5447221994400024,0.44576719403266907,-0.01972493715584278,0.4598971903324127,0.44976484775543213,-0.0010101784719154239,0.4963306784629822,0.36678236722946167,-0.01323871873319149,0.5295327305793762,0.39281177520751953,-0.020588694140315056,0.5420305728912354,0.44040361046791077,-0.02169744297862053,0.45406201481819153,0.4567817747592926,-0.01676288992166519,0.4911617636680603,0.39178353548049927,-0.025049274787306786,0.5216078758239746,0.39891159534454346,-0.027347516268491745,0.5371711850166321,0.42926859855651855,-0.02644195407629013
O,0.35183489322662354,0.6857309937477112,-4.569214695493429e-08,0.4042212963104248,0.6414771676063538,0.011801617220044136,0.4411031901836395,0.5709493160247803,0.012030153535306454,0.4711185395717621,0.5201451778411865,0.0040718307718634605,0.4727681279182434,0.470072865486145,-0.002588754752650857,0.3923771381378174,0.44828763604164124,0.026962928473949432,0.4188123047351837,0.35857126116752625,0.010201919823884964,0.454107403755188,0.3919212818145752,-0.006468869745731354,0.4670177698135376,0.4393078088760376,-0.01450369507074356,0.3796958327293396,0.4454703629016876,0.009501089341938496,0.412887305021286,0.3459472358226776,-0.005936997011303902,0.4537619352340698,0.3843088746070862,-0.019703181460499763,0.46514472365379333,0.4388608932495117,-0.02581436187028885,0.3699184060096741,0.45263731479644775,-0.010336955077946186,0.40591320395469666,0.35846593976020813,-0.02352227456867695,0.44830432534217834,0.39105963706970215,-0.02842160128057003,0.46304306387901306,0.4410156011581421,-0.027958672493696213,0.36614102125167847,0.47207340598106384,-0.030286939814686775,0.40055254101753235,0.39363381266593933,-0.040007662028074265,0.4354538023471832,0.4028948247432709,-0.04071236029267311,0.4521498680114746,0.4354129135608673,-0.03854148089885712
O,0.45995768904685974,0.5810002684593201,7.48387591897881e-08,0.5168177485466003,0.5485053062438965,0.010461430065333843,0.5517274141311646,0.4968583583831787,0.010663826949894428,0.5790715217590332,0.45782387256622314,0.0029704465996474028,0.586506724357605,0.4058600068092346,-0.0030311669688671827,0.4940313696861267,0.37632080912590027,0.03173159435391426,0.5306516289710999,0.298864483833313,0.018603408709168434,0.5639991164207458,0.3212997019290924,0.0038611351046711206,0.577881932258606,0.36639708280563354,-0.0027927823830395937,0.48286983370780945,0.3702459931373596,0.017612839117646217,0.5251191258430481,0.28063127398490906,0.007341125514358282,0.5618463754653931,0.3088430166244507,-0.005447753705084324,0.5749452114105225,0.3586880564689636,-0.011902551166713238,0.480307400226593,0.3745460510253906,0.0011221661698073149,0.523932933807373,0.2833355963230133,-0.007396041881293058,0.5618599057197571,0.30851978063583374,-0.0129100875928998,0.5754878520965576,0.3582989275455475,-0.013902694918215275,0.4884973466396332,0.3893412947654724,-0.015546359121799469,0.5290414690971375,0.3164336681365967,-0.02006487362086773,0.5595924258232117,0.32753220200538635,-0.019264468923211098,0.5731958746910095,0.36484700441360474,-0.01686577871441841
P,0.3341917395591736,0.7265380620956421,2.823026363785175e-07,0.3963773250579834,0.7187340259552002,0.002751448657363653,0.44557636976242065,0.6934044361114502,-0.008161289617419243,0.4838331639766693,0.6793779134750366,-0.023089775815606117,0.5219594836235046,0.660070538520813,-0.03772120550274849,0.46174243092536926,0.5798031687736511,-0.016646461561322212,0.5125365257263184,0.5921246409416199,-0.03881349042057991,0.547339916229248,0.6027591228485107,-0.05444997549057007,0.5764205455780029,0.6174741387367249,-0.06607510894536972,0.43836578726768494,0.5751530528068542,-0.031756557524204254,0.4824243187904358,0.7067310214042664,-0.061279479414224625,0.4848116338253021,0.7908437848091125,-0.06928206235170364,0.48774784803390503,0.8370485901832581,-0.07286994159221649,0.4111538529396057,0.6014015078544617,-0.04652063921093941,0.4501156508922577,0.7333737015724182,-0.06710485368967056,0.42602676153182983,0.7529553174972534,-0.05774262920022011,0.4078841209411621,0.7376149892807007,-0.05091003328561783,0.3849649429321289,0.6429264545440674,-0.06230374798178673,0.4217897653579712,0.7477096915245056,-0.0741020143032074,0.40794503688812256,0.7630776166915894,-0.06571467965841293,0.39414849877357483,0.7442812323570251,-0.058512575924396515
P,0.2765110433101654,0.7384220361709595,2.504856695395574e-07,0.33470773696899414,0.7114744782447815,-0.003675319952890277,0.3814125657081604,0.676286518573761,-0.016229217872023582,0.4156704246997833,0.6610653400421143,-0.0310430359095335,0.4482188820838928,0.642859160900116,-0.044457875192165375,0.38712552189826965,0.5579926371574402,-0.02362879551947117,0.4299507439136505,0.5612287521362305,-0.04694443941116333,0.4603005647659302,0.5627380609512329,-0.06391067802906036,0.4879782199859619,0.5680691003799438,-0.07692008465528488,0.36037537455558777,0.5537163615226746,-0.036134179681539536,0.39995115995407104,0.6820906400680542,-0.06916696578264236,0.40975120663642883,0.7681509852409363,-0.0783078521490097,0.41522252559661865,0.8231261372566223,-0.08085007220506668,0.33001744747161865,0.5865458846092224,-0.04863697290420532,0.3616142272949219,0.7098036408424377,-0.06605726480484009,0.34409669041633606,0.6972144246101379,-0.05508771911263466,0.32677698135375977,0.6656058430671692,-0.04781720042228699,0.2975182831287384,0.6354089379310608,-0.06359104067087173,0.32822996377944946,0.7289642691612244,-0.07521277666091919,0.3191957175731659,0.7223448157310486,-0.06828416138887405,0.30714404582977295,0.6945722103118896,-0.06176985055208206
P,0.21553422510623932,0.7160110473632812,1.2337599386569309e-08,0.24720928072929382,0.702080488204956,-0.010828755795955658,0.27379995584487915,0.6612934470176697,-0.02360856905579567,0.2911013960838318,0.6332495808601379,-0.036666493862867355,0.3155421018600464,0.611184298992157,-0.04848853498697281,0.26937875151634216,0.5461134314537048,-0.02394852228462696,0.2885451912879944,0.5484333634376526,-0.05190734937787056,0.3094256818294525,0.5470567941665649,-0.0718802958726883,0.3303412199020386,0.5519670248031616,-0.08433669805526733,0.23684094846248627,0.5220023393630981,-0.03063325397670269,0.2686532139778137,0.6499417424201965,-0.0680866539478302,0.2794898748397827,0.7381367683410645,-0.07557989656925201,0.2845945954322815,0.798100471496582,-0.07162223756313324,0.20537777245044708,0.5451684594154358,-0.03940606862306595,0.23411503434181213,0.6633458137512207,-0.06372539699077606,0.23250341415405273,0.677448570728302,-0.05549385026097298,0.22709938883781433,0.6634342074394226,-0.044781189411878586,0.17449721693992615,0.5936914086341858,-0.05042602866888046,0.20015805959701538,0.6848266124725342,-0.064982570707798,0.20231084525585175,0.7015047669410706,-0.058602552860975266,0.1979166567325592,0.6867982745170593,-0.04910261183977127
P,0.28522372245788574,0.7012752294540405,2.9410205115709687e-07,0.3364984691143036,0.6718859672546387,0.0003226323169656098,0.38041985034942627,0.6413585543632507,-0.010594223625957966,0.4148549735546112,0.6243148446083069,-0.024209940806031227,0.44512221217155457,0.6035886406898499,-0.03725282475352287,0.3845999836921692,0.5327364802360535,-0.0198260098695755,0.43015816807746887,0.533013641834259,-0.038800936192274094,0.46128517389297485,0.5292320847511292,-0.05235423892736435,0.487639456987381,0.5304928421974182,-0.06281019002199173,0.36239954829216003,0.5347248911857605,-0.03190549463033676,0.4119286835193634,0.6413955092430115,-0.05843212082982063,0.42647552490234375,0.7170509696006775,-0.06597728282213211,0.43439146876335144,0.7629719972610474,-0.06887891888618469,0.33968180418014526,0.5692641139030457,-0.04320893809199333,0.37846171855926514,0.6714094877243042,-0.0573466494679451,0.35974961519241333,0.6791655421257019,-0.04840455204248428,0.340198814868927,0.6657324433326721,-0.04288932681083679,0.3166339695453644,0.6164660453796387,-0.056032322347164154,0.35145124793052673,0.6930348873138428,-0.06321748346090317,0.3411051332950592,0.6977988481521606,-0.05564522743225098,0.3271249234676361,0.6824326515197754,-0.04958720877766609
P,0.35656625032424927,0.6676104664802551,3.015740617229312e-07,0.41892755031585693,0.6623945236206055,0.0031706253066658974,0.4663240909576416,0.6310470700263977,-0.004861232824623585,0.4992104768753052,0.6052119731903076,-0.01742945797741413,0.5331202149391174,0.5762975811958313,-0.029631303623318672,0.47625285387039185,0.5129570960998535,-0.00863409973680973,0.5271052718162537,0.5143847465515137,-0.028412848711013794,0.5618476271629333,0.509951651096344,-0.04212572053074837,0.5919320583343506,0.5088394284248352,-0.05233769863843918,0.45707738399505615,0.5046353936195374,-0.02309422940015793,0.5018564462661743,0.612892210483551,-0.05280271917581558,0.511930525302887,0.6935446858406067,-0.06234327331185341,0.517716646194458,0.7439324259757996,-0.06552745401859283,0.4352349638938904,0.5259880423545837,-0.037465475499629974,0.4747936427593231,0.6463269591331482,-0.058091774582862854,0.4517520070075989,0.6775595545768738,-0.04943227767944336,0.4330236315727234,0.6734759211540222,-0.041557639837265015,0.4136020541191101,0.5622825026512146,-0.05302293971180916,0.44929972290992737,0.6600135564804077,-0.0643821582198143,0.43350502848625183,0.6840559244155884,-0.056322794407606125,0.417913556098938,0.6743056774139404,-0.04853801056742668
P,0.3955334424972534,0.5283746719360352,2.7948200909122534e-07,0.45987722277641296,0.5230506658554077,0.0016793436370790005,0.5060619711875916,0.4916251301765442,-0.00796737801283598,0.5385845303535461,0.46226993203163147,-0.022282449528574944,0.5718505382537842,0.4271712601184845,-0.03623964637517929,0.5165961384773254,0.3667803704738617,-0.009347843006253242,0.5648596882820129,0.3653165400028229,-0.029755624011158943,0.5979443192481995,0.3542872667312622,-0.04442308843135834,0.6273055076599121,0.3444274365901947,-0.055321741849184036,0.4962847828865051,0.35525500774383545,-0.024032780900597572,0.5411896109580994,0.4593766927719116,-0.054746925830841064,0.5519537329673767,0.5423454642295837,-0.06570115685462952,0.5568867325782776,0.5972346663475037,-0.0694090723991394,0.47210395336151123,0.3735809922218323,-0.038653790950775146,0.5131910443305969,0.48757249116897583,-0.0622531957924366,0.4877644181251526,0.5308694243431091,-0.05365545675158501,0.4659558832645416,0.5413901805877686,-0.0443878099322319,0.44818034768104553,0.40886518359184265,-0.05441492423415184,0.48531877994537354,0.4969424307346344,-0.06897438317537308,0.46989452838897705,0.5311509370803833,-0.060799892991781235,0.45241379737854004,0.5344446897506714,-0.051705047488212585
P,0.37724918127059937,0.4893828332424164,1.0148481521810027e-07,0.4349856972694397,0.4821566045284271,-0.002706721192225814,0.4773012399673462,0.44738978147506714,-0.010697344318032265,0.5048815011978149,0.4160122871398926,-0.02187671698629856,0.5325624346733093,0.3821538984775543,-0.03230767324566841,0.4850896894931793,0.3312340974807739,-0.011823934502899647,0.5213469862937927,0.31848645210266113,-0.031582266092300415,0.5477719306945801,0.30841848254203796,-0.045451756566762924,0.573218822479248,0.3002953827381134,-0.05597682669758797,0.46117398142814636,0.31025832891464233,-0.022726934403181076,0.49083656072616577,0.40823885798454285,-0.05250128358602524,0.4940793216228485,0.48818081617355347,-0.06197836622595787,0.49476778507232666,0.5382775068283081,-0.06481152772903442,0.433316171169281,0.3205622434616089,-0.03422098234295845,0.46018192172050476,0.4313020706176758,-0.055470287799835205,0.4418472945690155,0.467315673828125,-0.049060314893722534,0.42603591084480286,0.4699205160140991,-0.04272929206490517,0.40477749705314636,0.3479294180870056,-0.04734491556882858,0.4291697144508362,0.43518751859664917,-0.06062938645482063,0.4199293553829193,0.46221885085105896,-0.05606482923030853,0.40894779562950134,0.4565277099609375,-0.05072736367583275
P,0.30686309933662415,0.49711447954177856,8.456836297909831e-08,0.35137251019477844,0.4813985824584961,-0.004070287104696035,0.385779470205307,0.4452480375766754,-0.013262124732136726,0.4095676839351654,0.41662919521331787,-0.02402999997138977,0.4337806701660156,0.3900545835494995,-0.034301284700632095,0.38768523931503296,0.3359842896461487,-0.01687377691268921,0.41764211654663086,0.33234864473342896,-0.037115760147571564,0.44228899478912354,0.3239283561706543,-0.05149766802787781,0.4650416970252991,0.3193621039390564,-0.06158659979701042,0.36144697666168213,0.31829580664634705,-0.02606562338769436,0.3913363516330719,0.41119125485420227,-0.056148461997509,0.39789897203445435,0.4921342432498932,-0.06465474516153336,0.39875227212905884,0.5481230020523071,-0.06534403562545776,0.3329722285270691,0.33336541056632996,-0.03571784123778343,0.3633004128932953,0.4373627305030823,-0.05549737438559532,0.3563024699687958,0.4719574749469757,-0.050616953521966934,0.34462034702301025,0.4799346923828125,-0.04480360448360443,0.3045935332775116,0.3670302927494049,-0.04679371416568756,0.3314273953437805,0.4491245746612549,-0.05811590701341629,0.3309946060180664,0.47334128618240356,-0.054407957941293716,0.32290634512901306,0.4693008065223694,-0.04941386356949806
P,0.2900780141353607,0.6628820300102234,1.318960016760684e-07,0.3379560708999634,0.6536146402359009,-0.005356686655431986,0.37578368186950684,0.6271539926528931,-0.016792023554444313,0.4030689001083374,0.6089839339256287,-0.029710210859775543,0.4301866888999939,0.5902392268180847,-0.0417332723736763,0.382018506526947,0.5108062624931335,-0.021027375012636185,0.41037896275520325,0.514215350151062,-0.04477885365486145,0.4348049759864807,0.5181208252906799,-0.062270913273096085,0.4571431279182434,0.5289621353149414,-0.07458209246397018,0.3560236096382141,0.4954715967178345,-0.031038925051689148,0.388705313205719,0.6171315312385559,-0.06295714527368546,0.39464813470840454,0.6987683773040771,-0.07211161404848099,0.3962901830673218,0.7526007890701294,-0.07376822829246521,0.32687222957611084,0.5166329741477966,-0.0417841412127018,0.35549747943878174,0.6448057889938354,-0.06232981011271477,0.34124138951301575,0.6601786613464355,-0.05530955642461777,0.3281940817832947,0.6492627859115601,-0.048430994153022766,0.2968544065952301,0.5564652681350708,-0.054485123604536057,0.32331910729408264,0.6539750099182129,-0.06731311976909637,0.3175383508205414,0.6696695685386658,-0.06211744621396065,0.3091789782047272,0.6554304361343384,-0.05593784525990486
P,0.33150628209114075,0.7359673976898193,3.2548695116929593e-07,0.38907283544540405,0.7221009731292725,0.0016256218077614903,0.4379980266094208,0.6933399438858032,-0.008520045317709446,0.47668951749801636,0.6791054606437683,-0.021988248452544212,0.5145337581634521,0.6591473817825317,-0.035139355808496475,0.446806401014328,0.5705395340919495,-0.01729891076683998,0.49809348583221436,0.5843233466148376,-0.036708950996398926,0.5347805023193359,0.5877862572669983,-0.05118068307638168,0.5648205280303955,0.5925016403198242,-0.0626724436879158,0.42515966296195984,0.5726874470710754,-0.031585175544023514,0.47272101044654846,0.70237797498703,-0.060190293937921524,0.4831183850765228,0.7865421175956726,-0.06974199414253235,0.4888540208339691,0.8337702751159668,-0.07454001158475876,0.4006144106388092,0.6063104867935181,-0.04504980891942978,0.4419102370738983,0.733047604560852,-0.06366854906082153,0.41966482996940613,0.7535816431045532,-0.054877351969480515,0.40033164620399475,0.7404651641845703,-0.04888444393873215,0.3759056627750397,0.65245121717453,-0.05966520309448242,0.41322216391563416,0.7495595812797546,-0.07038015872240067,0.4005286693572998,0.7647238373756409,-0.062141213566064835,0.38591277599334717,0.7495693564414978,-0.05513317510485649
P,0.4211854636669159,0.7609761953353882,3.7506183048208186e-07,0.4889654815196991,0.7686455249786377,-0.002820095280185342,0.5457035303115845,0.7467095255851746,-0.013863498345017433,0.587296187877655,0.7296138405799866,-0.027934670448303223,0.6267101168632507,0.709256112575531,-0.04070570692420006,0.5529623031616211,0.599905252456665,-0.01629488356411457,0.6129370331764221,0.6145544648170471,-0.036469969898462296,0.6529163122177124,0.6175238490104675,-0.05070176720619202,0.686471700668335,0.6205592155456543,-0.06175532564520836,0.5343902111053467,0.599050760269165,-0.028848370537161827,0.5877487659454346,0.7276924848556519,-0.061226267367601395,0.597775399684906,0.8181740641593933,-0.07197753340005875,0.6028257012367249,0.8725385665893555,-0.07580006867647171,0.5134274363517761,0.6315037608146667,-0.041211798787117004,0.5563483238220215,0.7606465816497803,-0.06367824971675873,0.5282293558120728,0.7857427000999451,-0.05520683154463768,0.5059592723846436,0.7770135402679443,-0.04724380746483803,0.49360179901123047,0.6791577935218811,-0.055133987218141556,0.532307505607605,0.7771185636520386,-0.06725151836872101,0.5150735378265381,0.7957354784011841,-0.05877716839313507,0.4988444149494171,0.7853754162788391,-0.050662800669670105
P,0.5282200574874878,0.7364827990531921,4.032138747334102e-07,0.5990471839904785,0.7476475834846497,0.0016584045952185988,0.6547118425369263,0.7246743440628052,-0.008760342374444008,0.6959896087646484,0.6998170018196106,-0.024229688569903374,0.7373749613761902,0.6715784668922424,-0.03915022313594818,0.6709752678871155,0.5899774432182312,-0.011482778936624527,0.7365127801895142,0.5988032221794128,-0.03407437726855278,0.7807797789573669,0.5996764302253723,-0.048975683748722076,0.8175122737884521,0.6026090383529663,-0.059257637709379196,0.6539241671562195,0.5770245790481567,-0.026270046830177307,0.703459620475769,0.7194827795028687,-0.06085234880447388,0.7095221877098083,0.8133420944213867,-0.07085475325584412,0.7102640271186829,0.8719525933265686,-0.07304589450359344,0.6325075626373291,0.5977020263671875,-0.041002307087183,0.6721508502960205,0.7492876052856445,-0.06688915938138962,0.6374484300613403,0.7832754850387573,-0.05597090348601341,0.6108753085136414,0.7817448377609253,-0.04437509924173355,0.6111004948616028,0.6346950531005859,-0.056944817304611206,0.6460891962051392,0.7530651092529297,-0.07038003951311111,0.6235288381576538,0.7811335921287537,-0.05938422679901123,0.603640615940094,0.7753998637199402,-0.04804184287786484
P,0.5688462853431702,0.6122804880142212,3.516301205763739e-07,0.6364874243736267,0.6178892254829407,0.0019699789118021727,0.6908729672431946,0.5859001874923706,-0.004363623913377523,0.7294650673866272,0.5576632618904114,-0.01609034277498722,0.7678173184394836,0.534561276435852,-0.026474379003047943,0.7052789330482483,0.4642775356769562,0.0009857852710410953,0.7684265375137329,0.4667748808860779,-0.01867002621293068,0.8092073202133179,0.46416622400283813,-0.03169967606663704,0.843004047870636,0.46310704946517944,-0.040747418999671936,0.6914941072463989,0.4498952627182007,-0.012585592456161976,0.743820309638977,0.5727798938751221,-0.046069033443927765,0.7511181831359863,0.6596469879150391,-0.05664538964629173,0.7533387541770935,0.7170257568359375,-0.05798210948705673,0.6762701869010925,0.4638153314590454,-0.027057688683271408,0.7145867943763733,0.5994952321052551,-0.05134190618991852,0.6793975830078125,0.6297714114189148,-0.04253268241882324,0.654060959815979,0.6294605135917664,-0.0315861701965332,0.661916971206665,0.4965484142303467,-0.04309055581688881,0.6930882334709167,0.6030137538909912,-0.055029965937137604,0.6683011651039124,0.6263697147369385,-0.046246398240327835,0.6492655873298645,0.618634045124054,-0.03656250983476639
P,0.5365277528762817,0.5665546655654907,3.0142612672534597e-07,0.604738712310791,0.5729592442512512,0.0014661155873909593,0.6599615812301636,0.5438677668571472,-0.00833947118371725,0.6988077759742737,0.5176225900650024,-0.023152222856879234,0.739244818687439,0.4932677447795868,-0.03742228075861931,0.6777263283729553,0.4187803864479065,-0.012446383945643902,0.7396873831748962,0.4212478697299957,-0.03685251623392105,0.7813729047775269,0.4155547618865967,-0.05267978459596634,0.8164990544319153,0.4137369394302368,-0.06338765472173691,0.6592119932174683,0.4027334451675415,-0.027442650869488716,0.7075275182723999,0.5215522050857544,-0.06265674531459808,0.7123734951019287,0.6106277108192444,-0.07226788252592087,0.7121286988258362,0.6692320108413696,-0.07361610978841782,0.6373496651649475,0.4187677502632141,-0.042571667581796646,0.6781121492385864,0.5546833276748657,-0.06889697909355164,0.6467245221138,0.5987499356269836,-0.05708315968513489,0.622432291507721,0.6075496077537537,-0.04441748559474945,0.6155704259872437,0.4540589451789856,-0.05915924534201622,0.6513646841049194,0.5604363679885864,-0.07367140799760818,0.6293085813522339,0.5913210511207581,-0.06306339055299759,0.6090762615203857,0.588912844657898,-0.05162735655903816
P,0.44258302450180054,0.530742883682251,2.2169288627083006e-07,0.511588990688324,0.5215572118759155,0.001116340165026486,0.5640987157821655,0.48146870732307434,-0.008749881759285927,0.6036028861999512,0.44645610451698303,-0.02324473112821579,0.6431382894515991,0.41271844506263733,-0.03686114400625229,0.5754080414772034,0.35115277767181396,-0.012209534645080566,0.6286192536354065,0.34387990832328796,-0.03577149286866188,0.6664116978645325,0.3324727416038513,-0.05225951969623566,0.6991898417472839,0.32592713832855225,-0.06465312838554382,0.5504522323608398,0.3402278423309326,-0.027955761179327965,0.5973531603813171,0.4546540677547455,-0.06332401931285858,0.6047070622444153,0.5524539947509766,-0.07383758574724197,0.6078808903694153,0.6147053837776184,-0.07680000364780426,0.5235942602157593,0.36341047286987305,-0.04381527751684189,0.5657597780227661,0.4918881952762604,-0.0678342804312706,0.5410788059234619,0.5275892019271851,-0.05625566095113754,0.5198537707328796,0.5260285139083862,-0.04612992703914642,0.4971224367618561,0.40339550375938416,-0.061458904296159744,0.5354523658752441,0.5044189095497131,-0.07471287995576859,0.5203522443771362,0.5311140418052673,-0.06476571410894394,0.5032982230186462,0.5221127867698669,-0.05547602102160454
P,0.3599706292152405,0.5232985019683838,1.2922775738388736e-07,0.4165176749229431,0.4930267035961151,-0.0009245862020179629,0.4551619291305542,0.4408118426799774,-0.009761959314346313,0.4819667339324951,0.400375634431839,-0.022321762517094612,0.5091822743415833,0.36140233278274536,-0.03429124131798744,0.45166897773742676,0.3172939717769623,-0.013204173184931278,0.4925729036331177,0.2984471023082733,-0.034999556839466095,0.52256178855896,0.2812216281890869,-0.050611551851034164,0.5499457120895386,0.26761260628700256,-0.0622795894742012,0.4235458970069885,0.30475521087646484,-0.0258469395339489,0.46599870920181274,0.40933454036712646,-0.05791546776890755,0.47760292887687683,0.49463823437690735,-0.0673009380698204,0.4828454256057739,0.5482951402664185,-0.07000899314880371,0.39436960220336914,0.32772737741470337,-0.038942452520132065,0.43757617473602295,0.4461374580860138,-0.06160479038953781,0.42313292622566223,0.48797282576560974,-0.05405721440911293,0.40592724084854126,0.49418193101882935,-0.04695909842848778,0.36530324816703796,0.36872807145118713,-0.053597331047058105,0.4036499857902527,0.4563197195529938,-0.0680234432220459,0.3993256390094757,0.4847126603126526,-0.06266702711582184,0.38764488697052,0.4792468547821045,-0.05648612603545189
P,0.250821053981781,0.503166675567627,1.2537083193819853e-07,0.3014528751373291,0.4635901153087616,0.0005606575286947191,0.3353657126426697,0.41002947092056274,-0.0068956175819039345,0.3582915663719177,0.3659939467906952,-0.018031824380159378,0.3807917833328247,0.3220462203025818,-0.028517741709947586,0.32820162177085876,0.29324477910995483,-0.0074326032772660255,0.36413487792015076,0.27677392959594727,-0.02652033418416977,0.39051252603530884,0.259799063205719,-0.04062190651893616,0.4146665930747986,0.24481815099716187,-0.05118388682603836,0.304301381111145,0.2893807291984558,-0.020091557875275612,0.35352402925491333,0.3703201711177826,-0.04954348877072334,0.3727218210697174,0.4437868893146515,-0.059390537440776825,0.3822428584098816,0.49001067876815796,-0.06187717989087105,0.28241199254989624,0.3173144459724426,-0.033230118453502655,0.3308897316455841,0.40877765417099,-0.05422944575548172,0.32021763920783997,0.45391297340393066,-0.048340730369091034,0.30454474687576294,0.46625813841819763,-0.04166145622730255,0.2632995843887329,0.3629510700702667,-0.0477592907845974,0.3065038323402405,0.43544304370880127,-0.06031888723373413,0.3015590012073517,0.468567818403244,-0.05571214109659195,0.288592129945755,0.47085997462272644,-0.049897704273462296
P,0.2864536643028259,0.5166431665420532,1.6520237977601937e-07,0.33794960379600525,0.49730584025382996,0.0016469026450067759,0.3753374218940735,0.46022263169288635,-0.006564159411936998,0.4037154018878937,0.4301854074001312,-0.018759658560156822,0.4320220351219177,0.39820554852485657,-0.030487459152936935,0.3768809735774994,0.355558842420578,-0.00871041789650917,0.4159527122974396,0.34195709228515625,-0.027265483513474464,0.4430354833602905,0.3302913308143616,-0.040023136883974075,0.4671778976917267,0.32356080412864685,-0.04940078780055046,0.35737642645835876,0.34642505645751953,-0.021731339395046234,0.4008159339427948,0.4334755837917328,-0.05061919614672661,0.40995126962661743,0.5078082084655762,-0.05915538966655731,0.41340237855911255,0.5543163418769836,-0.06084398925304413,0.3373734951019287,0.3663550019264221,-0.03477754071354866,0.377422034740448,0.46258169412612915,-0.05607626587152481,0.35776999592781067,0.5032952427864075,-0.04765263572335243,0.3392091691493988,0.5112306475639343,-0.039034467190504074,0.3182682394981384,0.4010525345802307,-0.0489564910531044,0.35343679785728455,0.47735491394996643,-0.061674490571022034,0.34210383892059326,0.5095756649971008,-0.05429637059569359,0.32709169387817383,0.5102953314781189,-0.04633726924657822
P,0.26982149481773376,0.6018009185791016,2.9035535931143386e-07,0.3048771023750305,0.5886616110801697,-0.013044001534581184,0.3369958698749542,0.5699787735939026,-0.03349711745977402,0.35913416743278503,0.567695677280426,-0.05303468182682991,0.38417232036590576,0.5616918802261353,-0.07200925052165985,0.3354089558124542,0.4538065195083618,-0.04989127814769745,0.36363497376441956,0.47768157720565796,-0.08519599586725235,0.38677990436553955,0.49586382508277893,-0.10990011692047119,0.4106990694999695,0.5173260569572449,-0.12587563693523407,0.30376163125038147,0.4496552646160126,-0.05889233201742172,0.3428288996219635,0.5757719874382019,-0.10180768370628357,0.3566504418849945,0.6594021916389465,-0.11096559464931488,0.3662784993648529,0.7237447500228882,-0.11001045256853104,0.27375468611717224,0.4896841049194336,-0.06818275898694992,0.30953171849250793,0.6055996417999268,-0.09522786736488342,0.30536696314811707,0.6086999773979187,-0.08221464604139328,0.2939331531524658,0.5976371765136719,-0.0690230056643486,0.2451859712600708,0.5466888546943665,-0.07994294911623001,0.27794456481933594,0.6322962045669556,-0.09733402729034424,0.2808724045753479,0.6279037594795227,-0.08836842328310013,0.27538377046585083,0.606141984462738,-0.07742001861333847
P,0.3273318111896515,0.6569134593009949,3.679919586829783e-07,0.3775728940963745,0.6378846168518066,-0.0021668672561645508,0.4236341118812561,0.6145861148834229,-0.0163276344537735,0.45970866084098816,0.6106100082397461,-0.03222646936774254,0.49301522970199585,0.6018908619880676,-0.047878582030534744,0.43032339215278625,0.4879298806190491,-0.03382926061749458,0.47986340522766113,0.511573314666748,-0.060944654047489166,0.5155220627784729,0.5295496582984924,-0.08046243339776993,0.5486953258514404,0.548103928565979,-0.09388457238674164,0.40011659264564514,0.48635339736938477,-0.045996490865945816,0.4499471187591553,0.6416875123977661,-0.0780528262257576,0.4584275484085083,0.727118194103241,-0.08259565383195877,0.4666602611541748,0.7818147540092468,-0.08204430341720581,0.3675696849822998,0.5275461673736572,-0.05767180025577545,0.4093642830848694,0.6715400815010071,-0.0762024074792862,0.39104530215263367,0.6632698774337769,-0.06212368980050087,0.3739340901374817,0.6391700506210327,-0.05156615749001503,0.3355604410171509,0.5847265124320984,-0.07126079499721527,0.37832263112068176,0.6893933415412903,-0.07996825128793716,0.36972498893737793,0.688342273235321,-0.06776215136051178,0.3558231592178345,0.6682415008544922,-0.057236459106206894
P,0.46254223585128784,0.646975040435791,3.528452907630708e-07,0.5337647199630737,0.6659456491470337,-0.0008062031702138484,0.5951237082481384,0.6617137789726257,-0.017441662028431892,0.6394952535629272,0.6563848257064819,-0.03770787641406059,0.6867669820785522,0.6483796834945679,-0.05744548887014389,0.6281604766845703,0.5154621601104736,-0.030688535422086716,0.691708505153656,0.5526735782623291,-0.06090738996863365,0.7367452383041382,0.5748001337051392,-0.08270741254091263,0.7748776078224182,0.5994315147399902,-0.09883327782154083,0.5997565984725952,0.5003190040588379,-0.0472404770553112,0.6358665227890015,0.6808288097381592,-0.08800391107797623,0.6297487020492554,0.7836751937866211,-0.09984031319618225,0.6255020499229431,0.8415623903274536,-0.10514433681964874,0.5644155740737915,0.5250880718231201,-0.06287487596273422,0.5956344604492188,0.7014104127883911,-0.08921563625335693,0.5657287836074829,0.7222611904144287,-0.07691629230976105,0.5442619323730469,0.7029352188110352,-0.06794305890798569,0.529244601726532,0.5683410167694092,-0.08016804605722427,0.5608763098716736,0.7041791081428528,-0.09518934041261673,0.5423511266708374,0.7171217203140259,-0.08487607538700104,0.5269642472267151,0.6912127137184143,-0.07577735930681229
P,0.3290284276008606,0.648414134979248,-8.944359564111437e-08,0.3784053921699524,0.6391492486000061,-0.0322905071079731,0.41242533922195435,0.6349727511405945,-0.06222609803080559,0.4222756624221802,0.6395447850227356,-0.0899781808257103,0.40853261947631836,0.6360652446746826,-0.11582953482866287,0.40844646096229553,0.446950227022171,-0.053015224635601044,0.41426587104797363,0.5320336222648621,-0.09675976634025574,0.41313138604164124,0.5813167095184326,-0.127179816365242,0.41017451882362366,0.6038342118263245,-0.14580971002578735,0.3557285666465759,0.4312098026275635,-0.0559140145778656,0.35164445638656616,0.6228460669517517,-0.10615603625774384,0.350953072309494,0.7370059490203857,-0.12086587399244308,0.34998393058776855,0.7954933047294617,-0.12334803491830826,0.3052578568458557,0.4566129148006439,-0.06228761747479439,0.3152831494808197,0.6311631202697754,-0.09838755428791046,0.31971806287765503,0.6815890669822693,-0.09237665683031082,0.3182351589202881,0.6813435554504395,-0.08275706321001053,0.264881432056427,0.5060202479362488,-0.07270143926143646,0.27930647134780884,0.6318264603614807,-0.09604213386774063,0.2854069471359253,0.6694151163101196,-0.09171371906995773,0.28828662633895874,0.6635401248931885,-0.08298265933990479
P,0.47992822527885437,0.5657123327255249,1.8807796209330263e-07,0.5506290197372437,0.5814216732978821,0.00030832597985863686,0.6063440442085266,0.5642890930175781,-0.012601438909769058,0.645588755607605,0.5484316945075989,-0.02966475486755371,0.6883601546287537,0.5366425514221191,-0.046178508549928665,0.6321549415588379,0.4237751364707947,-0.02006424404680729,0.6819894909858704,0.44609126448631287,-0.04759236425161362,0.7191625237464905,0.4638538360595703,-0.06714696437120438,0.7516529560089111,0.48364996910095215,-0.08159907907247543,0.6036676168441772,0.4021763205528259,-0.03659326955676079,0.632138729095459,0.5569871664047241,-0.07620248198509216,0.6213324069976807,0.6631466150283813,-0.08658988773822784,0.6112138032913208,0.7235574722290039,-0.08906082808971405,0.5673593878746033,0.4207334518432617,-0.05322904512286186,0.5939995050430298,0.5829340219497681,-0.08109530061483383,0.5689823627471924,0.61907559633255,-0.07028301060199738,0.548313558101654,0.6102020740509033,-0.06022090092301369,0.5305956602096558,0.4579915702342987,-0.07138241082429886,0.559728741645813,0.5876247882843018,-0.0869060754776001,0.5476207733154297,0.6146789193153381,-0.07769758999347687,0.5340203046798706,0.5974112153053284,-0.06861405819654465
P,0.4082581698894501,0.5907177925109863,-8.129730133532576e-08,0.45055556297302246,0.6057760715484619,-0.024177150800824165,0.4839826226234436,0.608716607093811,-0.05048317462205887,0.49905675649642944,0.6033403277397156,-0.07559594511985779,0.49529188871383667,0.5764689445495605,-0.09740079194307327,0.5095428228378296,0.44875216484069824,-0.04991673678159714,0.5084906220436096,0.467239648103714,-0.09863442927598953,0.508976399898529,0.4721376895904541,-0.12965844571590424,0.5065025091171265,0.4854286015033722,-0.14580203592777252,0.4697723090648651,0.39828163385391235,-0.054227687418460846,0.4491339921951294,0.5909075736999512,-0.10607657581567764,0.4385983645915985,0.6972016096115112,-0.11015964299440384,0.42786863446235657,0.7703812718391418,-0.10009657591581345,0.42169925570487976,0.4062432050704956,-0.0626319870352745,0.4118645489215851,0.5942074656486511,-0.09516821056604385,0.41579383611679077,0.5939196944236755,-0.07560619711875916,0.4173063635826111,0.5581839084625244,-0.05439857020974159,0.37315502762794495,0.44294875860214233,-0.07527434825897217,0.3757050335407257,0.5936779379844666,-0.0968058705329895,0.3862078785896301,0.6039766073226929,-0.08611761778593063,0.3955223262310028,0.5668126344680786,-0.0698295533657074
P,0.35180652141571045,0.6489819884300232,2.3421566197612265e-07,0.35457029938697815,0.6826250553131104,-0.09730160981416702,0.31432390213012695,0.6622062921524048,-0.14445669949054718,0.24249416589736938,0.6258565187454224,-0.16889582574367523,0.1760990023612976,0.5904254913330078,-0.18952836096286774,0.31073978543281555,0.48452916741371155,-0.1465471237897873,0.2014363408088684,0.47903260588645935,-0.1932794153690338,0.13360673189163208,0.48928698897361755,-0.21921513974666595,0.08011457324028015,0.4912673830986023,-0.23588673770427704,0.27376890182495117,0.4498574733734131,-0.10718093812465668,0.1702841818332672,0.4659864604473114,-0.15864481031894684,0.09972788393497467,0.4681801199913025,-0.18361786007881165,0.04530276358127594,0.4688537120819092,-0.1987449675798416,0.24410228431224823,0.45464375615119934,-0.06882168352603912,0.18514913320541382,0.5770629048347473,-0.11266960948705673,0.19530723989009857,0.6784430742263794,-0.11152064800262451,0.21089215576648712,0.7465483546257019,-0.10389509797096252,0.2225407063961029,0.4794987440109253,-0.03773947432637215,0.1896597445011139,0.5885392427444458,-0.07645982503890991,0.20342740416526794,0.6663211584091187,-0.0792011246085167,0.21975494921207428,0.7137997150421143,-0.07398981600999832
P,0.48549583554267883,0.43990230560302734,1.4100044154474745e-07,0.5437783002853394,0.4325438439846039,0.0017389701679348946,0.5871240496635437,0.40197646617889404,-0.006999048870056868,0.6180665493011475,0.37953630089759827,-0.019575517624616623,0.6516638994216919,0.35736435651779175,-0.03203234449028969,0.5940083861351013,0.27700260281562805,-0.01281688455492258,0.6367121934890747,0.2853304445743561,-0.032777201384305954,0.66709303855896,0.2928147315979004,-0.04717922955751419,0.6938064098358154,0.3016310930252075,-0.05779685452580452,0.5708938837051392,0.26950880885124207,-0.02655963972210884,0.611983597278595,0.38460302352905273,-0.056668851524591446,0.6116825938224792,0.4718118906021118,-0.0650835931301117,0.6071850061416626,0.5210263729095459,-0.06697024405002594,0.5445182919502258,0.29399576783180237,-0.04011455178260803,0.581963837146759,0.4087442457675934,-0.062899149954319,0.5636385083198547,0.4539547264575958,-0.054908011108636856,0.5454139113426208,0.46280184388160706,-0.04644149914383888,0.5181961059570312,0.3327280580997467,-0.05455690994858742,0.5530669689178467,0.42079630494117737,-0.06765267252922058,0.5461850762367249,0.45413869619369507,-0.05991079658269882,0.5337417721748352,0.4552266299724579,-0.051669929176568985
P,0.4284108579158783,0.6003310680389404,2.4538252318961895e-08,0.47565847635269165,0.5862537622451782,-0.008498800918459892,0.5116305351257324,0.5398246049880981,-0.018048670142889023,0.5343598127365112,0.498212993144989,-0.029398784041404724,0.5569698214530945,0.45965394377708435,-0.04081864282488823,0.5123959183692932,0.41061389446258545,-0.01688751019537449,0.5391448736190796,0.39492833614349365,-0.03830166906118393,0.5604260563850403,0.37450626492500305,-0.052282094955444336,0.5815100073814392,0.35665687918663025,-0.06121129170060158,0.48341822624206543,0.3856959939002991,-0.024249035865068436,0.513367772102356,0.4730561375617981,-0.05729016289114952,0.5162333846092224,0.5610503554344177,-0.06556382030248642,0.5148066878318787,0.623188316822052,-0.06393367052078247,0.4524417817592621,0.3973316252231598,-0.032755058258771896,0.4827158451080322,0.5005502700805664,-0.061175957322120667,0.4745430052280426,0.5681191682815552,-0.05677274614572525,0.4646298289299011,0.6067395806312561,-0.04686566814780235,0.42174863815307617,0.4298475384712219,-0.04264602065086365,0.4495044946670532,0.5125091671943665,-0.06088870391249657,0.4498608410358429,0.5626002550125122,-0.05752527341246605,0.4440605342388153,0.5849653482437134,-0.04966702684760094
P,0.41270363330841064,0.6745724081993103,-2.867983006638042e-08,0.4579993188381195,0.6830220222473145,-0.027474693953990936,0.48941949009895325,0.6904571652412415,-0.054369520395994186,0.5026823878288269,0.7038194537162781,-0.07888303697109222,0.507667601108551,0.7046967148780823,-0.10230414569377899,0.49912992119789124,0.5524847507476807,-0.058600444346666336,0.5056927800178528,0.6190307140350342,-0.10265063494443893,0.5078805685043335,0.6429047584533691,-0.13096235692501068,0.5082144737243652,0.6610856652259827,-0.14648255705833435,0.45602279901504517,0.5331076979637146,-0.06053007394075394,0.45810791850090027,0.7141702175140381,-0.10841673612594604,0.4575127959251404,0.8090001940727234,-0.11504394561052322,0.45411747694015503,0.871554434299469,-0.11008485406637192,0.411126047372818,0.5533340573310852,-0.0654401034116745,0.4185751676559448,0.7089934349060059,-0.09772936254739761,0.42476436495780945,0.7098684310913086,-0.08690846711397171,0.42624810338020325,0.6850402355194092,-0.07310158014297485,0.37012729048728943,0.5938150882720947,-0.07384827733039856,0.381551593542099,0.7108458280563354,-0.0947728082537651,0.3917756676673889,0.7161744236946106,-0.08807260543107986,0.3985256850719452,0.689387857913971,-0.07683269679546356
P,0.4028746783733368,0.6664919257164001,3.005461337579618e-07,0.4661844074726105,0.6485509276390076,-0.0014791610883548856,0.5189502835273743,0.6236702799797058,-0.016147159039974213,0.5600057244300842,0.6208066940307617,-0.03369685262441635,0.6005109548568726,0.6176525950431824,-0.05075450614094734,0.5318964719772339,0.49143049120903015,-0.028126001358032227,0.5875012874603271,0.5259813070297241,-0.055246394127607346,0.6245705485343933,0.554189920425415,-0.07455706596374512,0.6550067067146301,0.5821748971939087,-0.08890940994024277,0.501422643661499,0.49575167894363403,-0.0444495715200901,0.5525206327438354,0.6422354578971863,-0.08271805942058563,0.5527347922325134,0.7449856996536255,-0.0929519534111023,0.5512470006942749,0.8028619885444641,-0.09617888927459717,0.46819743514060974,0.5367484092712402,-0.06031936779618263,0.5146200060844421,0.6847220063209534,-0.08534727990627289,0.4927082657814026,0.7060819864273071,-0.07524511963129044,0.47273945808410645,0.6876545548439026,-0.06684312969446182,0.436915785074234,0.5927603244781494,-0.07776499539613724,0.4808826744556427,0.7054657936096191,-0.09098917990922928,0.4691859185695648,0.7183915972709656,-0.08175212144851685,0.45415738224983215,0.6951338052749634,-0.07365739345550537
P,0.44087621569633484,0.6086536049842834,2.2668946542125923e-07,0.5017263293266296,0.6086255311965942,0.0004281801520846784,0.548707902431488,0.5828982591629028,-0.009345783852040768,0.5827417969703674,0.5605713129043579,-0.022545237094163895,0.6174427270889282,0.5353372097015381,-0.03507688641548157,0.5582299828529358,0.4646475613117218,-0.013810060918331146,0.6110706925392151,0.4796135723590851,-0.03374527767300606,0.6458247900009155,0.48437511920928955,-0.046694472432136536,0.6745565533638,0.49193647503852844,-0.05570045858621597,0.5416392683982849,0.46233946084976196,-0.025932207703590393,0.5853821039199829,0.5789281725883484,-0.05386145040392876,0.5835777521133423,0.6492218375205994,-0.05930684879422188,0.580774188041687,0.6888573169708252,-0.05972032994031906,0.5223401784896851,0.48779013752937317,-0.0383046455681324,0.560999870300293,0.6077349185943604,-0.05952424556016922,0.5374046564102173,0.6385298371315002,-0.05004535987973213,0.5197869539260864,0.6375279426574707,-0.040994156152009964,0.5047046542167664,0.5267897248268127,-0.05171577259898186,0.5381491780281067,0.6200658679008484,-0.06238085404038429,0.5220630168914795,0.6407592296600342,-0.05411139503121376,0.5075364708900452,0.6312631964683533,-0.04618002101778984
Q,0.2154453694820404,0.5115561485290527,3.7450226386681607e-07,0.2762812376022339,0.5429064035415649,-0.0017233557300642133,0.32790884375572205,0.574500560760498,-0.016265099868178368,0.3597065806388855,0.6284340023994446,-0.03389813378453255,0.3860104978084564,0.6857489347457886,-0.05208861455321312,0.3640194535255432,0.4533537030220032,-0.025704780593514442,0.3931935131549835,0.5507876873016357,-0.05231298878788948,0.41279882192611694,0.6186253428459167,-0.07159452140331268,0.42785346508026123,0.677500307559967,-0.0847124233841896,0.33396583795547485,0.4337995648384094,-0.04028793424367905,0.34927883744239807,0.5961256623268127,-0.07154075056314468,0.32900872826576233,0.6793079376220703,-0.07926788181066513,0.31532204151153564,0.7182661294937134,-0.08188781142234802,0.2953752279281616,0.4401441514492035,-0.05500378459692001,0.30996695160865784,0.5955912470817566,-0.0807737335562706,0.2867152988910675,0.6317566633224487,-0.07365879416465759,0.26958197355270386,0.6232593059539795,-0.06507699191570282,0.25837114453315735,0.4612240195274353,-0.07065965980291367,0.2772780954837799,0.5866648554801941,-0.08322528004646301,0.26945528388023376,0.617587149143219,-0.07404191046953201,0.260929137468338,0.6062940359115601,-0.06509401649236679
Q,0.2669420838356018,0.45506277680397034,2.6498136662667093e-07,0.3244677484035492,0.4942875802516937,0.0016236332012340426,0.3702957034111023,0.5171548128128052,-0.008523390628397465,0.401994526386261,0.5518049001693726,-0.022254029288887978,0.43008530139923096,0.5947621464729309,-0.03562918305397034,0.40892043709754944,0.395614892244339,-0.009231962263584137,0.4372464120388031,0.47581613063812256,-0.028500262647867203,0.4585050642490387,0.5226042866706848,-0.04316252842545509,0.4765799939632416,0.5655862092971802,-0.053555820137262344,0.3916241526603699,0.3782240152359009,-0.02225586213171482,0.40809178352355957,0.5113712549209595,-0.045950040221214294,0.38719281554222107,0.5785629153251648,-0.05133240297436714,0.3724544048309326,0.612245500087738,-0.05235147848725319,0.3653828799724579,0.38268762826919556,-0.0357435904443264,0.3798699676990509,0.5108559131622314,-0.05536969006061554,0.3532789349555969,0.5391382575035095,-0.04791660234332085,0.33491918444633484,0.5352503061294556,-0.0396868921816349,0.33747971057891846,0.4005911946296692,-0.050112321972846985,0.35292041301727295,0.5022690296173096,-0.05957666039466858,0.3376881182193756,0.5264888405799866,-0.05136347562074661,0.3248066306114197,0.5193381905555725,-0.04334060102701187
Q,0.3325631022453308,0.44312119483947754,3.1236450581673125e-07,0.3912917673587799,0.4837641417980194,0.001821448327973485,0.44168621301651,0.5091091990470886,-0.009404151700437069,0.47582823038101196,0.5444843769073486,-0.02469736523926258,0.5071223974227905,0.5856567621231079,-0.04009023308753967,0.4833950400352478,0.37954866886138916,-0.011432388797402382,0.52130526304245,0.4702184498310089,-0.03393762186169624,0.5451634526252747,0.5262037515640259,-0.05075555294752121,0.5647889971733093,0.5746560096740723,-0.062238242477178574,0.4633093476295471,0.35630273818969727,-0.025632182136178017,0.48756739497184753,0.4954128861427307,-0.05421413108706474,0.4655960202217102,0.5745408535003662,-0.06144292280077934,0.4476386308670044,0.614025354385376,-0.06264984607696533,0.43357375264167786,0.3579820394515991,-0.040131039917469025,0.45488792657852173,0.49349668622016907,-0.06367451697587967,0.427692711353302,0.5366030931472778,-0.05576559901237488,0.4062499403953552,0.5378334522247314,-0.046199504286050797,0.40224340558052063,0.3748498260974884,-0.05534102022647858,0.42280957102775574,0.4840061664581299,-0.06752466410398483,0.40668654441833496,0.5163096189498901,-0.0586414597928524,0.39033380150794983,0.5090063810348511,-0.04929383844137192
Q,0.4343793988227844,0.4223823845386505,3.7710802303081437e-07,0.5072632431983948,0.48411786556243896,-0.002440820215269923,0.5717219114303589,0.5171438455581665,-0.017595170065760612,0.6170009970664978,0.5644054412841797,-0.036840226501226425,0.6588197350502014,0.6195787191390991,-0.0552905909717083,0.6267438530921936,0.3471100330352783,-0.015804849565029144,0.6717615127563477,0.47531646490097046,-0.04467611759901047,0.7017346620559692,0.5477607250213623,-0.0657963976264,0.7278780341148376,0.611793041229248,-0.08031153678894043,0.6039558053016663,0.3199153542518616,-0.031419020146131516,0.6288406848907471,0.5108975172042847,-0.06988142430782318,0.5951831340789795,0.5986276268959045,-0.07824704796075821,0.5711443424224854,0.6430767774581909,-0.07810565829277039,0.5693140029907227,0.32512620091438293,-0.048239175230264664,0.5883481502532959,0.5147457122802734,-0.08142628520727158,0.54486483335495,0.5540345907211304,-0.07158755511045456,0.5162769556045532,0.5506357550621033,-0.05786499008536339,0.5321565866470337,0.35003650188446045,-0.06628235429525375,0.5536943078041077,0.49982941150665283,-0.0832778811454773,0.5286064743995667,0.532376229763031,-0.07284566015005112,0.5094878077507019,0.5227699279785156,-0.060804419219493866
Q,0.3744240999221802,0.48950958251953125,1.8466062101651914e-07,0.44609710574150085,0.5142666101455688,-0.02332575060427189,0.5064994692802429,0.5295932292938232,-0.05288088694214821,0.5459842681884766,0.5948488116264343,-0.08475638926029205,0.5759152173995972,0.6822350025177002,-0.11682040989398956,0.539035439491272,0.32523155212402344,-0.047711919993162155,0.5749301910400391,0.4195435643196106,-0.09646976739168167,0.6006675958633423,0.5085006356239319,-0.13054049015045166,0.6247162222862244,0.5917936563491821,-0.14960050582885742,0.4912155866622925,0.29052552580833435,-0.05825560912489891,0.5041322112083435,0.4899778366088867,-0.11314703524112701,0.4878224730491638,0.6272311210632324,-0.12848348915576935,0.47300297021865845,0.7139896154403687,-0.12989701330661774,0.435023695230484,0.2948024272918701,-0.07181303948163986,0.45192646980285645,0.49843859672546387,-0.11799316853284836,0.43951255083084106,0.6043779850006104,-0.11525826156139374,0.4260980188846588,0.6552525758743286,-0.10225275158882141,0.3821468949317932,0.32248005270957947,-0.08836700767278671,0.4025348424911499,0.46919092535972595,-0.11156751960515976,0.4031065106391907,0.5306193828582764,-0.10418174415826797,0.39915889501571655,0.5446828603744507,-0.09171336144208908
Q,0.2471890151500702,0.5785996317863464,8.859826294838058e-08,0.29068633913993835,0.5710271596908569,-0.015072731301188469,0.3307005763053894,0.5585953593254089,-0.03222579136490822,0.36273860931396484,0.5700798630714417,-0.05087774619460106,0.3925248682498932,0.5992721319198608,-0.06954418867826462,0.34244251251220703,0.3974609673023224,-0.02440606988966465,0.3747595548629761,0.4385663866996765,-0.0529489740729332,0.39658379554748535,0.4834371507167816,-0.07378027588129044,0.41615763306617737,0.5246644020080566,-0.0857190266251564,0.30854299664497375,0.37479573488235474,-0.029898781329393387,0.3291485607624054,0.48657187819480896,-0.06156890094280243,0.3249209225177765,0.5792770385742188,-0.07079527527093887,0.319480299949646,0.641018807888031,-0.0718124583363533,0.2705221176147461,0.38133785128593445,-0.03765198215842247,0.29141753911972046,0.5060404539108276,-0.0649108737707138,0.2870657444000244,0.5751082301139832,-0.06354144960641861,0.27973878383636475,0.6130767464637756,-0.05631982162594795,0.23490303754806519,0.40520673990249634,-0.047385621815919876,0.2556720972061157,0.4984920918941498,-0.06173674017190933,0.25950583815574646,0.5474787950515747,-0.05754043906927109,0.2577410936355591,0.5678642988204956,-0.049933984875679016
Q,0.25009357929229736,0.5050303339958191,3.439819522554899e-07,0.31680765748023987,0.52762770652771,-0.0010941035579890013,0.3725283741950989,0.5462466478347778,-0.01567288674414158,0.4100206196308136,0.5934474468231201,-0.03378676995635033,0.4406135082244873,0.6522778272628784,-0.052496835589408875,0.40461692214012146,0.40303024649620056,-0.023160498589277267,0.4409696161746979,0.5039145350456238,-0.05038333684206009,0.4636785387992859,0.5717893242835999,-0.06983514875173569,0.48152321577072144,0.63322913646698,-0.08277557045221329,0.3735145628452301,0.3881087899208069,-0.03827894851565361,0.40050995349884033,0.5593819618225098,-0.07015998661518097,0.3806164562702179,0.6449612975120544,-0.07741907238960266,0.365384578704834,0.684420645236969,-0.079370878636837,0.3343665599822998,0.40049394965171814,-0.05382383614778519,0.3601713478565216,0.5627343654632568,-0.08166731894016266,0.33537647128105164,0.6055441498756409,-0.07607968896627426,0.31525474786758423,0.6020103693008423,-0.06778779625892639,0.29702267050743103,0.4278179407119751,-0.07005882263183594,0.32581233978271484,0.5557856559753418,-0.08408477157354355,0.3170066475868225,0.5929778218269348,-0.07575137913227081,0.3054882287979126,0.5864193439483643,-0.06689528375864029
Q,0.20412452518939972,0.585788369178772,4.0815976376507024e-07,0.2662816345691681,0.6016074419021606,-0.011990511789917946,0.31864655017852783,0.6198484301567078,-0.03372151777148247,0.35277414321899414,0.6839284300804138,-0.057055678218603134,0.37978804111480713,0.7550814151763916,-0.08099384605884552,0.3430865406990051,0.47633811831474304,-0.042272694408893585,0.3772483468055725,0.5901961922645569,-0.07930133491754532,0.3966769874095917,0.6698605418205261,-0.10652125626802444,0.4120834767818451,0.7382910847663879,-0.1245565116405487,0.30026674270629883,0.4603929817676544,-0.054886072874069214,0.3243558406829834,0.6381097435951233,-0.09590668231248856,0.30930474400520325,0.7399572134017944,-0.10708578675985336,0.29941365122795105,0.791151762008667,-0.11143466085195541,0.2527666687965393,0.47627705335617065,-0.0683857649564743,0.27895233035087585,0.6519075036048889,-0.1003400981426239,0.2589002251625061,0.6979851722717285,-0.09172819554805756,0.23931211233139038,0.6886156797409058,-0.08135126531124115,0.2097683846950531,0.5060905814170837,-0.08400299400091171,0.24068567156791687,0.6390597224235535,-0.10125250369310379,0.23958837985992432,0.675260603427887,-0.09050656855106354,0.23187710344791412,0.661706268787384,-0.07954959571361542
Q,0.28340721130371094,0.4883282482624054,2.826414231549279e-07,0.3373562693595886,0.5177247524261475,-0.0010146950371563435,0.38056913018226624,0.5341860055923462,-0.012589599005877972,0.41231435537338257,0.5641821622848511,-0.027269456535577774,0.441969096660614,0.5988630056381226,-0.04162700101733208,0.4120367169380188,0.41109466552734375,-0.013022919185459614,0.4470091164112091,0.4883115589618683,-0.03265057131648064,0.46838751435279846,0.5336332321166992,-0.047250114381313324,0.4860574007034302,0.5734421610832214,-0.057227812707424164,0.39427444338798523,0.39101237058639526,-0.02445082925260067,0.4152491092681885,0.5173065662384033,-0.0490061454474926,0.39912769198417664,0.5848975777626038,-0.055037472397089005,0.38599517941474915,0.6197801232337952,-0.05619686841964722,0.3685188889503479,0.39593759179115295,-0.036400582641363144,0.3880122900009155,0.5153049230575562,-0.057011377066373825,0.36460694670677185,0.548978865146637,-0.05124171823263168,0.346148282289505,0.551077127456665,-0.043678827583789825,0.3422433137893677,0.4151412546634674,-0.049190446734428406,0.3627298176288605,0.5092188119888306,-0.05982309207320213,0.3505688011646271,0.5393827557563782,-0.0528331883251667,0.3380650579929352,0.5404369831085205,-0.045182619243860245
Q,0.30284416675567627,0.379295289516449,1.6049058615408285e-07,0.3421873152256012,0.39899688959121704,-0.0012622777139768004,0.3798459768295288,0.4056244492530823,-0.00915539637207985,0.405832976102829,0.4275878965854645,-0.020209109410643578,0.4283175468444824,0.46067696809768677,-0.031910788267850876,0.40566834807395935,0.3033803403377533,-0.005957106128334999,0.4297376573085785,0.35229259729385376,-0.023845139890909195,0.4463619887828827,0.38606518507003784,-0.03749952092766762,0.4612453579902649,0.4187549352645874,-0.046147070825099945,0.3909129500389099,0.2747892141342163,-0.014727200381457806,0.40394553542137146,0.37022262811660767,-0.0367477722465992,0.38697075843811035,0.42617180943489075,-0.04309284687042236,0.37324801087379456,0.4582797884941101,-0.0437140017747879,0.36816659569740295,0.26465561985969543,-0.024598896503448486,0.3797607719898224,0.36139020323753357,-0.045901935547590256,0.35807549953460693,0.40241050720214844,-0.043234895914793015,0.34121111035346985,0.4186903238296509,-0.036372896283864975,0.3421958088874817,0.2667282521724701,-0.03503519669175148,0.35677820444107056,0.34047064185142517,-0.04793541133403778,0.34636247158050537,0.37888211011886597,-0.04377096891403198,0.3357689678668976,0.39433518052101135,-0.037054020911455154
Q,0.21373054385185242,0.545078456401825,1.3919574826104508e-07,0.2658941149711609,0.5555519461631775,-0.012376455590128899,0.3076368272304535,0.5662319660186768,-0.030927611514925957,0.338163286447525,0.6095181107521057,-0.051295291632413864,0.36255133152008057,0.6626588702201843,-0.07186140865087509,0.32610565423965454,0.42024001479148865,-0.027446076273918152,0.3495258390903473,0.4889119267463684,-0.05961955338716507,0.3660893440246582,0.5480485558509827,-0.08304319530725479,0.37997305393218994,0.5981081128120422,-0.09675872325897217,0.29389381408691406,0.40610471367836,-0.036527667194604874,0.30924588441848755,0.5206786394119263,-0.0710596889257431,0.30368146300315857,0.6121378540992737,-0.08233800530433655,0.2962309718132019,0.6672157645225525,-0.08523356914520264,0.25648313760757446,0.41676321625709534,-0.047507382929325104,0.2735132575035095,0.537257730960846,-0.07542604207992554,0.2675764262676239,0.5949012041091919,-0.07493896037340164,0.256936639547348,0.6114802360534668,-0.06905433535575867,0.22074277698993683,0.44156718254089355,-0.0602448508143425,0.23903492093086243,0.5380736589431763,-0.07358702272176743,0.24186156690120697,0.580799400806427,-0.06858929991722107,0.237884983420372,0.588334858417511,-0.06155754625797272
Q,0.21746261417865753,0.6848360896110535,-1.3509696827895823e-07,0.26868751645088196,0.705112874507904,-0.023009933531284332,0.3078846335411072,0.7307817935943604,-0.051013633608818054,0.3353288173675537,0.7837815284729004,-0.08005450665950775,0.35242077708244324,0.827311635017395,-0.10738185793161392,0.3228733241558075,0.5367914438247681,-0.04620670899748802,0.33822715282440186,0.6520668268203735,-0.09646759927272797,0.3415362536907196,0.7596870064735413,-0.13154786825180054,0.34273645281791687,0.8484941124916077,-0.14686992764472961,0.2740878462791443,0.5159484148025513,-0.051952898502349854,0.27348843216896057,0.7043157815933228,-0.09358169883489609,0.2700381278991699,0.8013328909873962,-0.10299714654684067,0.2639600336551666,0.8600977659225464,-0.10214199125766754,0.22372223436832428,0.530200183391571,-0.0612596832215786,0.23354554176330566,0.7130790948867798,-0.08938008546829224,0.23443959653377533,0.7657507658004761,-0.07787706702947617,0.23083242774009705,0.7770124673843384,-0.061905406415462494,0.18122857809066772,0.558555543422699,-0.07443984597921371,0.19538289308547974,0.6884186863899231,-0.08459119498729706,0.20465809106826782,0.724807858467102,-0.07045374810695648,0.20903483033180237,0.72420734167099,-0.05365966260433197
Q,0.37633782625198364,0.6335715055465698,3.6658036606240785e-07,0.4405069947242737,0.6664991974830627,-0.0023062799591571093,0.49708712100982666,0.6850555539131165,-0.017015796154737473,0.5374369621276855,0.7203101515769958,-0.03496173396706581,0.5732199549674988,0.7626156806945801,-0.05354692414402962,0.5266550779342651,0.5251951217651367,-0.022104691714048386,0.5727120637893677,0.6146949529647827,-0.047820188105106354,0.602689802646637,0.6725749969482422,-0.06714757531881332,0.6282011270523071,0.7250761985778809,-0.08046158403158188,0.5000724196434021,0.5039617419242859,-0.035703014582395554,0.5329368114471436,0.664120078086853,-0.06766072660684586,0.5148593187332153,0.7488899827003479,-0.07487031817436218,0.4983087182044983,0.7920536994934082,-0.07631579786539078,0.46387749910354614,0.5163092613220215,-0.04975620284676552,0.49693140387535095,0.6705326437950134,-0.07766596227884293,0.4709872007369995,0.7183254957199097,-0.0705205574631691,0.4478887915611267,0.7244238257408142,-0.0608549602329731,0.4281378984451294,0.5462260246276855,-0.06453091651201248,0.46280714869499207,0.6656330823898315,-0.07923104614019394,0.4519249498844147,0.7038459181785583,-0.07032864540815353,0.43680763244628906,0.7039300799369812,-0.060632653534412384
Q,0.5890794396400452,0.5202454328536987,3.6232580669093295e-07,0.654364824295044,0.565952479839325,-0.002191269537433982,0.7133957743644714,0.5898972153663635,-0.01701250672340393,0.7551104426383972,0.6276041269302368,-0.036152780055999756,0.7937972545623779,0.6792117357254028,-0.05588438734412193,0.7558502554893494,0.43707630038261414,-0.016706964001059532,0.8019973039627075,0.5302935242652893,-0.04544554650783539,0.8347907066345215,0.585994303226471,-0.06740692257881165,0.8636375069618225,0.6378330588340759,-0.08225749433040619,0.7359108924865723,0.3960828185081482,-0.031342748552560806,0.7579156756401062,0.5526160597801208,-0.06926997005939484,0.7302083373069763,0.6365389227867126,-0.07881005853414536,0.7065044045448303,0.682087779045105,-0.07919630408287048,0.7029964923858643,0.3876926898956299,-0.046945057809352875,0.7216405272483826,0.5422309637069702,-0.08107051253318787,0.6849715113639832,0.5963425636291504,-0.07429180294275284,0.6559661626815796,0.6119709014892578,-0.06196378916501999,0.6661483645439148,0.3986487090587616,-0.06345267593860626,0.6875603795051575,0.5210561156272888,-0.0845671072602272,0.6676240563392639,0.572374165058136,-0.07715900987386703,0.6478909850120544,0.5877195000648499,-0.0659094750881195
Q,0.5044808983802795,0.4717262089252472,2.756651724666881e-07,0.5696738958358765,0.4932577908039093,-0.01411721296608448,0.625357985496521,0.5104846954345703,-0.03670879825949669,0.6647593975067139,0.5770196318626404,-0.0614834800362587,0.6973850131034851,0.6497887372970581,-0.08649659156799316,0.6585532426834106,0.3355032503604889,-0.039006803184747696,0.6924212574958801,0.4416617453098297,-0.07819389551877975,0.7141719460487366,0.5205422043800354,-0.10668586939573288,0.7339965105056763,0.590535044670105,-0.12502944469451904,0.618842601776123,0.3062399923801422,-0.051588643342256546,0.6287693381309509,0.4951704442501068,-0.0964970737695694,0.6119241714477539,0.6097859144210815,-0.1088365688920021,0.598850667476654,0.6758124828338623,-0.11226486414670944,0.5691593885421753,0.31206515431404114,-0.06613795459270477,0.583078920841217,0.5008325576782227,-0.10191330313682556,0.5644176602363586,0.5600239038467407,-0.09740140289068222,0.5461384654045105,0.5650386810302734,-0.08838316798210144,0.5211031436920166,0.33701246976852417,-0.08314971625804901,0.5410647392272949,0.4846625030040741,-0.10357711464166641,0.5384925603866577,0.5336979031562805,-0.09716501832008362,0.5310192704200745,0.5313302278518677,-0.08790554851293564
Q,0.24878932535648346,0.5344616174697876,-1.0560317775798467e-07,0.29566311836242676,0.526345431804657,-0.014937327243387699,0.335146963596344,0.5184171795845032,-0.033700838685035706,0.3691718876361847,0.5399336218833923,-0.05430898442864418,0.3957352638244629,0.5661096572875977,-0.07421188801527023,0.33879533410072327,0.3496582508087158,-0.0286409929394722,0.36424925923347473,0.40561866760253906,-0.06223127618432045,0.37807831168174744,0.470579594373703,-0.0860440656542778,0.386227548122406,0.5289828181266785,-0.09705641120672226,0.3004745543003082,0.3324735760688782,-0.03383750841021538,0.3176407217979431,0.47456094622612,-0.06461367011070251,0.3175910413265228,0.571204662322998,-0.07378382980823517,0.31601908802986145,0.6383127570152283,-0.07512083649635315,0.25993165373802185,0.3455949127674103,-0.04140418395400047,0.28019973635673523,0.4896123707294464,-0.06594674289226532,0.2807652950286865,0.558952271938324,-0.06413285434246063,0.27937397360801697,0.6016724109649658,-0.057015106081962585,0.222548708319664,0.3728247582912445,-0.05130067840218544,0.24241216480731964,0.47149428725242615,-0.06395696848630905,0.25103408098220825,0.5214824676513672,-0.05901419371366501,0.2566545903682709,0.5463247895240784,-0.05049305781722069
Q,0.20926162600517273,0.47154170274734497,1.2475393873501162e-07,0.2540971636772156,0.47278621792793274,-0.00450389739125967,0.29173028469085693,0.46511971950531006,-0.01630319468677044,0.31864747405052185,0.4743124842643738,-0.03040841594338417,0.34355923533439636,0.4954945743083954,-0.04537467658519745,0.29807502031326294,0.3411925137042999,-0.015396565198898315,0.3245643377304077,0.37362533807754517,-0.0353555791079998,0.34296876192092896,0.4028206169605255,-0.05130062624812126,0.3604569137096405,0.43328121304512024,-0.062050700187683105,0.2747000455856323,0.32260796427726746,-0.02437611110508442,0.2960318624973297,0.4191657602787018,-0.050214361399412155,0.29345062375068665,0.49610385298728943,-0.060383666306734085,0.2897353172302246,0.548006534576416,-0.06400066614151001,0.24670109152793884,0.32819664478302,-0.034059904515743256,0.2679237723350525,0.4108867943286896,-0.05511754751205444,0.26127713918685913,0.45549476146698,-0.056639909744262695,0.2530294954776764,0.47934767603874207,-0.05449962615966797,0.21767885982990265,0.3476041853427887,-0.04455907270312309,0.23762206733226776,0.4090195298194885,-0.05744784325361252,0.24220606684684753,0.451547771692276,-0.05583252012729645,0.24352715909481049,0.4755057096481323,-0.05200404301285744
Q,0.17586736381053925,0.5613765120506287,-4.876939030395988e-08,0.21629230678081512,0.5702876448631287,-0.01090873870998621,0.24858921766281128,0.5751689076423645,-0.025778256356716156,0.27270710468292236,0.6016464233398438,-0.04218766838312149,0.2961592674255371,0.628400444984436,-0.0583907850086689,0.2574496567249298,0.4450668692588806,-0.023877320811152458,0.2749248445034027,0.4848543405532837,-0.050597719848155975,0.28650543093681335,0.5313054919242859,-0.06962362676858902,0.2938306927680969,0.5754348635673523,-0.07901980727910995,0.22876128554344177,0.4277949333190918,-0.029016368091106415,0.23597882688045502,0.5391770005226135,-0.05567847937345505,0.23395203053951263,0.6152172088623047,-0.06335858255624771,0.22948835790157318,0.6657994985580444,-0.06394383311271667,0.19682450592517853,0.43636444211006165,-0.03572484105825424,0.20713362097740173,0.5452464818954468,-0.055272698402404785,0.2061573565006256,0.5925138592720032,-0.05206557363271713,0.20163343846797943,0.6159651279449463,-0.045167554169893265,0.1665274053812027,0.4583045244216919,-0.044259749352931976,0.177303284406662,0.5356174111366272,-0.0536898598074913,0.18363206088542938,0.568581759929657,-0.04842321574687958,0.18693825602531433,0.580851137638092,-0.0407664030790329
Q,0.1844668984413147,0.7527485489845276,-1.8841423354842846e-07,0.22739152610301971,0.7665161490440369,-0.022655975073575974,0.2628379464149475,0.7791792154312134,-0.0472705140709877,0.28811606764793396,0.818515956401825,-0.07239789515733719,0.30445340275764465,0.8488818407058716,-0.09537404030561447,0.27442866563796997,0.5974280834197998,-0.043482109904289246,0.2842915654182434,0.6851865649223328,-0.0878758355975151,0.28636473417282104,0.7780802249908447,-0.11681219935417175,0.2858223021030426,0.8552857637405396,-0.12829111516475677,0.22964921593666077,0.5790110230445862,-0.046709995716810226,0.22765804827213287,0.7498984336853027,-0.0834454819560051,0.22750650346279144,0.8376464247703552,-0.08999787271022797,0.224248006939888,0.8921125531196594,-0.0876704603433609,0.1844431608915329,0.5950214862823486,-0.05349132791161537,0.19223490357398987,0.7602334022521973,-0.07815948128700256,0.1954571157693863,0.8104639053344727,-0.06702066957950592,0.19451123476028442,0.826876699924469,-0.05228064954280853,0.1457815170288086,0.6257122755050659,-0.06403452157974243,0.15782788395881653,0.7412052750587463,-0.07413800060749054,0.16834957897663116,0.7755740284919739,-0.06310157477855682,0.17552684247493744,0.7778798937797546,-0.04901666194200516
Q,0.2942354083061218,0.573940098285675,2.757696790922637e-07,0.35399848222732544,0.5798870921134949,-0.003606774378567934,0.4016580581665039,0.5744621753692627,-0.01693839021027088,0.43969690799713135,0.5893266201019287,-0.03312353044748306,0.47673606872558594,0.6111398339271545,-0.04918366298079491,0.41100063920021057,0.43095481395721436,-0.015606450848281384,0.4566904902458191,0.48537033796310425,-0.03789569437503815,0.48666226863861084,0.5196565985679626,-0.05471265688538551,0.5127355456352234,0.5510939955711365,-0.06621842831373215,0.38925594091415405,0.41937536001205444,-0.026959143579006195,0.43075382709503174,0.5408194661140442,-0.05555203557014465,0.4214901626110077,0.6197920441627502,-0.06207120046019554,0.4102672040462494,0.6627553701400757,-0.06253471225500107,0.36260169744491577,0.43767666816711426,-0.0391877256333828,0.4023168981075287,0.5552744269371033,-0.06443969905376434,0.38114437460899353,0.6073490977287292,-0.05757667124271393,0.36079317331314087,0.6233562231063843,-0.047885462641716,0.33695968985557556,0.4710639715194702,-0.05238783732056618,0.37350448966026306,0.5608201026916504,-0.06613543629646301,0.3636890649795532,0.5995054841041565,-0.05833914130926132,0.3492816388607025,0.607427716255188,-0.049189697951078415
Q,0.3392605185508728,0.47458958625793457,2.1545231732034154e-07,0.39067456126213074,0.48102766275405884,-0.0026190965436398983,0.433706134557724,0.4737835228443146,-0.012840715236961842,0.46729332208633423,0.4807809889316559,-0.026280628517270088,0.5006152987480164,0.49204036593437195,-0.0395381785929203,0.44661760330200195,0.33857282996177673,-0.007727144751697779,0.4874623119831085,0.3822353482246399,-0.027893006801605225,0.5148725509643555,0.407543808221817,-0.042972270399332047,0.539147138595581,0.4309272766113281,-0.05281250551342964,0.4273760914802551,0.31564760208129883,-0.018177105113863945,0.46210330724716187,0.4157150685787201,-0.04559088498353958,0.45371758937835693,0.4883063733577728,-0.05328541249036789,0.4430440068244934,0.5327185988426208,-0.05346764624118805,0.4030168652534485,0.3202890455722809,-0.029813816770911217,0.43395882844924927,0.4246828258037567,-0.0555260106921196,0.41305848956108093,0.4792460799217224,-0.051523420959711075,0.3944666087627411,0.5023966431617737,-0.04247870296239853,0.37838947772979736,0.3413396179676056,-0.042259056121110916,0.40721896290779114,0.4220779240131378,-0.05775073543190956,0.39887022972106934,0.46779975295066833,-0.05253571644425392,0.38765066862106323,0.48604637384414673,-0.04416624456644058
Q,0.27596795558929443,0.6090034246444702,2.9523530997721537e-07,0.3382852375507355,0.5981473922729492,-0.003509863745421171,0.3874894678592682,0.5815911889076233,-0.01719222590327263,0.42778241634368896,0.5967549085617065,-0.03398924320936203,0.46481332182884216,0.627709150314331,-0.05112328380346298,0.38697248697280884,0.43192559480667114,-0.01804579235613346,0.43277987837791443,0.5041638612747192,-0.044159021228551865,0.4612683653831482,0.552717924118042,-0.06236489489674568,0.4858897924423218,0.5963984727859497,-0.07412561774253845,0.3566039800643921,0.4302654564380646,-0.030682897195219994,0.4077706038951874,0.5559064745903015,-0.06258567422628403,0.40422385931015015,0.6463136076927185,-0.07067885994911194,0.3968160152435303,0.6942263245582581,-0.07177736610174179,0.3239988088607788,0.4583227038383484,-0.04439200460910797,0.37274882197380066,0.5816118717193604,-0.07419604808092117,0.36054301261901855,0.6466445326805115,-0.07083094865083694,0.3440704345703125,0.6666873693466187,-0.062181256711483,0.29526808857917786,0.5005031228065491,-0.058713413774967194,0.34027865529060364,0.5957121849060059,-0.07527415454387665,0.34142082929611206,0.6419944763183594,-0.06950145214796066,0.33251118659973145,0.6504083871841431,-0.061263564974069595
Q,0.2702895700931549,0.5392615795135498,2.281541782167551e-07,0.33159247040748596,0.5567722320556641,0.0020395047031342983,0.3759334683418274,0.5590517520904541,-0.006584020797163248,0.41027170419692993,0.5802204608917236,-0.019302362576127052,0.43967294692993164,0.612621545791626,-0.030684171244502068,0.3890279233455658,0.40950196981430054,-0.0009601607453078032,0.43054747581481934,0.4867253005504608,-0.01984558254480362,0.4536341428756714,0.5349661707878113,-0.03425774723291397,0.47142764925956726,0.5780548453330994,-0.04378598555922508,0.3766714036464691,0.4042131006717682,-0.01288349274545908,0.4172009229660034,0.5228174328804016,-0.0348610058426857,0.4024670422077179,0.5882316827774048,-0.03961104527115822,0.3875487148761749,0.6206873059272766,-0.03966670483350754,0.36101001501083374,0.4249686300754547,-0.026102200150489807,0.39777663350105286,0.5383012890815735,-0.0445542186498642,0.3788490891456604,0.5816900730133057,-0.03872111812233925,0.36093735694885254,0.5926716327667236,-0.03100723773241043,0.3461572825908661,0.4595623016357422,-0.040270473808050156,0.37582990527153015,0.5515695214271545,-0.048805639147758484,0.36321407556533813,0.5805696845054626,-0.04273570701479912,0.3484804630279541,0.5814276337623596,-0.03613625466823578
Q,0.2827158272266388,0.5755563378334045,2.5115022594945913e-07,0.33781102299690247,0.5689273476600647,-0.009775199927389622,0.38563865423202515,0.5527294278144836,-0.026400288566946983,0.42499667406082153,0.5713495016098022,-0.045055173337459564,0.4617505669593811,0.6097272038459778,-0.06344924867153168,0.3882702887058258,0.3808753490447998,-0.019046392291784286,0.42790332436561584,0.4519957900047302,-0.048657793551683426,0.4549487829208374,0.5009312629699707,-0.07006273418664932,0.4801225960254669,0.5449034571647644,-0.08316954225301743,0.3583291172981262,0.3697494566440582,-0.028980141505599022,0.40321850776672363,0.4857192933559418,-0.06486891210079193,0.4011740982532501,0.579444408416748,-0.07604283094406128,0.3952177166938782,0.6389217972755432,-0.07762441784143448,0.3256647288799286,0.3891708254814148,-0.04096588119864464,0.3687165081501007,0.5073452591896057,-0.07402074337005615,0.36476266384124756,0.5839560031890869,-0.07445459812879562,0.3555644452571869,0.6228194832801819,-0.06695647537708282,0.2957862317562103,0.4270402789115906,-0.05417172983288765,0.33490321040153503,0.5207533836364746,-0.07360317558050156,0.3408920168876648,0.5762059688568115,-0.07150549441576004,0.3383689820766449,0.6004092693328857,-0.06484723091125488
Q,0.2485906183719635,0.6519668698310852,3.819043286057422e-07,0.3231537938117981,0.6333603858947754,-0.009781762026250362,0.38712772727012634,0.613029956817627,-0.02977130375802517,0.4407253861427307,0.641404390335083,-0.05259344354271889,0.48855769634246826,0.6852360367774963,-0.07555223256349564,0.3826275169849396,0.41455620527267456,-0.027716750279068947,0.4435626268386841,0.5162127614021301,-0.0629938468337059,0.4810163974761963,0.5808191895484924,-0.08613058924674988,0.512009859085083,0.636681079864502,-0.10032738745212555,0.3439290225505829,0.4145449697971344,-0.04147764667868614,0.4142601191997528,0.571203351020813,-0.08577846735715866,0.41016215085983276,0.6890339851379395,-0.09716477245092392,0.39928123354911804,0.7521365284919739,-0.09747418016195297,0.3035374879837036,0.45305290818214417,-0.056924812495708466,0.3729446530342102,0.6070276498794556,-0.09902387112379074,0.36145028471946716,0.6918727159500122,-0.09801309555768967,0.34145545959472656,0.7164409756660461,-0.08723682165145874,0.2686420679092407,0.5097072720527649,-0.07316716760396957,0.3348272442817688,0.6298885345458984,-0.09772422164678574,0.3398978114128113,0.6904454231262207,-0.09289107471704483,0.32917237281799316,0.7020415663719177,-0.08291734009981155
Q,0.27003610134124756,0.5014925599098206,5.203922910368419e-07,0.34445178508758545,0.5152519345283508,-0.006900548003613949,0.4090650975704193,0.5627245903015137,-0.030095761641860008,0.4484368860721588,0.6560003757476807,-0.05432477220892906,0.47542858123779297,0.7430304884910583,-0.0787593275308609,0.44974276423454285,0.43916991353034973,-0.05245663970708847,0.4851658046245575,0.585142970085144,-0.08475811779499054,0.5087801218032837,0.6732405424118042,-0.10510915517807007,0.5256502628326416,0.7468901872634888,-0.11851489543914795,0.4118412137031555,0.43811896443367004,-0.06717055290937424,0.4384613633155823,0.6509032249450684,-0.09917858242988586,0.41191229224205017,0.7228910326957703,-0.10003412514925003,0.3944944143295288,0.7458050847053528,-0.09987887740135193,0.36580437421798706,0.46434053778648376,-0.08147077262401581,0.39606842398643494,0.6638015508651733,-0.10601352900266647,0.37430980801582336,0.692680299282074,-0.0912460908293724,0.35798659920692444,0.6732549071311951,-0.0791679173707962,0.3222680389881134,0.5040444135665894,-0.09725242108106613,0.35870638489723206,0.6595291495323181,-0.106850765645504,0.35335132479667664,0.6763948202133179,-0.09266608953475952,0.34424012899398804,0.6477544903755188,-0.08150952309370041
Q,0.3053542971611023,0.4703330099582672,3.782107569350046e-07,0.37875446677207947,0.5045078992843628,-0.006142181344330311,0.435231477022171,0.5279127359390259,-0.02468269132077694,0.47829923033714294,0.5794126391410828,-0.04655147343873978,0.5143278241157532,0.636505663394928,-0.06714677065610886,0.47184231877326965,0.3609495162963867,-0.019663110375404358,0.5145774483680725,0.4766557812690735,-0.04706108570098877,0.5414546728134155,0.5431812405586243,-0.06614682078361511,0.5625759959220886,0.5993399024009705,-0.079100601375103,0.4466753602027893,0.354175329208374,-0.032563466578722,0.48275843262672424,0.525486171245575,-0.06318839639425278,0.45766764879226685,0.6058619618415833,-0.06753942370414734,0.4401206970214844,0.6381925940513611,-0.06758763641119003,0.41460779309272766,0.37762749195098877,-0.04721870273351669,0.4525788724422455,0.5425196290016174,-0.07349123805761337,0.42440909147262573,0.5896702408790588,-0.06266540288925171,0.4021642208099365,0.5889970064163208,-0.051067180931568146,0.38321322202682495,0.41704705357551575,-0.06351733207702637,0.41933125257492065,0.5463845729827881,-0.07595191895961761,0.40456661581993103,0.57490473985672,-0.065883569419384,0.3891034424304962,0.5604451298713684,-0.0561879463493824
Q,0.43090879917144775,0.43295156955718994,3.213237107502209e-07,0.5004309415817261,0.48347392678260803,-0.0013213853817433119,0.5565581321716309,0.5075769424438477,-0.014024141244590282,0.5971245765686035,0.5509830713272095,-0.03140479698777199,0.633598804473877,0.5990841388702393,-0.047568440437316895,0.5912072658538818,0.33929064869880676,-0.006103166379034519,0.6400096416473389,0.44647446274757385,-0.030959295108914375,0.6705453395843506,0.5133708119392395,-0.049502164125442505,0.6948621273040771,0.5702720880508423,-0.06228398531675339,0.5768888592720032,0.32497739791870117,-0.020357465371489525,0.6128523349761963,0.48716282844543457,-0.052796393632888794,0.5820657014846802,0.56246018409729,-0.05911271274089813,0.556811511516571,0.5930708050727844,-0.05838407576084137,0.5541048645973206,0.3397001624107361,-0.036493249237537384,0.5879675149917603,0.4943273067474365,-0.06409158557653427,0.5532400012016296,0.5392516851425171,-0.054209232330322266,0.526398777961731,0.5405198335647583,-0.04177847504615784,0.5292403697967529,0.3728376626968384,-0.054086968302726746,0.5579456090927124,0.49662622809410095,-0.06873773783445358,0.5358359813690186,0.5251430869102478,-0.05999217554926872,0.514953076839447,0.5136534571647644,-0.05014832317829132
Q,0.45630356669425964,0.437237024307251,3.703109996422427e-07,0.5318357944488525,0.4811369776725769,-0.005598580464720726,0.5913087129592896,0.5072686076164246,-0.02525901235640049,0.6334897875785828,0.5678074359893799,-0.049230556935071945,0.671217143535614,0.6368818283081055,-0.07326939702033997,0.6265121698379517,0.3286823034286499,-0.022454284131526947,0.6742475032806396,0.4437430799007416,-0.05555737391114235,0.704148530960083,0.5199276208877563,-0.07901493459939957,0.7292138338088989,0.5878571271896362,-0.09428511559963226,0.6002746820449829,0.3037480115890503,-0.037600722163915634,0.636070728302002,0.4837184548377991,-0.0774291455745697,0.6021080017089844,0.5720059871673584,-0.08568291366100311,0.5758653879165649,0.6056629419326782,-0.08517930656671524,0.5633401274681091,0.31241995096206665,-0.05430980026721954,0.5989735722541809,0.4801417887210846,-0.08967652171850204,0.5663203597068787,0.5428958535194397,-0.0818469375371933,0.5396713614463806,0.550019383430481,-0.0687328353524208,0.5254346132278442,0.3413107097148895,-0.0723496749997139,0.557253360748291,0.47566619515419006,-0.09292037039995193,0.5456346869468689,0.5257570743560791,-0.08507723361253738,0.5304222702980042,0.5275723338127136,-0.07396308332681656
Q,0.32983264327049255,0.5066760182380676,2.449121723202552e-07,0.3897808790206909,0.5374389886856079,-0.0022355136461555958,0.44094958901405334,0.5547593832015991,-0.013540416955947876,0.47886258363723755,0.5914226770401001,-0.028233209624886513,0.5124017596244812,0.6301390528678894,-0.04155608266592026,0.4704151451587677,0.4074963331222534,-0.008198308758437634,0.5125585794448853,0.49972003698349,-0.030753469094634056,0.5386525392532349,0.5559670925140381,-0.046851638704538345,0.5601048469543457,0.6069129705429077,-0.05752309039235115,0.4538828730583191,0.3977274000644684,-0.02002282813191414,0.4887154698371887,0.5435113310813904,-0.04892199859023094,0.4634294807910919,0.6108350157737732,-0.0535634383559227,0.44473424553871155,0.6436293125152588,-0.05206283926963806,0.4319816529750824,0.4144168198108673,-0.033525437116622925,0.4620944857597351,0.5588496327400208,-0.05783257260918617,0.430896520614624,0.5908362865447998,-0.049044180661439896,0.40920716524124146,0.5901259779930115,-0.03786816820502281,0.4095844328403473,0.4468567967414856,-0.048364873975515366,0.43565791845321655,0.5585970878601074,-0.05963165685534477,0.4170069992542267,0.5767964124679565,-0.051671430468559265,0.4013572931289673,0.5645185708999634,-0.04313592612743378
R,0.2546915113925934,0.8260413408279419,3.834849167105858e-07,0.304680734872818,0.7814807891845703,-0.019724495708942413,0.3289443254470825,0.6957360506057739,-0.02442014403641224,0.3046957552433014,0.6260901093482971,-0.029539845883846283,0.2711416184902191,0.5881924629211426,-0.03412964195013046,0.31136298179626465,0.5959257483482361,-0.005682974588125944,0.30591538548469543,0.5081639289855957,-0.018819602206349373,0.2947155237197876,0.447096586227417,-0.028346553444862366,0.2813184857368469,0.3916229009628296,-0.03540704771876335,0.27993083000183105,0.59014493227005,-0.007888595573604107,0.29098209738731384,0.4842965006828308,-0.02401682734489441,0.29772475361824036,0.4271068274974823,-0.031996600329875946,0.30015435814857483,0.3828117847442627,-0.034965671598911285,0.24807241559028625,0.60880446434021,-0.013572163879871368,0.24464096128940582,0.5241346955299377,-0.04675956442952156,0.2547348737716675,0.6001402139663696,-0.049032941460609436,0.26188787817955017,0.6637420058250427,-0.04012145474553108,0.21671411395072937,0.6475349068641663,-0.020425569266080856,0.22251886129379272,0.596545398235321,-0.05113321915268898,0.2381845861673355,0.6505696773529053,-0.05161960422992706,0.24677103757858276,0.7007442712783813,-0.04459850862622261
R,0.3527187407016754,0.8203118443489075,4.226541818752594e-07,0.4061460793018341,0.7783054709434509,-0.017948517575860023,0.43543171882629395,0.6880412101745605,-0.02156086079776287,0.41478097438812256,0.6158155798912048,-0.02606915682554245,0.38502663373947144,0.5775676965713501,-0.02990085817873478,0.41652122139930725,0.5724276900291443,-0.00379450642503798,0.41499942541122437,0.4782017767429352,-0.015938520431518555,0.41053640842437744,0.4152020215988159,-0.0245867557823658,0.40574148297309875,0.3589874505996704,-0.030758757144212723,0.3847004473209381,0.5655927062034607,-0.007372944615781307,0.3964124619960785,0.45551085472106934,-0.02267373912036419,0.40710002183914185,0.39254048466682434,-0.030993903055787086,0.41598445177078247,0.33918315172195435,-0.03440173715353012,0.35107409954071045,0.583355724811554,-0.014115559868514538,0.3550526201725006,0.4926879405975342,-0.04742982238531113,0.3628757894039154,0.5688325762748718,-0.05060604214668274,0.3669288456439972,0.6343321800231934,-0.04229336977005005,0.3180376887321472,0.6233774423599243,-0.02177409827709198,0.328716903924942,0.572546124458313,-0.05302972346544266,0.3437211215496063,0.631162703037262,-0.053717028349637985,0.3502050042152405,0.6863548159599304,-0.04655294120311737
R,0.3134244680404663,0.8536586165428162,4.4717867808685696e-07,0.3626866340637207,0.802068293094635,-0.0281476192176342,0.38355764746665955,0.7144248485565186,-0.03935398906469345,0.3466246724128723,0.6497105956077576,-0.05068471282720566,0.3090091943740845,0.6019222140312195,-0.06031108647584915,0.36747103929519653,0.5871353149414062,-0.011331616900861263,0.3513241410255432,0.4920366406440735,-0.0344020240008831,0.33140087127685547,0.42924588918685913,-0.05082007125020027,0.3083434998989105,0.37124964594841003,-0.06189526617527008,0.3295421898365021,0.5817127823829651,-0.014625005424022675,0.3350466787815094,0.4617229700088501,-0.04159543290734291,0.3331136107444763,0.39602476358413696,-0.05546972528100014,0.32742783427238464,0.339295357465744,-0.06016587093472481,0.2941380739212036,0.6089770793914795,-0.02282753586769104,0.27926966547966003,0.5283475518226624,-0.06678727269172668,0.2929093837738037,0.6220230460166931,-0.06917421519756317,0.3066365420818329,0.6874153017997742,-0.057200442999601364,0.26045018434524536,0.6636737585067749,-0.03312677890062332,0.2578020393848419,0.6238396167755127,-0.07146470993757248,0.27745872735977173,0.6864220499992371,-0.0718187540769577,0.2940604090690613,0.7298431396484375,-0.06260589510202408
R,0.3672211766242981,0.8475329875946045,4.793038215211709e-07,0.4161432087421417,0.8037647008895874,-0.02276131510734558,0.45147591829299927,0.7215535640716553,-0.034070614725351334,0.440662145614624,0.6550339460372925,-0.04588275030255318,0.41409486532211304,0.6155921220779419,-0.05615784600377083,0.41973575949668884,0.5804670453071594,-0.016003144904971123,0.4244178235530853,0.49551451206207275,-0.03676091879606247,0.4251600503921509,0.436557799577713,-0.04994476959109306,0.42680221796035767,0.38251805305480957,-0.05846938490867615,0.3837440311908722,0.574399471282959,-0.020487425848841667,0.39436349272727966,0.4726330637931824,-0.045054417103528976,0.4107462465763092,0.41810905933380127,-0.05745512619614601,0.42654621601104736,0.37391218543052673,-0.0626954510807991,0.34866490960121155,0.5958024859428406,-0.028067925944924355,0.3710956573486328,0.5335970520973206,-0.06601759791374207,0.3900797963142395,0.6150745749473572,-0.06872174888849258,0.4009803235530853,0.6813856959342957,-0.059993378818035126,0.3197258710861206,0.6400755643844604,-0.03736282140016556,0.3508080244064331,0.6287657022476196,-0.07031810283660889,0.3733768165111542,0.6887173652648926,-0.07282799482345581,0.38449907302856445,0.7375232577323914,-0.06665276736021042
R,0.37769943475723267,0.829729437828064,5.193105607759207e-07,0.4255277216434479,0.7774935960769653,-0.007923509925603867,0.4565688967704773,0.7078374624252319,-0.0189431793987751,0.4728951156139374,0.656598687171936,-0.03379606083035469,0.470272958278656,0.6045273542404175,-0.045898884534835815,0.41969895362854004,0.5679836869239807,-0.008459721691906452,0.44760221242904663,0.4929113984107971,-0.030227500945329666,0.46600887179374695,0.44094276428222656,-0.04360883682966232,0.48112452030181885,0.39891982078552246,-0.05120754614472389,0.3913388252258301,0.5665155649185181,-0.021114299073815346,0.41842690110206604,0.45824992656707764,-0.04630418121814728,0.450575053691864,0.4114164113998413,-0.05499277263879776,0.47700634598731995,0.38067901134490967,-0.056642454117536545,0.3714474141597748,0.590033233165741,-0.03598785027861595,0.4336163401603699,0.5398146510124207,-0.06825542449951172,0.45062607526779175,0.6181910634040833,-0.06384924054145813,0.4519349932670593,0.6766257882118225,-0.05150822922587395,0.36641237139701843,0.6334200501441956,-0.05217460170388222,0.42777612805366516,0.6315162777900696,-0.07535096257925034,0.43681591749191284,0.6861816644668579,-0.07190001010894775,0.43035033345222473,0.7246594429016113,-0.06325194239616394
R,0.3595438003540039,0.7833705544471741,6.608712510569603e-07,0.35293230414390564,0.6805403828620911,0.01336084958165884,0.3632271885871887,0.5929366946220398,0.004224956966936588,0.38315916061401367,0.5328916311264038,-0.009971830993890762,0.4022349715232849,0.4951494634151459,-0.022005639970302582,0.3605510890483856,0.5396018028259277,-0.022698331624269485,0.414503812789917,0.4506906270980835,-0.04660014063119888,0.45022615790367126,0.4186858534812927,-0.05745590850710869,0.47818994522094727,0.4074501395225525,-0.06268395483493805,0.37400612235069275,0.5680131316184998,-0.04375621676445007,0.42501288652420044,0.4418002963066101,-0.0780985876917839,0.46361225843429565,0.3877060115337372,-0.08989673107862473,0.4937625229358673,0.35459721088409424,-0.093934565782547,0.3943345546722412,0.6129395365715027,-0.06096719577908516,0.46290159225463867,0.5338322520256042,-0.0849483460187912,0.46460238099098206,0.5795934796333313,-0.06817133724689484,0.4507657587528229,0.6107831001281738,-0.05042241886258125,0.41962575912475586,0.6678460240364075,-0.07738741487264633,0.4753550589084625,0.6151236295700073,-0.08473999053239822,0.4703570604324341,0.6443540453910828,-0.06491925567388535,0.4511665403842926,0.6639568209648132,-0.046595249325037
R,0.30411261320114136,0.7658793926239014,4.985616897101863e-07,0.3586362600326538,0.7329971194267273,-0.023929324001073837,0.3960809111595154,0.6494412422180176,-0.033524371683597565,0.3815516233444214,0.5753493905067444,-0.043115925043821335,0.3563411235809326,0.5258784294128418,-0.0510636605322361,0.37262311577796936,0.5202298164367676,-0.015469398349523544,0.3791537284851074,0.4270675778388977,-0.033916275948286057,0.3812750577926636,0.361910343170166,-0.045115258544683456,0.3839447498321533,0.3034408986568451,-0.05273117870092392,0.3386288285255432,0.5070416331291199,-0.018601592630147934,0.3528826832771301,0.39457225799560547,-0.04157485440373421,0.37235623598098755,0.3418212831020355,-0.05272010713815689,0.39014315605163574,0.30162712931632996,-0.05723106861114502,0.30368295311927795,0.5204287171363831,-0.025040321052074432,0.3243425190448761,0.44768649339675903,-0.06368953734636307,0.33771777153015137,0.5317615866661072,-0.06645114719867706,0.343576043844223,0.598385751247406,-0.05737079679965973,0.2720118761062622,0.5561519265174866,-0.03298017755150795,0.30011630058288574,0.5332633256912231,-0.06703484803438187,0.32002002000808716,0.5964124202728271,-0.06938700377941132,0.3279970586299896,0.6472464203834534,-0.06319261342287064
R,0.23699700832366943,0.7358677387237549,3.699512376442726e-07,0.27485570311546326,0.740402102470398,-0.05586287006735802,0.29737359285354614,0.6885979771614075,-0.08342832326889038,0.26598620414733887,0.5970430374145508,-0.10359138250350952,0.24405275285243988,0.5159398913383484,-0.12019713968038559,0.3397112786769867,0.5533718466758728,-0.04873768240213394,0.3273683786392212,0.452566921710968,-0.08830692619085312,0.3133499324321747,0.3743674159049988,-0.1149585023522377,0.29605597257614136,0.3067672848701477,-0.1303596794605255,0.30857664346694946,0.5098278522491455,-0.04035748168826103,0.3266587257385254,0.3917709290981293,-0.08279875665903091,0.3246966004371643,0.3272760212421417,-0.10248108208179474,0.3186675012111664,0.27940285205841064,-0.10713335871696472,0.2750650644302368,0.49723660945892334,-0.03867245838046074,0.2493979036808014,0.42702943086624146,-0.09147482365369797,0.235142320394516,0.5121623277664185,-0.09752464294433594,0.23637183010578156,0.5779067277908325,-0.08564699441194534,0.23924925923347473,0.5075703859329224,-0.041131652891635895,0.21592453122138977,0.4708510935306549,-0.08232871443033218,0.21182605624198914,0.5389725565910339,-0.08394087851047516,0.22212988138198853,0.5908817052841187,-0.07433132827281952
R,0.25620877742767334,0.7831780910491943,1.526744242141831e-08,0.17418627440929413,0.8157200813293457,-0.08734219521284103,0.12864498794078827,0.7355399131774902,-0.1291683465242386,0.12686479091644287,0.5953941345214844,-0.1487414836883545,0.1295715868473053,0.480060338973999,-0.16406047344207764,0.24586263298988342,0.6680582165718079,-0.15319380164146423,0.19581902027130127,0.4829673767089844,-0.19045323133468628,0.15691907703876495,0.37715238332748413,-0.20374687016010284,0.12075156718492508,0.28948816657066345,-0.21248304843902588,0.27686381340026855,0.5822240114212036,-0.11879858374595642,0.2228076159954071,0.3876728415489197,-0.15846817195415497,0.16542664170265198,0.29739731550216675,-0.16754114627838135,0.11807210743427277,0.23460274934768677,-0.17234638333320618,0.2820899784564972,0.5325760841369629,-0.08398646116256714,0.21605166792869568,0.3932740092277527,-0.12299469858407974,0.17762909829616547,0.39474838972091675,-0.12518690526485443,0.1571139246225357,0.40803781151771545,-0.12145185470581055,0.26825591921806335,0.5022501945495605,-0.05372029170393944,0.21158768236637115,0.4132264256477356,-0.08843611925840378,0.17766760289669037,0.4197099804878235,-0.09539376944303513,0.16369940340518951,0.43587538599967957,-0.09516575187444687
R,0.33221304416656494,0.7550902962684631,4.426697728376894e-07,0.3818570077419281,0.7298125624656677,-0.02618194743990898,0.4130583107471466,0.6596019864082336,-0.03812510892748833,0.39097273349761963,0.5925642251968384,-0.050440676510334015,0.35978472232818604,0.5412918329238892,-0.06167851388454437,0.40923112630844116,0.5230128765106201,-0.0169460978358984,0.40635907649993896,0.434596985578537,-0.040767695754766464,0.3981098234653473,0.3708096742630005,-0.05714033544063568,0.38612741231918335,0.30805832147598267,-0.06796959787607193,0.37396007776260376,0.5033388137817383,-0.021332941949367523,0.393951416015625,0.38968443870544434,-0.04856115207076073,0.40176814794540405,0.32895737886428833,-0.0622854046523571,0.40479567646980286,0.27754512429237366,-0.0668766051530838,0.337354838848114,0.5168634057044983,-0.029583914205431938,0.33609989285469055,0.4367385506629944,-0.0715303048491478,0.33907002210617065,0.5272917151451111,-0.0739288404583931,0.3442573547363281,0.5976473093032837,-0.06257688999176025,0.3003336787223816,0.558892548084259,-0.03969684988260269,0.3059658110141754,0.5234982967376709,-0.07534285634756088,0.3189425766468048,0.5877230167388916,-0.07482875138521194,0.32948192954063416,0.6383901238441467,-0.06536860764026642
R,0.3794999122619629,0.7520103454589844,4.6146010390657466e-07,0.42131373286247253,0.7135032415390015,-0.017219841480255127,0.4544747769832611,0.6399211883544922,-0.027826525270938873,0.45522448420524597,0.5742673873901367,-0.039748065173625946,0.4308556318283081,0.5416668653488159,-0.05001663416624069,0.42599308490753174,0.5116360187530518,-0.015128827653825283,0.43698081374168396,0.4289000630378723,-0.03407227620482445,0.4412807822227478,0.3733319640159607,-0.04575382545590401,0.4453081488609314,0.32298803329467773,-0.05336063355207443,0.3942103683948517,0.5041770339012146,-0.021555272862315178,0.4084925353527069,0.4010313153266907,-0.04404696449637413,0.42954036593437195,0.3489082455635071,-0.05401845648884773,0.44801080226898193,0.30801981687545776,-0.05776156112551689,0.36301055550575256,0.5224549174308777,-0.030192939564585686,0.3928792476654053,0.4624837636947632,-0.06356590986251831,0.4097653925418854,0.5385382175445557,-0.06314471364021301,0.416164755821228,0.6009703278541565,-0.05338830128312111,0.33923426270484924,0.5620502829551697,-0.04030391946434975,0.37568747997283936,0.550708532333374,-0.06782699376344681,0.39605996012687683,0.6047552227973938,-0.06752357631921768,0.4037672281265259,0.6504010558128357,-0.06043807044625282
R,0.3241817355155945,0.6167750358581543,2.9819292990396207e-07,0.36090555787086487,0.6007086038589478,-0.015854738652706146,0.3841516077518463,0.5524012446403503,-0.021376900374889374,0.37086236476898193,0.5007771253585815,-0.027077246457338333,0.35379377007484436,0.4655977785587311,-0.0321480892598629,0.3849443197250366,0.4698736369609833,-0.007334677968174219,0.3877074420452118,0.40720897912979126,-0.01888270117342472,0.38654088973999023,0.3630000352859497,-0.026750074699521065,0.38514456152915955,0.32275667786598206,-0.03188544139266014,0.3619460463523865,0.4588610827922821,-0.00953623279929161,0.37610164284706116,0.38549017906188965,-0.02296794205904007,0.38514164090156555,0.34362247586250305,-0.03003598190844059,0.3925020694732666,0.30730804800987244,-0.032560836523771286,0.33694055676460266,0.46573927998542786,-0.014245993457734585,0.340632826089859,0.41549205780029297,-0.039700284600257874,0.34131574630737305,0.4715133309364319,-0.04189923778176308,0.3418623208999634,0.5151612758636475,-0.03515797108411789,0.31042152643203735,0.4874299466609955,-0.01986554265022278,0.31831201910972595,0.4572376012802124,-0.041738152503967285,0.3256881535053253,0.4992249310016632,-0.041136179119348526,0.32945215702056885,0.5345772504806519,-0.035099126398563385
R,0.3275972902774811,0.5254050493240356,2.0692836244506907e-07,0.35587078332901,0.510361909866333,-0.01235597301274538,0.37390896677970886,0.4756825566291809,-0.016195686534047127,0.3656330704689026,0.433743417263031,-0.02047920785844326,0.3533967435359955,0.40207362174987793,-0.02400999702513218,0.3798135817050934,0.4131262004375458,-0.0024767795111984015,0.38392555713653564,0.36143332719802856,-0.013000862672924995,0.3840995728969574,0.32508087158203125,-0.019991591572761536,0.38311266899108887,0.2914893627166748,-0.02389831840991974,0.3639250099658966,0.39842715859413147,-0.0042658355087041855,0.37590861320495605,0.33853334188461304,-0.016762487590312958,0.37897989153862,0.2954430878162384,-0.023610329255461693,0.3811390995979309,0.25802385807037354,-0.025408850982785225,0.3459503948688507,0.39735084772109985,-0.008340700529515743,0.3427550494670868,0.3638680875301361,-0.029504312202334404,0.33840498328208923,0.406756192445755,-0.032444167882204056,0.3378477394580841,0.44173383712768555,-0.026987144723534584,0.3260726034641266,0.4075429439544678,-0.01323273777961731,0.3252846300601959,0.39136338233947754,-0.030271001160144806,0.32704973220825195,0.42549508810043335,-0.030131468549370766,0.33093172311782837,0.45528504252433777,-0.025052720680832863
R,0.2644703984260559,0.4470805525779724,2.3234942148064874e-07,0.2903272211551666,0.42847368121147156,-0.010488268919289112,0.3100793659687042,0.3883386254310608,-0.015710551291704178,0.3051382005214691,0.3513859808444977,-0.021757954731583595,0.290466845035553,0.3303769528865814,-0.027404814958572388,0.3011845648288727,0.3115203082561493,-0.007898284122347832,0.303028404712677,0.2671360969543457,-0.019135262817144394,0.3020171821117401,0.2364111989736557,-0.026608295738697052,0.3000674247741699,0.20710906386375427,-0.03165971860289574,0.2825591564178467,0.3062876760959625,-0.011703424155712128,0.29132676124572754,0.2508399188518524,-0.024908138439059258,0.2988404333591461,0.21872255206108093,-0.031769417226314545,0.30426180362701416,0.18973408639431,-0.03484867885708809,0.26229429244995117,0.3170192837715149,-0.0170811228454113,0.2705690562725067,0.2826453447341919,-0.0371105894446373,0.27733248472213745,0.3283140957355499,-0.03784165531396866,0.2797756493091583,0.3625139594078064,-0.03262050077319145,0.2429215908050537,0.34186315536499023,-0.023196719586849213,0.255759060382843,0.3274441659450531,-0.03877805918455124,0.2655138373374939,0.3564831018447876,-0.03787202760577202,0.26905468106269836,0.3792608380317688,-0.033497776836156845
R,0.36306536197662354,0.48629164695739746,2.99713974527549e-07,0.4005751609802246,0.4714452028274536,-0.015397632494568825,0.42600780725479126,0.4245336949825287,-0.022950751706957817,0.4154718220233917,0.37291601300239563,-0.03092726320028305,0.39998650550842285,0.3322015702724457,-0.038569435477256775,0.4286561608314514,0.33751803636550903,-0.013721278868615627,0.4335559010505676,0.27385392785072327,-0.028447410091757774,0.4336216449737549,0.22781215608119965,-0.038274411112070084,0.433531790971756,0.1844199150800705,-0.044785983860492706,0.4036327600479126,0.32177093625068665,-0.01745942048728466,0.4204583764076233,0.2481779158115387,-0.03378794342279434,0.4308762848377228,0.20746733248233795,-0.04214364290237427,0.4396616220474243,0.1710168570280075,-0.0459284782409668,0.37544986605644226,0.325017511844635,-0.023119358345866203,0.38582444190979004,0.27318423986434937,-0.05033116787672043,0.3844452500343323,0.3344893455505371,-0.051525138318538666,0.3826321065425873,0.3818706274032593,-0.04447515308856964,0.34628474712371826,0.34560781717300415,-0.029614904895424843,0.35793665051460266,0.31886982917785645,-0.05299263447523117,0.36564043164253235,0.3643595576286316,-0.05197523161768913,0.3689730167388916,0.40298235416412354,-0.04555557295680046
R,0.4365731477737427,0.7902674674987793,3.6824087601416977e-07,0.48019465804100037,0.7793746590614319,-0.019022341817617416,0.5146332383155823,0.7260491251945496,-0.02684568613767624,0.5062034130096436,0.6672525405883789,-0.03488345071673393,0.4846510589122772,0.6274762153625488,-0.042249664664268494,0.512384831905365,0.6063549518585205,-0.013318830169737339,0.5210453271865845,0.5336073637008667,-0.029019024223089218,0.5241475701332092,0.4840258061885834,-0.03915414959192276,0.5267173051834106,0.43611210584640503,-0.04600830003619194,0.4849347174167633,0.5867882370948792,-0.01648901402950287,0.5049914121627808,0.5027759671211243,-0.03441512584686279,0.5208340287208557,0.46065008640289307,-0.043428242206573486,0.5351818799972534,0.42336755990982056,-0.04740004613995552,0.45411965250968933,0.5918500423431396,-0.022235538810491562,0.4677027761936188,0.5342386960983276,-0.05287652835249901,0.46973738074302673,0.6050973534584045,-0.055474113672971725,0.47013238072395325,0.6628290414810181,-0.04844043031334877,0.42286550998687744,0.6185830235481262,-0.02920154109597206,0.43818214535713196,0.6026802659034729,-0.05639725178480148,0.44898346066474915,0.6563240885734558,-0.05783049017190933,0.4537830054759979,0.7001771330833435,-0.052464257925748825
R,0.6881420612335205,0.8340545892715454,5.593706760009809e-07,0.7471001744270325,0.852942168712616,-0.028320467099547386,0.8049517869949341,0.8104565143585205,-0.04193289950489998,0.8083824515342712,0.7249114513397217,-0.055630479007959366,0.7925745844841003,0.6513141989707947,-0.06841235607862473,0.8247545957565308,0.652280867099762,-0.024151677265763283,0.8542112112045288,0.5671979784965515,-0.04978306591510773,0.8707031607627869,0.5066081285476685,-0.0664222240447998,0.886832058429718,0.4464172124862671,-0.0775265172123909,0.7917420864105225,0.6089556813240051,-0.028864076361060143,0.8386337757110596,0.5129490494728088,-0.058527108281850815,0.8714519739151001,0.4639228880405426,-0.0740598663687706,0.9012194871902466,0.4184587597846985,-0.0812998041510582,0.7497717142105103,0.5953346490859985,-0.03699849545955658,0.7828284502029419,0.5307673811912537,-0.08398550003767014,0.7693401575088501,0.6280527710914612,-0.08821103721857071,0.7565390467643738,0.7020842432975769,-0.07798845320940018,0.7035477161407471,0.608654260635376,-0.0468117780983448,0.7309567928314209,0.6014184355735779,-0.08835514634847641,0.7338154911994934,0.6816874146461487,-0.09113721549510956,0.7302291393280029,0.74155193567276,-0.08345536142587662
R,0.3712795078754425,0.673080563545227,3.4852430985665706e-07,0.40800905227661133,0.6216712594032288,-0.01863536611199379,0.4218688905239105,0.5431930422782898,-0.02414702996611595,0.3959471881389618,0.48746535181999207,-0.03029826283454895,0.36711370944976807,0.4526813328266144,-0.035223837941884995,0.4052972197532654,0.44452428817749023,-0.004228034056723118,0.39191633462905884,0.3635295033454895,-0.01825307123363018,0.378217875957489,0.3088289797306061,-0.027752075344324112,0.36289530992507935,0.25986844301223755,-0.03429571911692619,0.3755297064781189,0.4447551667690277,-0.007391392253339291,0.3758900463581085,0.3399507403373718,-0.02454190142452717,0.37591591477394104,0.2842462658882141,-0.03227232024073601,0.3738609850406647,0.2406810224056244,-0.03433623164892197,0.3480985164642334,0.4700620174407959,-0.014075256884098053,0.3374985456466675,0.3965018093585968,-0.04594090208411217,0.3508985638618469,0.4666893780231476,-0.04645758867263794,0.361931174993515,0.5209642648696899,-0.036397796124219894,0.3237377107143402,0.5157474875450134,-0.022028891369700432,0.3246873617172241,0.47021543979644775,-0.04931299388408661,0.3414924144744873,0.517822265625,-0.04753074795007706,0.35325002670288086,0.5583500862121582,-0.03925608471035957
R,0.28463590145111084,0.6819078326225281,2.7795249479822814e-07,0.3199569582939148,0.6378934979438782,-0.011761613190174103,0.33245426416397095,0.5711044073104858,-0.01491874922066927,0.31358015537261963,0.524802565574646,-0.019132183864712715,0.28955915570259094,0.5046321153640747,-0.023248795419931412,0.31477442383766174,0.4944520890712738,-0.003570570144802332,0.3069179952144623,0.43229150772094727,-0.0133177125826478,0.2985195219516754,0.38911473751068115,-0.02066182717680931,0.2899513244628906,0.35159945487976074,-0.02580377273261547,0.29124942421913147,0.49819105863571167,-0.006931054871529341,0.2915404736995697,0.41962215304374695,-0.018641788512468338,0.2938198149204254,0.37218177318573,-0.02550876885652542,0.2953164875507355,0.33206936717033386,-0.02866596356034279,0.2691121995449066,0.5199914574623108,-0.012355636805295944,0.26361724734306335,0.46254199743270874,-0.0357067845761776,0.27564680576324463,0.5097924470901489,-0.038868263363838196,0.2847285866737366,0.5526461601257324,-0.03367263823747635,0.2492682933807373,0.556486964225769,-0.01837831363081932,0.2523750066757202,0.5183749794960022,-0.03957997262477875,0.2689049541950226,0.5501633882522583,-0.04036637768149376,0.2804742455482483,0.5845213532447815,-0.03566864877939224
R,0.17052875459194183,0.6101040840148926,7.806308133240236e-08,0.20071996748447418,0.5590896606445312,-0.00691609364002943,0.21494336426258087,0.5025621652603149,-0.00926683098077774,0.19868841767311096,0.4586239159107208,-0.012978549115359783,0.17454692721366882,0.4475211203098297,-0.0170780960470438,0.19091984629631042,0.459809809923172,0.0036812173202633858,0.18644750118255615,0.40835919976234436,-0.004451304208487272,0.19388042390346527,0.4117391109466553,-0.012421397492289543,0.20233707129955292,0.42286816239356995,-0.017409222200512886,0.17018091678619385,0.46502766013145447,0.0022682908456772566,0.16514986753463745,0.41637492179870605,-0.00607322109863162,0.17560237646102905,0.4351417124271393,-0.013650870881974697,0.1826515644788742,0.4609570801258087,-0.017495503649115562,0.15102453529834747,0.47792792320251465,-0.0006890717777423561,0.14521531760692596,0.43187689781188965,-0.01029225718230009,0.15794521570205688,0.45638903975486755,-0.012447340413928032,0.1660681813955307,0.4864594638347626,-0.011804702691733837,0.1310250610113144,0.4987069368362427,-0.004287104122340679,0.12898263335227966,0.4615333378314972,-0.012064088135957718,0.14339089393615723,0.4751116931438446,-0.011651656590402126,0.1544841229915619,0.4978630542755127,-0.009592842310667038
R,0.37356168031692505,0.6856253147125244,3.5619717664303607e-07,0.4189286530017853,0.6575895547866821,-0.013665313832461834,0.44505056738853455,0.5866509675979614,-0.017963118851184845,0.43442147970199585,0.5291454792022705,-0.023619895800948143,0.4130687713623047,0.49742865562438965,-0.02908620610833168,0.4301226735115051,0.48007798194885254,-0.007427165750414133,0.4347522258758545,0.40158599615097046,-0.02057475596666336,0.4372536242008209,0.34748658537864685,-0.029859203845262527,0.438871294260025,0.2997967004776001,-0.036309950053691864,0.40336814522743225,0.47473037242889404,-0.012585842981934547,0.41431427001953125,0.38118934631347656,-0.02827209234237671,0.4271077513694763,0.32822543382644653,-0.03806399926543236,0.4378679096698761,0.283863365650177,-0.043140243738889694,0.3747142255306244,0.49170708656311035,-0.019806547090411186,0.38401666283607483,0.417545348405838,-0.04930601641535759,0.39589762687683105,0.47992414236068726,-0.05353798344731331,0.4015279710292816,0.5349910855293274,-0.04777117073535919,0.3468252420425415,0.5267967581748962,-0.02756163664162159,0.3617473244667053,0.4848460555076599,-0.054480306804180145,0.3784964382648468,0.5296041369438171,-0.05606521666049957,0.3858150541782379,0.5742031335830688,-0.05090457201004028
R,0.6194084882736206,0.770704448223114,4.4635592644226563e-07,0.6745890974998474,0.7545400857925415,-0.019928695634007454,0.7160835266113281,0.6896742582321167,-0.029002487659454346,0.7123909592628479,0.6210471391677856,-0.0392511822283268,0.691338837146759,0.5766934752464294,-0.0488881841301918,0.7079911828041077,0.554659903049469,-0.015672698616981506,0.7217762470245361,0.4672607183456421,-0.035183534026145935,0.7297196984291077,0.40504711866378784,-0.04828979820013046,0.7363153696060181,0.34843921661376953,-0.05713975429534912,0.6751115322113037,0.5343268513679504,-0.021076733246445656,0.6983502507209778,0.43387800455093384,-0.04363109916448593,0.7191793322563171,0.3807189166545868,-0.05589553713798523,0.7368353009223938,0.33604782819747925,-0.0618283636868,0.6377964615821838,0.5404666662216187,-0.029017645865678787,0.660742998123169,0.47002112865448,-0.06536407023668289,0.6675397157669067,0.5534757375717163,-0.06778625398874283,0.6683401465415955,0.6218436360359192,-0.05930137634277344,0.6006084680557251,0.570408821105957,-0.03823282942175865,0.6272225975990295,0.5450355410575867,-0.06964029371738434,0.6436755657196045,0.6040798425674438,-0.07025665789842606,0.6495904326438904,0.6552281379699707,-0.0633128210902214
R,0.6120817065238953,0.8944089412689209,4.786925273947418e-07,0.666779100894928,0.8950396180152893,-0.021874407306313515,0.7127958536148071,0.841563880443573,-0.032100558280944824,0.7093987464904785,0.7684050798416138,-0.04278485104441643,0.6953133940696716,0.7101096510887146,-0.05244704708456993,0.720935583114624,0.7044697999954224,-0.016654592007398605,0.742931604385376,0.62370365858078,-0.03691659867763519,0.7563695907592773,0.5679288506507874,-0.04989298805594444,0.7688927054405212,0.513898491859436,-0.05846191570162773,0.6905850172042847,0.6729979515075684,-0.021306362003087997,0.7254712581634521,0.5812234282493591,-0.0446629673242569,0.7518796920776367,0.538328230381012,-0.056193865835666656,0.775155782699585,0.4984767436981201,-0.06124104931950569,0.6539315581321716,0.6670736074447632,-0.02898542582988739,0.680572509765625,0.6036148071289062,-0.06749860942363739,0.6763570308685303,0.6892030239105225,-0.07050719112157822,0.6694658994674683,0.7552276849746704,-0.06164843961596489,0.6157039999961853,0.6862858533859253,-0.037942368537187576,0.6412648558616638,0.672587513923645,-0.07151982188224792,0.6477208733558655,0.7408341765403748,-0.07299444824457169,0.6463615894317627,0.7925804853439331,-0.06619023531675339
R,0.48372381925582886,0.8027773499488831,4.050574204939039e-07,0.5292478799819946,0.7752147912979126,-0.017101449891924858,0.5623282194137573,0.7101150155067444,-0.024655509740114212,0.5506393909454346,0.6504178047180176,-0.03334867209196091,0.5276683568954468,0.6087543368339539,-0.041639190167188644,0.5531449317932129,0.5995643138885498,-0.010370139963924885,0.5632367730140686,0.5233880877494812,-0.02665555290877819,0.571011483669281,0.4763914942741394,-0.03847691789269447,0.5786181092262268,0.43419912457466125,-0.04591383412480354,0.5229513049125671,0.5872188806533813,-0.015145481564104557,0.5382387638092041,0.48639440536499023,-0.03248367831110954,0.5531607270240784,0.4292328953742981,-0.04309692233800888,0.5662082433700562,0.3807592988014221,-0.04859171435236931,0.49085336923599243,0.599615752696991,-0.02249765396118164,0.5019172430038452,0.5252661108970642,-0.052539385855197906,0.5094040036201477,0.5915955305099487,-0.05607251450419426,0.5114865899085999,0.6480909585952759,-0.04999604821205139,0.4589093029499054,0.6319566369056702,-0.03083321824669838,0.4747031629085541,0.5957471132278442,-0.05672615393996239,0.4883299767971039,0.6439706087112427,-0.05694011226296425,0.4934651851654053,0.6875881552696228,-0.05116291716694832
R,0.3697584569454193,0.7448174357414246,3.5585307500696217e-07,0.4089984595775604,0.6990795135498047,-0.015178837813436985,0.4264025092124939,0.6180760860443115,-0.020420879125595093,0.40324240922927856,0.5603687763214111,-0.026990558952093124,0.37324753403663635,0.5330965518951416,-0.03307115286588669,0.4066139757633209,0.5201307535171509,-0.0057107312604784966,0.3977413773536682,0.4404764473438263,-0.018689975142478943,0.38838329911231995,0.38805046677589417,-0.027840299531817436,0.3782614767551422,0.3406698703765869,-0.034412942826747894,0.3775572180747986,0.5212844014167786,-0.010527054779231548,0.380047082901001,0.42181646823883057,-0.02669195644557476,0.38592085242271423,0.36783915758132935,-0.03527628257870674,0.38936156034469604,0.32312721014022827,-0.03884413465857506,0.3496735095977783,0.5454248189926147,-0.017924437299370766,0.344169020652771,0.47134798765182495,-0.047876015305519104,0.35917240381240845,0.5374521017074585,-0.04952285811305046,0.3693137764930725,0.5931366682052612,-0.04141296073794365,0.32416462898254395,0.5892658829689026,-0.026209861040115356,0.3283001184463501,0.5431117415428162,-0.05227132886648178,0.3468227982521057,0.5869660377502441,-0.05135393142700195,0.3577711880207062,0.6291863322257996,-0.044391073286533356
R,0.30058610439300537,0.727202832698822,3.029559536571469e-07,0.3383060693740845,0.6727102398872375,-0.015954704955220222,0.34797635674476624,0.5901265740394592,-0.019830917939543724,0.3189222812652588,0.5381607413291931,-0.024449024349451065,0.2880021035671234,0.5157177448272705,-0.028805866837501526,0.3283768892288208,0.5017510652542114,-0.004368913359940052,0.3147391080856323,0.4305107593536377,-0.016078684478998184,0.3001909554004669,0.38124316930770874,-0.025163009762763977,0.2847227156162262,0.33781886100769043,-0.03167058154940605,0.29890358448028564,0.5090068578720093,-0.0071726636961102486,0.2967953085899353,0.41712990403175354,-0.021524284034967422,0.2952571511268616,0.36552250385284424,-0.029581790789961815,0.2917904257774353,0.32353758811950684,-0.032865218818187714,0.27213576436042786,0.5379277467727661,-0.012635897845029831,0.26069846749305725,0.4717518091201782,-0.040369339287281036,0.27436769008636475,0.5304123163223267,-0.04235389456152916,0.2848583161830902,0.5805832743644714,-0.0348716601729393,0.24858202040195465,0.5843501687049866,-0.01903773657977581,0.24836613237857819,0.5354611277580261,-0.043511103838682175,0.26580050587654114,0.5761322975158691,-0.04212280362844467,0.27773553133010864,0.6171566247940063,-0.03494850546121597
R,0.3566599190235138,0.7070399522781372,3.3069895266635285e-07,0.40107715129852295,0.6733521223068237,-0.017310453578829765,0.4219738245010376,0.5935355424880981,-0.021228978410363197,0.39793795347213745,0.5306349992752075,-0.02505412884056568,0.37029558420181274,0.5007768273353577,-0.028308596462011337,0.4083784222602844,0.49967560172080994,-0.007802069187164307,0.4045807421207428,0.4132009744644165,-0.019122615456581116,0.39908456802368164,0.35407179594039917,-0.026996077969670296,0.39297589659690857,0.30570846796035767,-0.03218976408243179,0.3800395727157593,0.4981401860713959,-0.00936534721404314,0.3857153654098511,0.4008297622203827,-0.02306787297129631,0.3891538381576538,0.34210532903671265,-0.03131692111492157,0.39087826013565063,0.2965390682220459,-0.03475772961974144,0.3519608676433563,0.5164061784744263,-0.013275486417114735,0.3512231409549713,0.4438319802284241,-0.040340013802051544,0.3594008982181549,0.49697571992874146,-0.044013362377882004,0.3635866045951843,0.5461472272872925,-0.03799073398113251,0.32335567474365234,0.550512433052063,-0.018007637932896614,0.3311513662338257,0.5039753317832947,-0.042800065129995346,0.34512004256248474,0.5455690026283264,-0.043066419661045074,0.3517763018608093,0.587426483631134,-0.03701949492096901
R,0.44445767998695374,0.7058496475219727,3.7043398037894804e-07,0.49246129393577576,0.676387369632721,-0.01814536564052105,0.5212582945823669,0.5994427800178528,-0.023760098963975906,0.5061219930648804,0.5308902263641357,-0.030243437737226486,0.4801333248615265,0.489477276802063,-0.03634052351117134,0.5129837989807129,0.48671287298202515,-0.009343639016151428,0.5130147337913513,0.39780765771865845,-0.023687684908509254,0.510288417339325,0.33679479360580444,-0.033445410430431366,0.5080938935279846,0.2850046753883362,-0.03957124799489975,0.4825303554534912,0.48034679889678955,-0.012948366813361645,0.49440309405326843,0.3775726854801178,-0.029586277902126312,0.5044018626213074,0.3166559040546417,-0.03865808993577957,0.5136146545410156,0.2678874135017395,-0.04233139753341675,0.4501878619194031,0.49663832783699036,-0.019274163991212845,0.4572431147098541,0.42219677567481995,-0.05089888349175453,0.4628334641456604,0.4917619824409485,-0.05381457135081291,0.46550095081329346,0.5517436265945435,-0.0457826629281044,0.4176875352859497,0.531366765499115,-0.02658330649137497,0.4308847188949585,0.48498469591140747,-0.054431166499853134,0.4442075788974762,0.5364723801612854,-0.05396055802702904,0.45029327273368835,0.5854406356811523,-0.04645463079214096
R,0.5584203600883484,0.6802524328231812,4.412802923070558e-07,0.6153649687767029,0.6579633951187134,-0.021591028198599815,0.6518003344535828,0.5870893001556396,-0.029793033376336098,0.6429106593132019,0.5107036828994751,-0.03848076984286308,0.6222000122070312,0.45808932185173035,-0.04624520242214203,0.6424054503440857,0.4668155908584595,-0.011843889020383358,0.6530421376228333,0.3789352476596832,-0.02920558862388134,0.6583400368690491,0.3159513473510742,-0.041134338825941086,0.6631184220314026,0.25976890325546265,-0.04925556853413582,0.6120749115943909,0.45005595684051514,-0.014577193185687065,0.6314405798912048,0.3478330969810486,-0.03475630655884743,0.6491841077804565,0.29400932788848877,-0.0461304746568203,0.665511965751648,0.2495892345905304,-0.05172053351998329,0.5778945684432983,0.4581567049026489,-0.020433945581316948,0.5957342386245728,0.3811437785625458,-0.05550515651702881,0.6019816994667053,0.4560011923313141,-0.05921154469251633,0.6033316254615784,0.5200768113136292,-0.05164866894483566,0.5436461567878723,0.48708075284957886,-0.027556445449590683,0.5653802156448364,0.4485189914703369,-0.05858076363801956,0.5797792077064514,0.5025255680084229,-0.06035779044032097,0.5844972133636475,0.5524783134460449,-0.05435153841972351
R,0.6551509499549866,0.6941675543785095,4.690078299063316e-07,0.7103137969970703,0.6808213591575623,-0.020024847239255905,0.7550095319747925,0.6171127557754517,-0.0288936048746109,0.7569720149040222,0.5439264178276062,-0.039080098271369934,0.7379040718078613,0.49085500836372375,-0.04807298630475998,0.7482033967971802,0.48333555459976196,-0.0112602012231946,0.768272876739502,0.3999233543872833,-0.02966102957725525,0.779656708240509,0.34084266424179077,-0.041590698063373566,0.7893078327178955,0.2885504364967346,-0.04952254891395569,0.7193202376365662,0.4644559323787689,-0.01624821498990059,0.7473208904266357,0.3687645196914673,-0.03968929871916771,0.7719202041625977,0.3185214400291443,-0.05258142203092575,0.7925774455070496,0.27628016471862793,-0.05851665884256363,0.6850607395172119,0.4685009717941284,-0.024208862334489822,0.7128229141235352,0.40180423855781555,-0.06225026771426201,0.7167515158653259,0.4837510585784912,-0.0653550997376442,0.7138973474502563,0.5469882488250732,-0.056449491530656815,0.6506946086883545,0.4941459596157074,-0.033281899988651276,0.6826292276382446,0.4670080542564392,-0.06552428752183914,0.6931776404380798,0.5296961665153503,-0.06627322733402252,0.6913725733757019,0.5813919305801392,-0.05901316553354263
S,0.23390647768974304,0.7365031838417053,-2.696921796996321e-07,0.2824981212615967,0.6920397281646729,-0.013862344436347485,0.31371402740478516,0.6195833086967468,-0.020394302904605865,0.2971671521663666,0.5471888184547424,-0.02781442366540432,0.26468780636787415,0.5168237686157227,-0.03229657560586929,0.2953338325023651,0.5395455360412598,-0.0012447457993403077,0.2981480360031128,0.46948760747909546,-0.023456498980522156,0.2914482355117798,0.5285388827323914,-0.034734826534986496,0.2897369861602783,0.5670592188835144,-0.03826563432812691,0.26090747117996216,0.5356159210205078,-0.0029905897099524736,0.26175832748413086,0.47094327211380005,-0.027165332809090614,0.26109778881073,0.5537465810775757,-0.03247341513633728,0.26098549365997314,0.5929516553878784,-0.02936483733355999,0.2286786288022995,0.5402532815933228,-0.0081788906827569,0.2264305204153061,0.4749303162097931,-0.0341189019382,0.23256497085094452,0.5616602301597595,-0.026809876784682274,0.2344237118959427,0.6082985401153564,-0.013851628638803959,0.19446921348571777,0.5528994202613831,-0.01418522372841835,0.19602808356285095,0.49670326709747314,-0.02942478656768799,0.20660634338855743,0.5532422065734863,-0.020444437861442566,0.2115173041820526,0.5915518403053284,-0.008614792488515377
S,0.27545955777168274,0.70438152551651,-2.3057526732372935e-07,0.3294891119003296,0.6653963327407837,-0.014071954414248466,0.3676215410232544,0.5935542583465576,-0.019358951598405838,0.35281527042388916,0.5186910629272461,-0.025761526077985764,0.31531527638435364,0.5011017918586731,-0.0305629912763834,0.3417070508003235,0.5042554140090942,0.0020666674245148897,0.3490741550922394,0.4398987889289856,-0.018572796136140823,0.3419651389122009,0.49685072898864746,-0.03231511637568474,0.3359352648258209,0.5434657335281372,-0.03795184567570686,0.3079979419708252,0.49798911809921265,0.0009330749162472785,0.3094114363193512,0.43623512983322144,-0.021345868706703186,0.3076256513595581,0.5124445557594299,-0.03026265650987625,0.30537155270576477,0.5629812479019165,-0.030038299039006233,0.2744366526603699,0.5020431280136108,-0.003583343466743827,0.2728944718837738,0.4401676058769226,-0.027960969135165215,0.27931612730026245,0.5184442400932312,-0.02611926756799221,0.27982842922210693,0.5741727352142334,-0.017257854342460632,0.23689962923526764,0.5145219564437866,-0.008868662640452385,0.24047712981700897,0.4608784019947052,-0.0249691940844059,0.2528786361217499,0.5137800574302673,-0.019374214112758636,0.25829648971557617,0.5594602227210999,-0.00996006466448307
S,0.34354105591773987,0.6523676514625549,-3.0599701972278126e-07,0.39735573530197144,0.6205174326896667,-0.00940641202032566,0.4379335343837738,0.5508844256401062,-0.012275472283363342,0.43763846158981323,0.47183459997177124,-0.01744244620203972,0.40465644001960754,0.4460468590259552,-0.020910395309329033,0.4223247170448303,0.44929757714271545,0.00586386863142252,0.43111613392829895,0.3840474486351013,-0.013989757746458054,0.42290201783180237,0.4440551698207855,-0.02639699913561344,0.4164515733718872,0.4914339482784271,-0.031024621799588203,0.3912372887134552,0.4389307498931885,0.002645439002662897,0.3954830467700958,0.3800126612186432,-0.019179660826921463,0.390758216381073,0.46333712339401245,-0.026268862187862396,0.38572901487350464,0.512819766998291,-0.024716202169656754,0.35900744795799255,0.43920981884002686,-0.0036638746969401836,0.35973456501960754,0.3769189715385437,-0.027618566527962685,0.36203548312187195,0.4621208906173706,-0.023489082232117653,0.3593100309371948,0.5155873894691467,-0.013054393231868744,0.322361022233963,0.4480855464935303,-0.010462012141942978,0.3298824727535248,0.3910394608974457,-0.0259486585855484,0.33753982186317444,0.44914576411247253,-0.018886972218751907,0.3385813236236572,0.49459582567214966,-0.00834127701818943
S,0.4649697542190552,0.590837299823761,-3.0247804261307465e-07,0.5194896459579468,0.5655938982963562,-0.009975721128284931,0.5686150193214417,0.500267505645752,-0.013707594014704227,0.5790257453918457,0.42452630400657654,-0.019475720822811127,0.5478990077972412,0.39124518632888794,-0.023105507716536522,0.5528888702392578,0.396355539560318,0.003513939445838332,0.5688843727111816,0.33900225162506104,-0.01755964756011963,0.5588152408599854,0.4082646369934082,-0.029928084462881088,0.5485261082649231,0.44776973128318787,-0.034158576279878616,0.5224680304527283,0.3845270276069641,-0.0001344897464150563,0.5351084470748901,0.3291727900505066,-0.021686309948563576,0.5270069241523743,0.4163002371788025,-0.027487313374876976,0.5173150897026062,0.45630887150764465,-0.025206483900547028,0.4904327094554901,0.38111910223960876,-0.006909144576638937,0.5024027824401855,0.32433003187179565,-0.03042888268828392,0.49974751472473145,0.412850946187973,-0.023466113954782486,0.49111542105674744,0.4579761326313019,-0.011312642134726048,0.4536827802658081,0.38304489850997925,-0.01426159031689167,0.4712750315666199,0.3288605511188507,-0.027284709736704826,0.4739585816860199,0.390919029712677,-0.01653577946126461,0.46808522939682007,0.4326446056365967,-0.00375894783064723
S,0.5604121088981628,0.5742230415344238,-2.776656344849471e-07,0.6208736896514893,0.5539387464523315,-0.009840450249612331,0.6737457513809204,0.49912092089653015,-0.014201289042830467,0.6878077983856201,0.427072674036026,-0.02107478678226471,0.6571833491325378,0.39444008469581604,-0.026128683239221573,0.662588357925415,0.39455172419548035,0.004207118880003691,0.6827222108840942,0.33994951844215393,-0.016858967021107674,0.6689602732658386,0.40316587686538696,-0.030550410971045494,0.6548476815223694,0.44255363941192627,-0.03595035523176193,0.6322331428527832,0.3752403259277344,-1.1742192327801604e-05,0.6492548584938049,0.32439035177230835,-0.021368829533457756,0.6361860632896423,0.40691840648651123,-0.028741365298628807,0.6234735250473022,0.44742342829704285,-0.02786996215581894,0.599775493144989,0.3640528619289398,-0.007358961272984743,0.6161146759986877,0.3134043216705322,-0.030562346801161766,0.6090952157974243,0.3987514078617096,-0.02593514882028103,0.5976946353912354,0.4453422427177429,-0.01541137509047985,0.5623160600662231,0.35850661993026733,-0.015359451994299889,0.5852482318878174,0.31002944707870483,-0.028760435059666634,0.5858557224273682,0.372134268283844,-0.019421374425292015,0.5777514576911926,0.4166005849838257,-0.007622794713824987
S,0.6237363219261169,0.5819745659828186,-2.4498774564563064e-07,0.6881546378135681,0.5709165334701538,-0.012650777585804462,0.7460190653800964,0.5238053798675537,-0.018726497888565063,0.7652672529220581,0.45380842685699463,-0.026965003460645676,0.7366979122161865,0.4122413992881775,-0.0332384891808033,0.7398794293403625,0.41040629148483276,0.002400730038061738,0.7655770778656006,0.3576788604259491,-0.020953867584466934,0.7494184970855713,0.4140198826789856,-0.03603465482592583,0.7312659025192261,0.45117202401161194,-0.04203411564230919,0.7082109451293945,0.38491204380989075,-0.001791110960766673,0.72991943359375,0.3342129588127136,-0.026653319597244263,0.7121193408966064,0.4219544231891632,-0.034795988351106644,0.6954330801963806,0.4694984555244446,-0.033432599157094955,0.6730323433876038,0.3684670925140381,-0.009588301181793213,0.6949387192726135,0.3201051354408264,-0.03570646420121193,0.6839381456375122,0.40957969427108765,-0.030989384278655052,0.6688665151596069,0.4584657847881317,-0.019579285755753517,0.6327440142631531,0.3597027361392975,-0.01833103410899639,0.660488486289978,0.3181065022945404,-0.03372415900230408,0.6580121517181396,0.3832334578037262,-0.024537818506360054,0.6464108228683472,0.42569631338119507,-0.012533758766949177
S,0.5602452754974365,0.622571587562561,-3.5177657764506876e-07,0.6205196380615234,0.6217426657676697,-0.014844382181763649,0.6748030185699463,0.579306960105896,-0.02154373936355114,0.6899858117103577,0.5065945386886597,-0.029330085963010788,0.6741608381271362,0.45076584815979004,-0.033627454191446304,0.6806579232215881,0.4704658091068268,-0.0021989080123603344,0.7038347125053406,0.410143107175827,-0.02814791165292263,0.681075930595398,0.4714125096797943,-0.042567674070596695,0.6671802997589111,0.5082486867904663,-0.04787939414381981,0.6493969559669495,0.44109541177749634,-0.00471480842679739,0.6676192879676819,0.3843980133533478,-0.032503508031368256,0.6448938846588135,0.4694949686527252,-0.038964152336120605,0.6334717869758606,0.5080462694168091,-0.03624504804611206,0.6167059540748596,0.4219502806663513,-0.011191737838089466,0.6333847045898438,0.3647880256175995,-0.039549730718135834,0.6168607473373413,0.45277702808380127,-0.03135182335972786,0.605807363986969,0.4952313303947449,-0.01760762371122837,0.5803470611572266,0.4079528748989105,-0.01880631595849991,0.5988848805427551,0.36724820733070374,-0.035318486392498016,0.5923596620559692,0.43250077962875366,-0.025488387793302536,0.5844211578369141,0.4694627523422241,-0.012765364721417427
S,0.4432365894317627,0.7823776602745056,-3.2020980711422453e-07,0.49501973390579224,0.7733438014984131,-0.01680862531065941,0.5466330051422119,0.7294293642044067,-0.025500133633613586,0.5455173850059509,0.6524324417114258,-0.034260548651218414,0.51700758934021,0.6030394434928894,-0.03938644379377365,0.5462733507156372,0.6124340891838074,-0.008705531246960163,0.5601913928985596,0.546686589717865,-0.035068970173597336,0.5396538376808167,0.6171499490737915,-0.047337282449007034,0.5319133996963501,0.6545366644859314,-0.05099957063794136,0.5103336572647095,0.5883470773696899,-0.010497755371034145,0.5217754244804382,0.5294857621192932,-0.037067342549562454,0.5041038990020752,0.6217643618583679,-0.040545035153627396,0.4983222186565399,0.6573078632354736,-0.03627029061317444,0.47533369064331055,0.5775316953659058,-0.01598188653588295,0.4839493930339813,0.5164040923118591,-0.04502802714705467,0.4730468690395355,0.6125490665435791,-0.034577783197164536,0.4671992361545563,0.6558449864387512,-0.01937672682106495,0.4362386465072632,0.5734279751777649,-0.02232704870402813,0.44848647713661194,0.5250957608222961,-0.039491891860961914,0.44696009159088135,0.5956752300262451,-0.027777211740612984,0.44368910789489746,0.6366540789604187,-0.013518868014216423
S,0.3644547462463379,0.7705993056297302,-2.5662743041721114e-07,0.41351938247680664,0.7428182363510132,-0.017187632620334625,0.45660871267318726,0.6790233254432678,-0.02490071952342987,0.44218942523002625,0.6108142137527466,-0.031728535890579224,0.40518561005592346,0.5858676433563232,-0.03458996117115021,0.4412856101989746,0.5727865695953369,-0.006969492882490158,0.4476735293865204,0.514585554599762,-0.02973579429090023,0.43802833557128906,0.5905164480209351,-0.04095888137817383,0.4358214735984802,0.6250120997428894,-0.04496610909700394,0.40730828046798706,0.5597963333129883,-0.007754236925393343,0.4101915657520294,0.5060227513313293,-0.030790232121944427,0.4034930467605591,0.5948425531387329,-0.033747971057891846,0.40160268545150757,0.6277626752853394,-0.029926031827926636,0.374959796667099,0.5590404868125916,-0.012209640815854073,0.3736459016799927,0.5070366263389587,-0.03525641933083534,0.37444764375686646,0.5929751992225647,-0.025280924513936043,0.3745657801628113,0.6305499076843262,-0.012274414300918579,0.3400614559650421,0.5658381581306458,-0.018014125525951385,0.3427548408508301,0.525892972946167,-0.030261455103754997,0.3480561673641205,0.5881806015968323,-0.018972979858517647,0.3502211570739746,0.6227107048034668,-0.006432847119867802
S,0.28001677989959717,0.7395416498184204,-2.405841428299027e-07,0.3225175142288208,0.6966323256492615,-0.021340636536478996,0.35309332609176636,0.626255452632904,-0.032096195966005325,0.3343530297279358,0.5596319437026978,-0.04199168086051941,0.2970661520957947,0.5368343591690063,-0.04775111377239227,0.33508822321891785,0.5297890901565552,-0.00984568614512682,0.32529205083847046,0.47062867879867554,-0.038594890385866165,0.32047131657600403,0.5410404205322266,-0.0526479110121727,0.3248647451400757,0.5751954913139343,-0.057025592774152756,0.2995746433734894,0.5298680067062378,-0.00921307597309351,0.29198744893074036,0.47153937816619873,-0.03913756459951401,0.29199880361557007,0.5608729720115662,-0.043946512043476105,0.29694443941116333,0.5943813920021057,-0.03912709280848503,0.2667057514190674,0.5391584038734436,-0.013100353069603443,0.2572405934333801,0.48120638728141785,-0.04443298652768135,0.26339903473854065,0.5709969997406006,-0.03559586778283119,0.2705344259738922,0.6121857166290283,-0.02020723558962345,0.23229919373989105,0.5564732551574707,-0.018373962491750717,0.22690895199775696,0.5104650855064392,-0.03641317039728165,0.23721328377723694,0.5680180788040161,-0.027172256261110306,0.24609871208667755,0.6020900011062622,-0.014136558398604393
S,0.2438230663537979,0.6555074453353882,-2.2192601534243295e-07,0.28628408908843994,0.6089774370193481,-0.019488567486405373,0.31783851981163025,0.5412678718566895,-0.030201667919754982,0.301140159368515,0.4783160090446472,-0.04029209911823273,0.267212450504303,0.45662617683410645,-0.04652900993824005,0.29313626885414124,0.4497973322868347,-0.010119862854480743,0.2887020707130432,0.3893098831176758,-0.03614300116896629,0.2889656126499176,0.4595041871070862,-0.0481606051325798,0.2918488681316376,0.49451398849487305,-0.05183326080441475,0.25916194915771484,0.45058387517929077,-0.010348613373935223,0.2545824646949768,0.3931545615196228,-0.0373682975769043,0.26136791706085205,0.4818864166736603,-0.04085511714220047,0.2637504041194916,0.5149117708206177,-0.03632832691073418,0.22669260203838348,0.4618898332118988,-0.01454039104282856,0.21914947032928467,0.4061095118522644,-0.04398319497704506,0.23151688277721405,0.49461111426353455,-0.03408655896782875,0.23568715155124664,0.5337020754814148,-0.018872259184718132,0.19174057245254517,0.48227840662002563,-0.019857939332723618,0.18880406022071838,0.4339689314365387,-0.03746167942881584,0.20326580107212067,0.49023279547691345,-0.027210524305701256,0.20908084511756897,0.5231244564056396,-0.013898362405598164
S,0.24754981696605682,0.5734044313430786,-2.41780981014017e-07,0.29143017530441284,0.5395339131355286,-0.01773906499147415,0.32864972949028015,0.47657445073127747,-0.0269343089312315,0.3130447566509247,0.4160972237586975,-0.03542843088507652,0.27764248847961426,0.3961954414844513,-0.04070306569337845,0.30571502447128296,0.38358551263809204,-0.011781899258494377,0.30743706226348877,0.32035768032073975,-0.035743001848459244,0.30148184299468994,0.38681939244270325,-0.046108346432447433,0.3008885681629181,0.42142048478126526,-0.04913287237286568,0.27147096395492554,0.3795212209224701,-0.012446624226868153,0.27015483379364014,0.3191896080970764,-0.0378112718462944,0.27105939388275146,0.4042789041996002,-0.04058801010251045,0.27300718426704407,0.4389224052429199,-0.03585665673017502,0.23929809033870697,0.3870331645011902,-0.016480881720781326,0.23364794254302979,0.32882994413375854,-0.0437883697450161,0.24155227839946747,0.41363096237182617,-0.03425448760390282,0.24510441720485687,0.4526151120662689,-0.020145906135439873,0.20509091019630432,0.40344393253326416,-0.021409897133708,0.20239382982254028,0.3563416600227356,-0.037938520312309265,0.21436074376106262,0.41375043988227844,-0.02775568701326847,0.22077234089374542,0.4474439024925232,-0.015067319385707378
S,0.34943851828575134,0.4983993172645569,-2.345646663570733e-07,0.39857110381126404,0.4793955087661743,-0.012704702094197273,0.44238606095314026,0.42053353786468506,-0.018273282796144485,0.4430292844772339,0.3538432717323303,-0.024402601644396782,0.4111630618572235,0.3310738503932953,-0.028761543333530426,0.42300310730934143,0.31317925453186035,-0.005293319001793861,0.4371185898780823,0.2635354697704315,-0.025000138208270073,0.43137964606285095,0.3257165849208832,-0.03648436814546585,0.4247643053531647,0.3649511933326721,-0.04108556732535362,0.391361802816391,0.30224964022636414,-0.007010513450950384,0.3986131250858307,0.2618546485900879,-0.027037350460886955,0.39671915769577026,0.3389356732368469,-0.03252572938799858,0.39248305559158325,0.3775691092014313,-0.031681906431913376,0.3589046895503998,0.3023413419723511,-0.011443465948104858,0.36467838287353516,0.26295149326324463,-0.033097341656684875,0.37007030844688416,0.33773180842399597,-0.028857829049229622,0.36785441637039185,0.38114675879478455,-0.02033207006752491,0.32314199209213257,0.3095577359199524,-0.016539951786398888,0.3343361020088196,0.2691587209701538,-0.030612317845225334,0.3433539867401123,0.32439032196998596,-0.02351175993680954,0.3440386652946472,0.36500251293182373,-0.0139548908919096
S,0.4628649950027466,0.4753797948360443,-2.791674944546685e-07,0.5178198218345642,0.4642361104488373,-0.012520491145551205,0.5712997913360596,0.41318944096565247,-0.017855342477560043,0.5824529528617859,0.3399170935153961,-0.023923860862851143,0.5509737133979797,0.31595322489738464,-0.027591655030846596,0.5538771748542786,0.2998540699481964,-0.004055228549987078,0.5712815523147583,0.24610424041748047,-0.024047819897532463,0.5597717761993408,0.31576988101005554,-0.03471864014863968,0.5508771538734436,0.3524287939071655,-0.038800496608018875,0.524000346660614,0.2873949706554413,-0.006941411178559065,0.5406802296638489,0.23459646105766296,-0.02846219390630722,0.5305721759796143,0.3212149143218994,-0.03316080942749977,0.5199305415153503,0.3587234616279602,-0.030856382101774216,0.4930543005466461,0.2834329903125763,-0.012540357187390327,0.5078593492507935,0.2316373586654663,-0.035385068506002426,0.5042778849601746,0.3178141117095947,-0.02820104919373989,0.49574360251426697,0.3590664863586426,-0.016791420057415962,0.45748114585876465,0.28479066491127014,-0.01894637569785118,0.4754270315170288,0.23753485083580017,-0.0322018563747406,0.4794020354747772,0.30029869079589844,-0.02263299562036991,0.47482526302337646,0.3402997553348541,-0.01143256388604641
S,0.4173819124698639,0.4429128170013428,-2.5221160626642813e-07,0.45609763264656067,0.4422357678413391,-0.007741096429526806,0.4938311278820038,0.41076385974884033,-0.010547318495810032,0.496238648891449,0.35784056782722473,-0.013961229473352432,0.4778785705566406,0.3267200291156769,-0.015782298520207405,0.49334725737571716,0.33847886323928833,-0.0018023059237748384,0.5056275129318237,0.2937168478965759,-0.01814655400812626,0.49125009775161743,0.3352978229522705,-0.02699877880513668,0.48146772384643555,0.3656441271305084,-0.029880549758672714,0.4720543324947357,0.32104790210723877,-0.0038284147158265114,0.4808054268360138,0.2777094542980194,-0.021193573251366615,0.46632182598114014,0.33409759402275085,-0.024988364428281784,0.4585256278514862,0.3663412630558014,-0.02271677553653717,0.4508461654186249,0.31061360239982605,-0.008110531605780125,0.4568345248699188,0.26703566312789917,-0.025531882420182228,0.447001188993454,0.32461997866630554,-0.020575223490595818,0.44167381525039673,0.3567681908607483,-0.012185557745397091,0.4271577000617981,0.3039666712284088,-0.012837205082178116,0.4324227571487427,0.2702958285808563,-0.023436831310391426,0.42843466997146606,0.31596192717552185,-0.01725679263472557,0.42636680603027344,0.34577763080596924,-0.00931101106107235
S,0.3870058059692383,0.42794737219810486,-1.238637992173608e-07,0.4184252619743347,0.42706140875816345,-0.008764686994254589,0.4489210247993469,0.3989536166191101,-0.012035952880978584,0.4471787214279175,0.3566131293773651,-0.015536442399024963,0.42822393774986267,0.33446207642555237,-0.017786668613553047,0.4435703754425049,0.33622145652770996,-0.0024093459360301495,0.4552648961544037,0.305877149105072,-0.01501140370965004,0.4461756944656372,0.3399064838886261,-0.022440016269683838,0.4397537410259247,0.3614739775657654,-0.025531399995088577,0.425982803106308,0.3241518437862396,-0.0034955746959894896,0.43578585982322693,0.294866681098938,-0.01670321635901928,0.4271087348461151,0.3375018835067749,-0.02077103592455387,0.42122820019721985,0.3583563566207886,-0.020282551646232605,0.4080680012702942,0.31793689727783203,-0.006577237043529749,0.4161129891872406,0.29046663641929626,-0.019869759678840637,0.41073572635650635,0.33312103152275085,-0.016623670235276222,0.405728280544281,0.35419216752052307,-0.010885561816394329,0.38791897892951965,0.31449705362319946,-0.010327186435461044,0.39757612347602844,0.29310524463653564,-0.01752546802163124,0.3959577977657318,0.32500192523002625,-0.012153347954154015,0.39259886741638184,0.3438720703125,-0.006040985696017742
S,0.3122634291648865,0.4027988612651825,-6.023278587008463e-08,0.34124675393104553,0.39813101291656494,-0.01969538815319538,0.36548399925231934,0.3565315902233124,-0.028152480721473694,0.36140331625938416,0.3123147189617157,-0.03433128446340561,0.33774277567863464,0.29549726843833923,-0.03888466954231262,0.35010024905204773,0.29612836241722107,-0.017696527764201164,0.3478030562400818,0.26847344636917114,-0.03694252669811249,0.34893208742141724,0.3092207908630371,-0.04710064455866814,0.3511708378791809,0.3279872536659241,-0.0508555993437767,0.3302077054977417,0.29294440150260925,-0.014194664545357227,0.3275192081928253,0.2682194709777832,-0.0341494083404541,0.3313255310058594,0.3129101097583771,-0.039425890892744064,0.33242475986480713,0.33264490962028503,-0.03848782926797867,0.31172749400138855,0.2967791259288788,-0.013537769205868244,0.30760279297828674,0.273466557264328,-0.03194940835237503,0.3128040134906769,0.31457483768463135,-0.028772111982107162,0.3146505355834961,0.3354805111885071,-0.02190404012799263,0.2926262617111206,0.30431562662124634,-0.01436567585915327,0.29157060384750366,0.2818767726421356,-0.025183822959661484,0.2969522476196289,0.3101673126220703,-0.021360617130994797,0.29982224106788635,0.3288528025150299,-0.015319539234042168
S,0.27357837557792664,0.5828818678855896,-1.6345855158306222e-07,0.3026386499404907,0.570913553237915,-0.011427273973822594,0.3319547772407532,0.5378203988075256,-0.016909193247556686,0.3298056721687317,0.4949032664299011,-0.021874476224184036,0.31028613448143005,0.47041475772857666,-0.02481357753276825,0.3204634487628937,0.47226959466934204,-0.006889792624861002,0.32806065678596497,0.4342583119869232,-0.02314954437315464,0.32090118527412415,0.4743660092353821,-0.03051711432635784,0.31734320521354675,0.5008286237716675,-0.03246735408902168,0.2988815903663635,0.4628976285457611,-0.006895461119711399,0.3029373586177826,0.428087443113327,-0.023774409666657448,0.2980874180793762,0.4823155999183655,-0.026191605255007744,0.2970108091831207,0.5077096223831177,-0.02343209646642208,0.27726563811302185,0.46114581823349,-0.009198306128382683,0.2786824405193329,0.42924225330352783,-0.02756386250257492,0.2788495123386383,0.48364296555519104,-0.022512566298246384,0.2792591154575348,0.5105714201927185,-0.013906287029385567,0.2535618245601654,0.46486997604370117,-0.011989077553153038,0.2576589286327362,0.43903857469558716,-0.02368014119565487,0.2625802457332611,0.47911348938941956,-0.01808108016848564,0.264934778213501,0.5029964447021484,-0.010259856469929218
S,0.3309115469455719,0.6782335638999939,-1.5975136591350747e-07,0.3679216802120209,0.6710193753242493,-0.011934845708310604,0.40462726354599,0.638715386390686,-0.01733824983239174,0.40171244740486145,0.5872020721435547,-0.022105859592556953,0.37781426310539246,0.5643601417541504,-0.024605324491858482,0.39320075511932373,0.5619871020317078,-0.006647948175668716,0.40437865257263184,0.5228912830352783,-0.02210509032011032,0.3956935405731201,0.5697547197341919,-0.029022065922617912,0.391125351190567,0.5901288986206055,-0.03143685311079025,0.37007325887680054,0.5493785738945007,-0.007211561314761639,0.3780573606491089,0.5108963847160339,-0.022599192336201668,0.37164315581321716,0.5718294382095337,-0.024359017610549927,0.36798369884490967,0.5924181342124939,-0.021932221949100494,0.34640681743621826,0.5457281470298767,-0.010024046525359154,0.35158970952033997,0.5079052448272705,-0.027962148189544678,0.34987640380859375,0.5706295371055603,-0.021417217329144478,0.3469880223274231,0.5962036848068237,-0.012311304919421673,0.31901460886001587,0.5461570024490356,-0.013377567753195763,0.3261464238166809,0.5159716606140137,-0.024049900472164154,0.32997649908065796,0.5613555908203125,-0.016400495544075966,0.329266756772995,0.5863065719604492,-0.007641276810318232
S,0.42108580470085144,0.7139133214950562,-1.9139858409289445e-07,0.4636293649673462,0.7164589762687683,-0.009884823113679886,0.505975067615509,0.6865839958190918,-0.014495656825602055,0.5108741521835327,0.630216658115387,-0.01964516006410122,0.4862615168094635,0.6002722978591919,-0.023095855489373207,0.5028834939002991,0.5979109406471252,-0.004014106001704931,0.520832359790802,0.553503692150116,-0.020416846498847008,0.505487859249115,0.60035240650177,-0.029070554301142693,0.49505120515823364,0.6314319968223572,-0.031968001276254654,0.47802799940109253,0.5775631070137024,-0.0059957681223750114,0.4916629195213318,0.5345548987388611,-0.02257981337606907,0.4776037335395813,0.5964092016220093,-0.026016701012849808,0.4685297906398773,0.6290192008018494,-0.023944484069943428,0.451521098613739,0.565316379070282,-0.010181932710111141,0.4630688726902008,0.5234196782112122,-0.02809891663491726,0.45509225130081177,0.5888401865959167,-0.0226312056183815,0.446983277797699,0.6244618892669678,-0.01362916361540556,0.42161500453948975,0.5575562715530396,-0.014852232299745083,0.4357491135597229,0.5220895409584045,-0.025145789608359337,0.43492355942726135,0.5704759955406189,-0.017214836552739143,0.4294399917125702,0.6027488112449646,-0.007925544865429401
S,0.5091050863265991,0.7718376517295837,-1.9063858758272545e-07,0.5581972599029541,0.7825004458427429,-0.011532389558851719,0.6091009378433228,0.7587060332298279,-0.016801297664642334,0.625292956829071,0.6979583501815796,-0.022574128583073616,0.6043502688407898,0.662745475769043,-0.027179954573512077,0.6045151948928833,0.6478123664855957,-0.00461580790579319,0.6270884871482849,0.6098612546920776,-0.021112719550728798,0.6135907769203186,0.6613980531692505,-0.0318322479724884,0.5974961519241333,0.6973821520805359,-0.03621642291545868,0.5803520679473877,0.6271714568138123,-0.006081227213144302,0.6011642217636108,0.5871661901473999,-0.022049369290471077,0.5869413614273071,0.6506714820861816,-0.02802915684878826,0.5714471340179443,0.6891759634017944,-0.028137456625699997,0.5530879497528076,0.6144992113113403,-0.009667038917541504,0.5723174214363098,0.5779075622558594,-0.02718665450811386,0.5642199516296387,0.6433584094047546,-0.02410985715687275,0.551135778427124,0.6834262609481812,-0.017081212252378464,0.5206668376922607,0.6060782074928284,-0.013930625282227993,0.5433405041694641,0.5749199986457825,-0.025614872574806213,0.5421333312988281,0.6253328919410706,-0.019257010892033577,0.5329152345657349,0.6608577966690063,-0.011081214062869549
S,0.6384838819503784,0.7426525354385376,-2.1499157298876526e-07,0.6954838633537292,0.7637971043586731,-0.010025614872574806,0.7551268339157104,0.7420715093612671,-0.013134489767253399,0.7787536382675171,0.6871888637542725,-0.018009310588240623,0.754425048828125,0.6544718146324158,-0.02104298584163189,0.7546296119689941,0.6336502432823181,0.002556449268013239,0.7831227779388428,0.5951955318450928,-0.017650606110692024,0.7633007764816284,0.646126389503479,-0.03045160137116909,0.7429828643798828,0.6774289608001709,-0.03517243266105652,0.7298861145973206,0.6075868010520935,-0.0006938829319551587,0.7538791298866272,0.5736910700798035,-0.02134784683585167,0.7322283387184143,0.6415649056434631,-0.02763880044221878,0.7139028310775757,0.673975944519043,-0.026231873780488968,0.7023398280143738,0.5872668027877808,-0.007222154643386602,0.7268034219741821,0.5567506551742554,-0.028958622366189957,0.7105268836021423,0.6263653039932251,-0.025206685066223145,0.6935214996337891,0.6601717472076416,-0.015873217955231667,0.6704550385475159,0.5699579119682312,-0.014546805992722511,0.6996542811393738,0.5477280020713806,-0.027128320187330246,0.6914618015289307,0.6011863946914673,-0.019814088940620422,0.6769036054611206,0.6314634680747986,-0.010179238393902779
S,0.7123934626579285,0.6799397468566895,-2.4963736677818815e-07,0.7747817039489746,0.6965941190719604,-0.014534101821482182,0.840216338634491,0.6757999658584595,-0.021902674809098244,0.8712756633758545,0.6130673289299011,-0.03091917186975479,0.8487235903739929,0.5596297979354858,-0.03720613196492195,0.8486027717590332,0.5594891905784607,0.00034486042568460107,0.8805747032165527,0.5199801325798035,-0.02471098303794861,0.8561716675758362,0.5766406059265137,-0.03939971700310707,0.8351900577545166,0.6045045256614685,-0.04483466595411301,0.8203315734863281,0.525418758392334,-0.0033506264444440603,0.8479405045509338,0.4906928241252899,-0.029795289039611816,0.8196197152137756,0.5715005397796631,-0.03748191148042679,0.8000091314315796,0.6011516451835632,-0.035785336047410965,0.7881084084510803,0.49934273958206177,-0.010944449342787266,0.8173910975456238,0.4653182029724121,-0.039549168199300766,0.7947909235954285,0.5499691367149353,-0.033791255205869675,0.7757210731506348,0.5827445983886719,-0.02135315164923668,0.7497761845588684,0.4771970808506012,-0.019492577761411667,0.7823891639709473,0.4555854797363281,-0.03654045611619949,0.771766722202301,0.52012038230896,-0.02735985815525055,0.7567402124404907,0.5509917736053467,-0.01506022922694683
S,0.6181507706642151,0.5702294707298279,-2.4668264586580335e-07,0.6754186749458313,0.5603629946708679,-0.014299840666353703,0.7328396439552307,0.521345317363739,-0.022548548877239227,0.7506546974182129,0.4511713981628418,-0.03200336545705795,0.719855010509491,0.4061538577079773,-0.038353148847818375,0.7355631589889526,0.4075707793235779,-0.002183669013902545,0.7574638724327087,0.3588063716888428,-0.02619357407093048,0.7352988719940186,0.4237745404243469,-0.039584603160619736,0.7230039238929749,0.4545471966266632,-0.044986873865127563,0.7047940492630005,0.3817363381385803,-0.006070648320019245,0.7211199402809143,0.3384261429309845,-0.03089907020330429,0.7002499103546143,0.42273038625717163,-0.036615993827581406,0.6900545954704285,0.4520297646522522,-0.034453097730875015,0.6707884669303894,0.36794114112854004,-0.013521665707230568,0.6842088103294373,0.3240489959716797,-0.04003116860985756,0.6716662049293518,0.41105177998542786,-0.032686736434698105,0.6626429557800293,0.4458579123020172,-0.02044665440917015,0.6322264671325684,0.360374391078949,-0.02194373495876789,0.6502047181129456,0.32510799169540405,-0.03676559776067734,0.6469025611877441,0.39112499356269836,-0.0262609776109457,0.6400681138038635,0.4265369772911072,-0.01375367771834135
S,0.524132251739502,0.5059080719947815,-2.48427795668249e-07,0.5762096047401428,0.4850827753543854,-0.014852012507617474,0.6219568252563477,0.4308124780654907,-0.02097475714981556,0.6252835392951965,0.36186131834983826,-0.027598563581705093,0.5981194376945496,0.3278537690639496,-0.030680302530527115,0.6125792264938354,0.33088427782058716,-0.0012535500572994351,0.6274526119232178,0.2717357277870178,-0.0227290578186512,0.6145990490913391,0.33947980403900146,-0.03369241580367088,0.6070878505706787,0.3716011941432953,-0.03729582205414772,0.5828430652618408,0.3159328103065491,-0.0027201278135180473,0.5926313996315002,0.264305055141449,-0.025325333699584007,0.5828226804733276,0.3473379611968994,-0.029946232214570045,0.576525092124939,0.3769400417804718,-0.027173630893230438,0.5531086921691895,0.3103463649749756,-0.007870493456721306,0.5604432225227356,0.25923240184783936,-0.031069986522197723,0.557547926902771,0.3413166403770447,-0.02389596216380596,0.5530759692192078,0.3772190809249878,-0.012343519367277622,0.5200529098510742,0.3093748390674591,-0.014179984107613564,0.5298700928688049,0.26573652029037476,-0.02702932246029377,0.5331148505210876,0.3251669406890869,-0.017789378762245178,0.5309480428695679,0.36235252022743225,-0.006484879646450281
S,0.4364609122276306,0.509309709072113,-2.7163858362655446e-07,0.48347610235214233,0.47987431287765503,-0.010788148269057274,0.5224682092666626,0.42295709252357483,-0.016045523807406425,0.5179398655891418,0.3550049364566803,-0.022438567131757736,0.4866918921470642,0.33319535851478577,-0.026820600032806396,0.511672854423523,0.3399190306663513,-0.000633305637165904,0.5203158259391785,0.28155410289764404,-0.02015203982591629,0.5089726448059082,0.3369744122028351,-0.03194669634103775,0.501697301864624,0.37277787923812866,-0.036706745624542236,0.4826568365097046,0.32855188846588135,-0.0034860523883253336,0.48539426922798157,0.2759442627429962,-0.02468840777873993,0.4771159291267395,0.348991334438324,-0.03106154315173626,0.47198864817619324,0.3879568874835968,-0.029776787385344505,0.45437052845954895,0.3264363706111908,-0.009058683179318905,0.4531903862953186,0.27097514271736145,-0.030474679544568062,0.45264750719070435,0.34505799412727356,-0.025502091273665428,0.45102065801620483,0.38795286417007446,-0.015873387455940247,0.4233834743499756,0.33105936646461487,-0.015341055579483509,0.425652414560318,0.28585073351860046,-0.02836303785443306,0.42987656593322754,0.3407914638519287,-0.020795829594135284,0.4310612380504608,0.38034382462501526,-0.010884123854339123
S,0.36325526237487793,0.5281360745429993,-2.3320227171552688e-07,0.40332549810409546,0.5002604126930237,-0.012977168895304203,0.435030072927475,0.44480395317077637,-0.01937168464064598,0.42087703943252563,0.3885689377784729,-0.02600395493209362,0.39429378509521484,0.36412736773490906,-0.02993033267557621,0.4197772145271301,0.3682408928871155,-0.005327369552105665,0.42509692907333374,0.309222549200058,-0.02692842110991478,0.41786161065101624,0.36530739068984985,-0.03710884600877762,0.4150921702384949,0.39927464723587036,-0.03988894447684288,0.39070767164230347,0.36161595582962036,-0.006516651250422001,0.3925204575061798,0.3164220154285431,-0.02797112986445427,0.3887926936149597,0.38772085309028625,-0.031298741698265076,0.38786277174949646,0.4136412441730499,-0.028232485055923462,0.36334505677223206,0.3645224869251251,-0.011005020700395107,0.36289963126182556,0.3177446722984314,-0.03394194692373276,0.36490538716316223,0.38911908864974976,-0.026523150503635406,0.3655936121940613,0.4197455644607544,-0.0152595778927207,0.3331536054611206,0.37324094772338867,-0.016198188066482544,0.33680596947669983,0.3364337086677551,-0.02952466905117035,0.3434460461139679,0.38850778341293335,-0.02084919437766075,0.34626269340515137,0.41739925742149353,-0.010184832848608494
S,0.323473185300827,0.6089395880699158,-2.221642461108786e-07,0.36174091696739197,0.5823737382888794,-0.012673470191657543,0.3911823630332947,0.5281774401664734,-0.01814407855272293,0.3769230842590332,0.4732981324195862,-0.023714570328593254,0.3495880663394928,0.45258378982543945,-0.026686662808060646,0.3739035427570343,0.45615777373313904,-0.0046432772651314735,0.3797462582588196,0.39740481972694397,-0.02353834919631481,0.3739336133003235,0.4523405134677887,-0.03192710503935814,0.3712955117225647,0.48482105135917664,-0.03415552154183388,0.3453737497329712,0.4507044553756714,-0.005764863919466734,0.3484877645969391,0.3969128429889679,-0.02542823925614357,0.34643715620040894,0.46861839294433594,-0.02826031856238842,0.3454287052154541,0.4997252821922302,-0.024803122505545616,0.31826066970825195,0.45464855432510376,-0.009829066693782806,0.3190801739692688,0.4010155498981476,-0.031564731150865555,0.3225942850112915,0.4728926718235016,-0.024501165375113487,0.3223976790904999,0.5077568888664246,-0.013305854052305222,0.28872150182724,0.46499016880989075,-0.014505122788250446,0.29249873757362366,0.4236052334308624,-0.027524767443537712,0.30026915669441223,0.4727994203567505,-0.01935349963605404,0.3021589517593384,0.5032016038894653,-0.009103364311158657
S,0.3172134459018707,0.7629514932632446,-1.9695927733209828e-07,0.3532513380050659,0.747078537940979,-0.020015297457575798,0.3916633129119873,0.6977438926696777,-0.029762905091047287,0.382757306098938,0.6439669728279114,-0.037476494908332825,0.350019633769989,0.6258723139762878,-0.041378382593393326,0.37190356850624084,0.6000743508338928,-0.014231749810278416,0.37741217017173767,0.5588212013244629,-0.03681314364075661,0.37216877937316895,0.6235659718513489,-0.04592263326048851,0.36954182386398315,0.646869421005249,-0.04857085272669792,0.34123075008392334,0.5938293933868408,-0.01324560958892107,0.341736376285553,0.5565274357795715,-0.03662429377436638,0.34204432368278503,0.6362640857696533,-0.03796090558171272,0.3435884714126587,0.6564441323280334,-0.0329844132065773,0.31239062547683716,0.5994253754615784,-0.015777459368109703,0.31136754155158997,0.569989025592804,-0.04107704013586044,0.31715476512908936,0.6475938558578491,-0.03189440816640854,0.3195748031139374,0.6717606782913208,-0.018930427730083466,0.28163668513298035,0.6125872135162354,-0.019503096118569374,0.2854650020599365,0.5923735499382019,-0.033580102026462555,0.29438114166259766,0.6451600193977356,-0.024130381643772125,0.2981850504875183,0.6656354665756226,-0.012766662985086441
S,0.351722776889801,0.8237606287002563,-1.829451150570094e-07,0.3963664174079895,0.8008571863174438,-0.01646852307021618,0.43470823764801025,0.7533044815063477,-0.02515353634953499,0.43030714988708496,0.6911411285400391,-0.03360949829220772,0.4033181071281433,0.6615142822265625,-0.038955945521593094,0.42281240224838257,0.6601849794387817,-0.00616634264588356,0.43218526244163513,0.6098355650901794,-0.026924680918455124,0.42171114683151245,0.6674256324768066,-0.037721626460552216,0.4164353609085083,0.6967698931694031,-0.041857656091451645,0.39301010966300964,0.6490281224250793,-0.006797695532441139,0.40071654319763184,0.603542149066925,-0.02899448201060295,0.39421775937080383,0.6789360642433167,-0.034236788749694824,0.3900483250617981,0.7070097923278809,-0.03224103897809982,0.3633979260921478,0.6480407118797302,-0.010631248354911804,0.3696567714214325,0.6013301014900208,-0.03496428579092026,0.36951830983161926,0.679247260093689,-0.02885066717863083,0.3665573298931122,0.7139796018600464,-0.01783241331577301,0.33027300238609314,0.6539220809936523,-0.015418545342981815,0.3405008912086487,0.6191012263298035,-0.03063386306166649,0.346939355134964,0.6739729046821594,-0.022975031286478043,0.34749364852905273,0.7048685550689697,-0.012491940520703793
T,0.34189820289611816,0.754119873046875,-2.6973961553267145e-07,0.38707414269447327,0.7224637269973755,-0.018782660365104675,0.4146769046783447,0.6371687650680542,-0.02426963299512863,0.40119463205337524,0.5559228658676147,-0.029249178245663643,0.3827672302722931,0.5012654662132263,-0.03146377205848694,0.40337032079696655,0.5789944529533386,-0.005704482086002827,0.4159483015537262,0.5257107019424438,-0.03420976921916008,0.4061553180217743,0.5754066109657288,-0.04909888282418251,0.39471814036369324,0.6251478791236877,-0.05289207771420479,0.3701895475387573,0.5747312307357788,-0.004185511264950037,0.37284624576568604,0.5376612544059753,-0.03558851033449173,0.36984628438949585,0.6170719861984253,-0.0428706593811512,0.369294136762619,0.671511173248291,-0.03920537605881691,0.3383006751537323,0.5787075161933899,-0.007484678644686937,0.3402043581008911,0.5498459339141846,-0.03976193070411682,0.34370917081832886,0.6305122375488281,-0.0353843979537487,0.34686359763145447,0.6792716979980469,-0.022428156808018684,0.30534225702285767,0.5914345383644104,-0.011850985698401928,0.3132490813732147,0.5680906176567078,-0.03277606889605522,0.3217630386352539,0.6279518604278564,-0.028163157403469086,0.3273220360279083,0.6617806553840637,-0.01811298355460167
T,0.26115432381629944,0.710538387298584,-2.51334057566055e-07,0.2996968924999237,0.677534282207489,-0.019523438066244125,0.32581284642219543,0.5870885252952576,-0.025366121903061867,0.31003978848457336,0.5146088004112244,-0.029696496203541756,0.287538081407547,0.4689734876155853,-0.030992897227406502,0.3064905107021332,0.5191528797149658,-0.01109884213656187,0.3185535967350006,0.47173577547073364,-0.03822801262140274,0.3178681433200836,0.5282960534095764,-0.05025944113731384,0.3118799030780792,0.5771171450614929,-0.0520649217069149,0.2717435359954834,0.5190942287445068,-0.008738579228520393,0.2777358591556549,0.49417367577552795,-0.034820083528757095,0.2830834686756134,0.5772992968559265,-0.036823075264692307,0.2845609486103058,0.6192833781242371,-0.0308493934571743,0.2383144199848175,0.5306758880615234,-0.011066865175962448,0.24278035759925842,0.5168265700340271,-0.03980380669236183,0.2544547915458679,0.5953832864761353,-0.032637424767017365,0.2594069242477417,0.6328126788139343,-0.019325383007526398,0.2038072645664215,0.5513656735420227,-0.01441738847643137,0.21391867101192474,0.5372118949890137,-0.03193576633930206,0.2297416478395462,0.5917659401893616,-0.02458421140909195,0.23665393888950348,0.6167259812355042,-0.013367805629968643
T,0.2784443497657776,0.6089711785316467,-2.539324555073108e-07,0.31656578183174133,0.5834888219833374,-0.014131459407508373,0.3457009196281433,0.5054498314857483,-0.017728658393025398,0.3373098373413086,0.436919242143631,-0.021033581346273422,0.3217569589614868,0.3915068507194519,-0.02215244062244892,0.33118003606796265,0.4428144097328186,-0.007050732150673866,0.346269816160202,0.3973199725151062,-0.030442098155617714,0.3392721712589264,0.4460635185241699,-0.04151896387338638,0.32792696356773376,0.48910897970199585,-0.04382825642824173,0.300960898399353,0.4405905306339264,-0.007125531788915396,0.30691850185394287,0.40996697545051575,-0.030338574200868607,0.30484727025032043,0.48196375370025635,-0.03326447680592537,0.30235812067985535,0.5214747786521912,-0.029003871604800224,0.27134832739830017,0.4482731223106384,-0.011022799648344517,0.276461124420166,0.42693376541137695,-0.03688102588057518,0.2806091904640198,0.4964783787727356,-0.030883053317666054,0.2809184193611145,0.5314673185348511,-0.019476229324936867,0.2398030161857605,0.4627673029899597,-0.015486732125282288,0.25054672360420227,0.4388403296470642,-0.0318383052945137,0.2594712972640991,0.491045206785202,-0.024551676586270332,0.2624247670173645,0.5185909271240234,-0.014090976677834988
T,0.3424715995788574,0.5629516839981079,-2.1745317724253255e-07,0.37775349617004395,0.5415064692497253,-0.01327527966350317,0.4085218906402588,0.4760185778141022,-0.01892053335905075,0.4031466841697693,0.40998023748397827,-0.024536320939660072,0.38631680607795715,0.3657456040382385,-0.02838793769478798,0.3995586037635803,0.4181833267211914,-0.009441131725907326,0.41642826795578003,0.369900643825531,-0.03380124270915985,0.4085593521595001,0.4098261892795563,-0.045873984694480896,0.39646875858306885,0.4538804590702057,-0.048487406224012375,0.36923331022262573,0.41146108508110046,-0.010137601755559444,0.3757716715335846,0.3787858486175537,-0.03402058407664299,0.36891987919807434,0.44837620854377747,-0.03734396770596504,0.36512982845306396,0.4902777671813965,-0.033311132341623306,0.339535117149353,0.4140718877315521,-0.01433346327394247,0.3455273509025574,0.3927384912967682,-0.039292093366384506,0.34503862261772156,0.4574790894985199,-0.033036548644304276,0.3438570201396942,0.49261218309402466,-0.02165953814983368,0.30806028842926025,0.4235535264015198,-0.019099242985248566,0.317768931388855,0.3967820107936859,-0.03374530002474785,0.3243207037448883,0.4447486996650696,-0.025654170662164688,0.3265848755836487,0.47265201807022095,-0.014944757334887981
T,0.4312364161014557,0.47472286224365234,-1.9911702509034512e-07,0.47099733352661133,0.4536641240119934,-0.011164616793394089,0.5013679265975952,0.38011884689331055,-0.013897943310439587,0.4962737262248993,0.30865004658699036,-0.017011672258377075,0.48385217785835266,0.26034462451934814,-0.019504055380821228,0.49015483260154724,0.3224891424179077,-0.0023336391896009445,0.5060988068580627,0.29192763566970825,-0.02258162759244442,0.5006576776504517,0.32585904002189636,-0.034832362085580826,0.48928701877593994,0.36645767092704773,-0.038729485124349594,0.46015915274620056,0.31529349088668823,-0.003238837467506528,0.4688703417778015,0.2883545756340027,-0.023360835388302803,0.46472325921058655,0.35328003764152527,-0.028352010995149612,0.45941272377967834,0.4026031196117401,-0.026357237249612808,0.4300750195980072,0.31826189160346985,-0.007353224791586399,0.4396059811115265,0.2959785759449005,-0.030385268852114677,0.4400183856487274,0.3611271381378174,-0.02682390809059143,0.43665385246276855,0.40425747632980347,-0.017682673409581184,0.39809373021125793,0.329858660697937,-0.011750318109989166,0.41274237632751465,0.301647812128067,-0.02724471315741539,0.418550968170166,0.3522988259792328,-0.021191855892539024,0.41797858476638794,0.3859778344631195,-0.012087379582226276
T,0.45195475220680237,0.5107308626174927,-1.572816472616978e-07,0.49289727210998535,0.4976542592048645,-0.016888363286852837,0.5319015979766846,0.4279213845729828,-0.02140001393854618,0.5333282947540283,0.3519912362098694,-0.025301393121480942,0.5219923257827759,0.29329341650009155,-0.028492847457528114,0.511295735836029,0.3591432273387909,-0.0047960649244487286,0.5255759358406067,0.3189481496810913,-0.02601730450987816,0.5254518985748291,0.3430558145046234,-0.03887062147259712,0.5208679437637329,0.37456223368644714,-0.043483149260282516,0.48355191946029663,0.346566766500473,-0.0030545052140951157,0.49890458583831787,0.31586840748786926,-0.026934627443552017,0.49435955286026,0.38638556003570557,-0.033388733863830566,0.4871184825897217,0.43963924050331116,-0.03129644691944122,0.45441481471061707,0.34454652667045593,-0.0050307372584939,0.46740221977233887,0.3154793679714203,-0.03227420151233673,0.4673860967159271,0.38977789878845215,-0.029000751674175262,0.4641285240650177,0.44016873836517334,-0.018783412873744965,0.42170941829681396,0.3509926199913025,-0.007812033407390118,0.43821486830711365,0.3299155831336975,-0.02797304093837738,0.4451765716075897,0.3855758607387543,-0.024560539051890373,0.4457651972770691,0.422373503446579,-0.01639256812632084
T,0.44514375925064087,0.6850652694702148,-3.2955361461972643e-07,0.48701468110084534,0.6697396039962769,-0.020864322781562805,0.5225813388824463,0.5902978181838989,-0.027918023988604546,0.5149453282356262,0.5127449631690979,-0.03272899612784386,0.5004470348358154,0.45939701795578003,-0.03406210616230965,0.5144543647766113,0.4778413772583008,-0.01397006306797266,0.5368550419807434,0.47344714403152466,-0.04319078475236893,0.5282831192016602,0.5353023409843445,-0.05869966000318527,0.5142961740493774,0.5831500887870789,-0.06304161250591278,0.4785926043987274,0.4548003077507019,-0.011298681609332561,0.4902727007865906,0.4914192855358124,-0.03748203068971634,0.484811395406723,0.5781773328781128,-0.04055677726864815,0.47957026958465576,0.6200001239776611,-0.035787779837846756,0.4428468346595764,0.4578521251678467,-0.01346859522163868,0.45356449484825134,0.507515549659729,-0.03977291285991669,0.4546634554862976,0.5848122835159302,-0.03446732088923454,0.4543549418449402,0.6177535653114319,-0.02358786016702652,0.40743544697761536,0.4769751727581024,-0.01735842414200306,0.4210518002510071,0.5174021124839783,-0.03291318938136101,0.4296376705169678,0.576712965965271,-0.027946023270487785,0.43441683053970337,0.5979464650154114,-0.01878962107002735
T,0.4231806993484497,0.8044911623001099,-3.473372487405868e-07,0.46710681915283203,0.775114119052887,-0.022398628294467926,0.49981144070625305,0.701759397983551,-0.034024808555841446,0.49294930696487427,0.6333708763122559,-0.043322812765836716,0.4738140404224396,0.5861497521400452,-0.049344252794981,0.4805435240268707,0.5608970522880554,-0.020714163780212402,0.5097585916519165,0.5835041403770447,-0.05452276021242142,0.5041112899780273,0.6516109704971313,-0.07421128451824188,0.49221187829971313,0.7028906345367432,-0.08162879943847656,0.43965378403663635,0.5465587377548218,-0.01932794786989689,0.4623507857322693,0.6247888803482056,-0.048606257885694504,0.4583278000354767,0.711375892162323,-0.0532919205725193,0.45288601517677307,0.7491852045059204,-0.050273336470127106,0.40270137786865234,0.5646095275878906,-0.02284945175051689,0.42889562249183655,0.6561887860298157,-0.04981736093759537,0.4286573827266693,0.7246652841567993,-0.04536376893520355,0.4263727366924286,0.7435572147369385,-0.03596623241901398,0.3702849745750427,0.6023702025413513,-0.028667045757174492,0.3966595530509949,0.6701342463493347,-0.042897194623947144,0.40309464931488037,0.7227030396461487,-0.03820428252220154,0.4030079245567322,0.7320401072502136,-0.029964525252580643
T,0.34397634863853455,0.8771471977233887,-3.404932726880361e-07,0.3938336968421936,0.8519458770751953,-0.02682335302233696,0.43396905064582825,0.7668500542640686,-0.03832569718360901,0.4218977391719818,0.6892263293266296,-0.0465409941971302,0.39434725046157837,0.6429805159568787,-0.050667904317379,0.4156154692173004,0.6240913271903992,-0.020877361297607422,0.43576762080192566,0.6331183314323425,-0.05631894990801811,0.42623281478881836,0.7081102132797241,-0.07602963596582413,0.41251182556152344,0.7604669332504272,-0.08302565664052963,0.37228357791900635,0.6047382950782776,-0.017733439803123474,0.38573914766311646,0.6642254590988159,-0.049844346940517426,0.38137418031692505,0.7599804997444153,-0.05499200522899628,0.3772874176502228,0.8014642000198364,-0.0507119782269001,0.33223122358322144,0.6169624328613281,-0.020324738696217537,0.3477431833744049,0.695353090763092,-0.05049781873822212,0.3506113886833191,0.7746983766555786,-0.045759864151477814,0.35210752487182617,0.8002069592475891,-0.03468688949942589,0.2955261468887329,0.6473915576934814,-0.02546342834830284,0.3146301507949829,0.7093387246131897,-0.0419885516166687,0.32419729232788086,0.7709099650382996,-0.037261322140693665,0.3296051621437073,0.7861549258232117,-0.028051655739545822
T,0.3024589717388153,0.8978108763694763,-3.561527819329058e-07,0.3563988208770752,0.8601420521736145,-0.027667071670293808,0.39403337240219116,0.7612193822860718,-0.03665407374501228,0.38128215074539185,0.6607933640480042,-0.043890610337257385,0.36433976888656616,0.5880097150802612,-0.046635933220386505,0.3902759850025177,0.67452073097229,-0.010015705600380898,0.4073713719844818,0.6169999837875366,-0.050081633031368256,0.38984861969947815,0.676734209060669,-0.07097963988780975,0.37029558420181274,0.7407792806625366,-0.0758805200457573,0.3487643897533417,0.6563460826873779,-0.005574756767600775,0.344133198261261,0.6305131912231445,-0.04730495810508728,0.33276015520095825,0.7337648868560791,-0.05488118901848793,0.3328232169151306,0.7980182766914368,-0.04781347140669823,0.30757689476013184,0.6509122848510742,-0.00830533541738987,0.2988935112953186,0.6462621688842773,-0.04828295111656189,0.2983549237251282,0.742407500743866,-0.04193746671080589,0.3058954179286957,0.7927680015563965,-0.02496337704360485,0.2653332054615021,0.6583394408226013,-0.013149417005479336,0.2638343572616577,0.6582493185997009,-0.03564993292093277,0.26962998509407043,0.7307554483413696,-0.028685348108410835,0.279770165681839,0.7631379961967468,-0.015174679458141327
T,0.3069971799850464,0.8115232586860657,-3.300550304174976e-07,0.3607395589351654,0.7737491130828857,-0.03211032599210739,0.3927375078201294,0.6801610589027405,-0.04594343900680542,0.3754587471485138,0.5767616033554077,-0.05705643445253372,0.35606810450553894,0.4990440309047699,-0.06393814831972122,0.3882291913032532,0.6026293039321899,-0.020033681765198708,0.4012995958328247,0.5315214991569519,-0.0602710135281086,0.3826001286506653,0.5909135341644287,-0.0818508043885231,0.3659544587135315,0.6530761122703552,-0.08845233172178268,0.3472587764263153,0.5905534029006958,-0.014494498260319233,0.34516289830207825,0.5504975318908691,-0.05726370960474014,0.33397436141967773,0.6490961909294128,-0.06669267266988754,0.332302451133728,0.714095950126648,-0.06236177310347557,0.3087325692176819,0.5894368290901184,-0.015586781315505505,0.3069089949131012,0.5633543133735657,-0.05772089585661888,0.30591389536857605,0.6594109535217285,-0.05184652656316757,0.3098737299442291,0.7164980173110962,-0.035745423287153244,0.26934486627578735,0.5989456176757812,-0.018858611583709717,0.27611085772514343,0.5784971714019775,-0.04601873457431793,0.28126785159111023,0.6506247520446777,-0.04072157293558121,0.2877423167228699,0.6889464259147644,-0.028463920578360558
T,0.2616393566131592,0.7305312752723694,-3.2495711366209434e-07,0.3101294934749603,0.7201613783836365,-0.04734544828534126,0.3480689823627472,0.6340294480323792,-0.0683806911110878,0.33833786845207214,0.5347179770469666,-0.08248875290155411,0.31365767121315,0.4641944468021393,-0.09157311171293259,0.35196244716644287,0.528647780418396,-0.045220013707876205,0.3386897146701813,0.48493489623069763,-0.0962103009223938,0.303747296333313,0.5484558343887329,-0.12065611034631729,0.28044167160987854,0.5993182063102722,-0.1276542693376541,0.3070702850818634,0.5084009170532227,-0.03479016572237015,0.2789608836174011,0.4666152894496918,-0.08953236043453217,0.2629750669002533,0.5655319094657898,-0.09846501797437668,0.2650955617427826,0.6240595579147339,-0.08997184783220291,0.2674923241138458,0.5023207664489746,-0.031939007341861725,0.23690228164196014,0.4839235246181488,-0.0816231369972229,0.23669853806495667,0.5784050226211548,-0.07349900156259537,0.25094348192214966,0.6259039640426636,-0.05359949171543121,0.23178993165493011,0.5119373798370361,-0.03254956752061844,0.21045446395874023,0.49413761496543884,-0.06279483437538147,0.215535506606102,0.5643664598464966,-0.05654134228825569,0.2319117784500122,0.5977773666381836,-0.04196467623114586
T,0.3960607647895813,0.7050120830535889,-3.456604247276118e-07,0.44668951630592346,0.6792609095573425,-0.022224731743335724,0.48165103793144226,0.5786649584770203,-0.029243001714348793,0.4678242802619934,0.4805775582790375,-0.03452400863170624,0.4534093737602234,0.40886807441711426,-0.036679212003946304,0.4669593274593353,0.4661838412284851,-0.013788901269435883,0.48971080780029297,0.43534237146377563,-0.044977348297834396,0.4813316762447357,0.4953426718711853,-0.061357587575912476,0.4668375253677368,0.5556148886680603,-0.06548524647951126,0.42427247762680054,0.4514118432998657,-0.010947543196380138,0.4369317591190338,0.453868567943573,-0.041792113333940506,0.4363909661769867,0.5486243367195129,-0.0468207485973835,0.4357312023639679,0.6144464612007141,-0.04189728572964668,0.3846474885940552,0.45700815320014954,-0.013189030811190605,0.39922213554382324,0.4782923758029938,-0.045286115258932114,0.40554186701774597,0.5699870586395264,-0.04072147607803345,0.4088789224624634,0.6256754994392395,-0.02824377827346325,0.3460986614227295,0.4786513149738312,-0.016967015340924263,0.3671185374259949,0.49340587854385376,-0.03802720829844475,0.3780134618282318,0.5644129514694214,-0.03396660462021828,0.383147269487381,0.601952850818634,-0.024181948974728584
T,0.47788509726524353,0.7205047607421875,-3.385738693850726e-07,0.5344730615615845,0.6780746579170227,-0.020988525822758675,0.5684112310409546,0.5697678923606873,-0.028220821171998978,0.556133508682251,0.4761865437030792,-0.03410524129867554,0.5429866313934326,0.405143678188324,-0.03666827455163002,0.5438019037246704,0.4560425877571106,-0.013731508515775204,0.5778211355209351,0.4346269369125366,-0.04686886817216873,0.5724830031394958,0.502800464630127,-0.06549375504255295,0.5589901804924011,0.5706748962402344,-0.07073342800140381,0.5006457567214966,0.44437965750694275,-0.01198976207524538,0.5270796418190002,0.4601016342639923,-0.043145835399627686,0.5275842547416687,0.5585600137710571,-0.04816637560725212,0.5252078175544739,0.6292629837989807,-0.043345991522073746,0.4606332778930664,0.4560966491699219,-0.015465127304196358,0.48801538348197937,0.4824662208557129,-0.045945052057504654,0.4949311316013336,0.5724666118621826,-0.04060359299182892,0.4967287480831146,0.6310837268829346,-0.02809460647404194,0.42289498448371887,0.48525097966194153,-0.02074875868856907,0.45288288593292236,0.5070846080780029,-0.040546491742134094,0.46545150876045227,0.5783205628395081,-0.035684987902641296,0.46914416551589966,0.6185440421104431,-0.02527473121881485
T,0.5399129986763,0.7297616004943848,-3.517755828852387e-07,0.5945761203765869,0.6633884906768799,-0.01050659827888012,0.6174831390380859,0.5656280517578125,-0.017823418602347374,0.618818998336792,0.4799240231513977,-0.026172185316681862,0.6137295365333557,0.4017082452774048,-0.030985262244939804,0.5694819688796997,0.43723684549331665,-0.00857221707701683,0.6324970126152039,0.43902817368507385,-0.0387239046394825,0.6410595774650574,0.5144449472427368,-0.05449167266488075,0.6347125768661499,0.5730016827583313,-0.05940748751163483,0.5413804650306702,0.4385952353477478,-0.012502615340054035,0.6106856465339661,0.4778495728969574,-0.039827167987823486,0.6112474203109741,0.5674195289611816,-0.04274562746286392,0.6028366088867188,0.6229498982429504,-0.03893398866057396,0.5200071930885315,0.46497660875320435,-0.020642051473259926,0.5905453562736511,0.5116297602653503,-0.04775519296526909,0.5883393883705139,0.591488242149353,-0.04284075275063515,0.5790424346923828,0.6368602514266968,-0.03262222185730934,0.5056073069572449,0.5080273151397705,-0.030074268579483032,0.5665926933288574,0.5381107926368713,-0.046928901225328445,0.5697768330574036,0.5983618497848511,-0.04385308921337128,0.5607176423072815,0.6334006190299988,-0.036458950489759445
T,0.6658512353897095,0.6922565698623657,-3.466633700099919e-07,0.7296757698059082,0.6934778690338135,-0.024873528629541397,0.7917171120643616,0.6098953485488892,-0.0336654968559742,0.7988417148590088,0.5002443194389343,-0.04155426844954491,0.798347532749176,0.4107349216938019,-0.046428799629211426,0.79118412733078,0.4949305057525635,-0.014331654645502567,0.8352603912353516,0.46371936798095703,-0.05208136513829231,0.8153141736984253,0.5247043371200562,-0.07318202406167984,0.7847201228141785,0.5839629173278809,-0.07908935099840164,0.7486736178398132,0.45647913217544556,-0.012749705463647842,0.7744771838188171,0.4536486566066742,-0.0484345369040966,0.7536519169807434,0.555932879447937,-0.05587423965334892,0.7350957989692688,0.6244007349014282,-0.051653869450092316,0.7034758925437927,0.4385784864425659,-0.017202528193593025,0.7290878891944885,0.44829416275024414,-0.05495348572731018,0.7154353260993958,0.552529513835907,-0.049439527094364166,0.7021540999412537,0.6142662167549133,-0.03481527045369148,0.6549897789955139,0.4364921748638153,-0.023169802501797676,0.6875050067901611,0.4527558982372284,-0.048061519861221313,0.6844668388366699,0.5364694595336914,-0.04132493957877159,0.6767175197601318,0.5799957513809204,-0.028482571244239807
T,0.7059239745140076,0.6369709372520447,-2.842657238488755e-07,0.7740620970726013,0.6308214068412781,-0.019943349063396454,0.8352638483047485,0.55235356092453,-0.02740849368274212,0.8493773341178894,0.44964930415153503,-0.035530198365449905,0.8549360632896423,0.3653222918510437,-0.041101064532995224,0.8376923203468323,0.451368510723114,-0.008401458151638508,0.875934362411499,0.4242953062057495,-0.04472041130065918,0.856100857257843,0.47692567110061646,-0.0668041780591011,0.8251762390136719,0.5248768925666809,-0.07434125244617462,0.7966214418411255,0.41581398248672485,-0.009184880182147026,0.8200637698173523,0.4118078351020813,-0.042317118495702744,0.7972020506858826,0.49877116084098816,-0.050920598208904266,0.7766309976577759,0.5533358454704285,-0.04950931295752525,0.7544068694114685,0.39894676208496094,-0.015806928277015686,0.7762675285339355,0.4059123396873474,-0.05114734172821045,0.7613037824630737,0.49385330080986023,-0.04680819436907768,0.7469454407691956,0.5434615015983582,-0.03474106639623642,0.7084891200065613,0.394237220287323,-0.023678068071603775,0.737665057182312,0.3996453285217285,-0.0470026433467865,0.7335091829299927,0.4731236398220062,-0.04017406702041626,0.7261978387832642,0.5126028656959534,-0.028431247919797897
T,0.4662773609161377,0.5307871103286743,-2.7272426450508647e-07,0.5119693875312805,0.5103732347488403,-0.017435526475310326,0.5511734485626221,0.42759209871292114,-0.023392589762806892,0.5439861416816711,0.34134286642074585,-0.028760261833667755,0.5232046246528625,0.2846042513847351,-0.032434798777103424,0.5430546998977661,0.3611482083797455,-0.012102383188903332,0.5622351765632629,0.3066229224205017,-0.03897269815206528,0.5483298301696777,0.34864839911460876,-0.05471406131982803,0.531446099281311,0.4009280800819397,-0.05977234989404678,0.5070924162864685,0.349800705909729,-0.01154925674200058,0.5138541460037231,0.3165598213672638,-0.03904731571674347,0.5055679082870483,0.38891810178756714,-0.04613983631134033,0.5003683567047119,0.44818732142448425,-0.044305164366960526,0.47300955653190613,0.3506312668323517,-0.014876361936330795,0.478833943605423,0.32597288489341736,-0.04217015206813812,0.47872957587242126,0.39658501744270325,-0.038649000227451324,0.4780128598213196,0.44743746519088745,-0.028934525325894356,0.4375978708267212,0.36032116413116455,-0.0191934984177351,0.4499461054801941,0.3379836976528168,-0.036825381219387054,0.4551742672920227,0.392666220664978,-0.03130402788519859,0.4574891924858093,0.4294847249984741,-0.022133074700832367
T,0.36625364422798157,0.5481007695198059,-2.8075700697627326e-07,0.40999919176101685,0.5201000571250916,-0.014799161814153194,0.4436480402946472,0.441606342792511,-0.019484825432300568,0.4337962865829468,0.3750379681587219,-0.02396787889301777,0.40962374210357666,0.3381866216659546,-0.026836762204766273,0.4284815788269043,0.3729304373264313,-0.006710093934088945,0.43953514099121094,0.3255625367164612,-0.03308426961302757,0.43085023760795593,0.3728097677230835,-0.04813980683684349,0.4202573299407959,0.4248659014701843,-0.05262294039130211,0.3949202001094818,0.3703167736530304,-0.007537830621004105,0.3974248766899109,0.3365214765071869,-0.034665465354919434,0.3928057551383972,0.4123254716396332,-0.04107063263654709,0.3908354341983795,0.4655609130859375,-0.03802945092320442,0.36242789030075073,0.3790544867515564,-0.012356249615550041,0.3644140064716339,0.35479846596717834,-0.04084106907248497,0.3661329448223114,0.42859920859336853,-0.03641246631741524,0.36777880787849426,0.47186633944511414,-0.025073595345020294,0.3289961814880371,0.3969425857067108,-0.01778523065149784,0.33587539196014404,0.37032994627952576,-0.035339657217264175,0.34243157505989075,0.4275558292865753,-0.027919061481952667,0.3462046682834625,0.460014283657074,-0.016997044906020164
T,0.3336610496044159,0.5807336568832397,-2.7430957061369554e-07,0.3767226040363312,0.552269697189331,-0.013506118208169937,0.4072953164577484,0.4684469997882843,-0.018091166391968727,0.3998878002166748,0.3962837755680084,-0.022550230845808983,0.38521772623062134,0.3476089537143707,-0.024824880063533783,0.38647952675819397,0.3752330541610718,-0.006676123943179846,0.41333499550819397,0.34784913063049316,-0.03168617933988571,0.4127790629863739,0.4004429280757904,-0.0458785817027092,0.4043741226196289,0.4550299048423767,-0.049647919833660126,0.35324805974960327,0.36746078729629517,-0.00688557606190443,0.3766104280948639,0.375202476978302,-0.030209369957447052,0.37775811553001404,0.4550004303455353,-0.03414331004023552,0.37460654973983765,0.5072507858276367,-0.030528753995895386,0.32220563292503357,0.3783431351184845,-0.011010742746293545,0.3478017747402191,0.3937651813030243,-0.035935938358306885,0.35236385464668274,0.4665259122848511,-0.032537661492824554,0.35060903429985046,0.5098305344581604,-0.02311117574572563,0.2917867600917816,0.4021446108818054,-0.01595408469438553,0.31987929344177246,0.4093455970287323,-0.03226659819483757,0.33048632740974426,0.4647592306137085,-0.027669934555888176,0.33198654651641846,0.49580928683280945,-0.018897801637649536
T,0.3615894615650177,0.5722914934158325,-2.2569253133042366e-07,0.39978301525115967,0.5294797420501709,-0.011756101623177528,0.41964805126190186,0.4491790533065796,-0.018367215991020203,0.41635873913764954,0.379791259765625,-0.025395944714546204,0.407747745513916,0.3232642114162445,-0.029590193182229996,0.39036181569099426,0.35174649953842163,-0.008008938282728195,0.4292508661746979,0.33111631870269775,-0.034445758908987045,0.4360543489456177,0.3885764181613922,-0.048845384269952774,0.4309486150741577,0.43844640254974365,-0.053252626210451126,0.3631490468978882,0.34983885288238525,-0.01006772555410862,0.40674176812171936,0.36255601048469543,-0.03402063250541687,0.41050446033477783,0.4395281672477722,-0.03727472946047783,0.4048338532447815,0.4838036298751831,-0.03380429372191429,0.3401718735694885,0.36730197072029114,-0.016043365001678467,0.38650840520858765,0.39109039306640625,-0.04053239896893501,0.3883396089076996,0.46090278029441833,-0.035969678312540054,0.38162094354629517,0.49653512239456177,-0.026252474635839462,0.32079142332077026,0.3974328637123108,-0.023031875491142273,0.36445656418800354,0.4122171998023987,-0.037730757147073746,0.3711404502391815,0.4630132019519806,-0.03303468972444534,0.366069495677948,0.4891606569290161,-0.024814264848828316
T,0.35044631361961365,0.566473126411438,-2.462514885337441e-07,0.3914666175842285,0.5214217305183411,-0.011898326687514782,0.41250377893447876,0.4388388395309448,-0.0177326537668705,0.41002437472343445,0.3695529103279114,-0.024366481229662895,0.4018743634223938,0.31250542402267456,-0.028290146961808205,0.3834526240825653,0.3445378243923187,-0.005869932007044554,0.4213424324989319,0.32462450861930847,-0.032352421432733536,0.4258609414100647,0.38429123163223267,-0.04714610427618027,0.41966667771339417,0.4327872395515442,-0.0519687794148922,0.35567837953567505,0.3423694372177124,-0.007991423830389977,0.3963771462440491,0.3520365357398987,-0.0323161855340004,0.39805668592453003,0.42826148867607117,-0.036093950271606445,0.3913547098636627,0.4723244607448578,-0.03291989117860794,0.33099111914634705,0.3579338490962982,-0.014301677234470844,0.37488552927970886,0.37745141983032227,-0.03937188908457756,0.37626007199287415,0.44847372174263,-0.03513230010867119,0.36928290128707886,0.4859333634376526,-0.025438034906983376,0.3091852366924286,0.3860618770122528,-0.021717002615332603,0.35151177644729614,0.39952772855758667,-0.037124305963516235,0.3583514988422394,0.45175039768218994,-0.03282198682427406,0.3535158932209015,0.4799295663833618,-0.024732442572712898
T,0.3115953803062439,0.5534934401512146,-2.4761257577665674e-07,0.3591136932373047,0.5258631110191345,-0.017612123861908913,0.3927828073501587,0.4443723261356354,-0.02204110100865364,0.38528841733932495,0.36160334944725037,-0.026066746562719345,0.37166720628738403,0.30641964077949524,-0.02815023809671402,0.3766101896762848,0.386322557926178,-0.004555760882794857,0.3930526375770569,0.3338848352432251,-0.03269989416003227,0.38506007194519043,0.37458983063697815,-0.048695746809244156,0.3728201389312744,0.4266968369483948,-0.05308610200881958,0.3435979187488556,0.378447562456131,-0.0032382705248892307,0.35143229365348816,0.3374536633491516,-0.03392251580953598,0.34630557894706726,0.41682448983192444,-0.04162098094820976,0.3428992033004761,0.478654682636261,-0.03803035989403725,0.3107442259788513,0.37884944677352905,-0.00665277848020196,0.3175375461578369,0.3478420376777649,-0.03874243423342705,0.31796029210090637,0.42804771661758423,-0.035219885408878326,0.31839704513549805,0.48072385787963867,-0.02266431599855423,0.2752796709537506,0.3889597952365875,-0.010979987680912018,0.28687167167663574,0.36412546038627625,-0.03216171637177467,0.29500848054885864,0.4234558939933777,-0.027626873925328255,0.29942911863327026,0.45963799953460693,-0.01754407398402691
T,0.31637129187583923,0.5712436437606812,-3.0171560183589463e-07,0.36176225543022156,0.5397676229476929,-0.025903236120939255,0.3926253318786621,0.4597948491573334,-0.03668481484055519,0.3795115649700165,0.3698327839374542,-0.0455610491335392,0.3610442280769348,0.3057907521724701,-0.05181657150387764,0.3914283514022827,0.3928680717945099,-0.01595376431941986,0.39750349521636963,0.33397364616394043,-0.05051145702600479,0.37880462408065796,0.3759538531303406,-0.0696752592921257,0.36331936717033386,0.4297509491443634,-0.07568658143281937,0.35446134209632874,0.3831494450569153,-0.012355185113847256,0.3451223075389862,0.33794915676116943,-0.051042426377534866,0.33423206210136414,0.4222051501274109,-0.060673292726278305,0.3345699906349182,0.48786938190460205,-0.05695667490363121,0.32017695903778076,0.38198962807655334,-0.014128286391496658,0.30978167057037354,0.3481890559196472,-0.05183171480894089,0.3071732521057129,0.4305172860622406,-0.0478103831410408,0.31266358494758606,0.48595303297042847,-0.03377772495150566,0.2857029139995575,0.3909710645675659,-0.01750214397907257,0.2825382351875305,0.3583589792251587,-0.04167763516306877,0.2854870855808258,0.4207862317562103,-0.03682752326130867,0.2932106554508209,0.4605816602706909,-0.025602024048566818
T,0.37132149934768677,0.5686243772506714,-3.154967771479278e-07,0.4178898334503174,0.5553512573242188,-0.02985667809844017,0.45709502696990967,0.473816841840744,-0.039285000413656235,0.4564909040927887,0.3883070647716522,-0.04483456537127495,0.43665239214897156,0.3349725306034088,-0.04742463678121567,0.4434964060783386,0.3980938494205475,-0.023107724264264107,0.4370240271091461,0.3460075557231903,-0.05632049962878227,0.4167327582836151,0.3970058858394623,-0.0721639096736908,0.4042195975780487,0.4456789791584015,-0.07573181390762329,0.4070291221141815,0.38543155789375305,-0.01609347015619278,0.3890526592731476,0.34270185232162476,-0.0525086335837841,0.3789075016975403,0.42542481422424316,-0.05878439173102379,0.38095617294311523,0.47964516282081604,-0.05257446691393852,0.3745150864124298,0.38428041338920593,-0.014402237720787525,0.35760241746902466,0.3558242917060852,-0.04971760883927345,0.35627278685569763,0.4340125620365143,-0.04497173801064491,0.36395105719566345,0.47917628288269043,-0.03093082085251808,0.34462133049964905,0.39327964186668396,-0.014520561322569847,0.33438077569007874,0.365380197763443,-0.03701343759894371,0.3363916873931885,0.42393845319747925,-0.03248305991292,0.3456086218357086,0.4575178325176239,-0.021553553640842438
T,0.410672664642334,0.6063041090965271,-2.12089418027972e-07,0.4515802562236786,0.5943006873130798,-0.04166534170508385,0.48217010498046875,0.5528033971786499,-0.06722250580787659,0.4678415358066559,0.5019063949584961,-0.08619407564401627,0.4389476776123047,0.47372788190841675,-0.10028304904699326,0.47181186079978943,0.38816213607788086,-0.05881067365407944,0.4567473232746124,0.4261058270931244,-0.10413617640733719,0.4440014958381653,0.4998522996902466,-0.12557651102542877,0.4327005445957184,0.5411355495452881,-0.133636936545372,0.4267428517341614,0.3678344190120697,-0.05203668400645256,0.4030967950820923,0.45983365178108215,-0.09528932720422745,0.41063469648361206,0.5480273365974426,-0.10051893442869186,0.4205464720726013,0.5752813220024109,-0.09596941620111465,0.386275053024292,0.3793131113052368,-0.050478074699640274,0.3710309565067291,0.5006281137466431,-0.08749162405729294,0.38564053177833557,0.5723732113838196,-0.07983360439538956,0.4011344909667969,0.5855724811553955,-0.06686574965715408,0.351329505443573,0.4101291596889496,-0.05303753912448883,0.3463866412639618,0.5076132416725159,-0.07610847055912018,0.36279433965682983,0.5659002661705017,-0.07233970612287521,0.3789915144443512,0.5732335448265076,-0.06284051388502121
T,0.45613300800323486,0.6307796239852905,-2.6976542244483426e-07,0.4944056272506714,0.6154612898826599,-0.03057926520705223,0.5291150808334351,0.5780479311943054,-0.05072211101651192,0.5291929244995117,0.5343403220176697,-0.06718835979700089,0.5117078423500061,0.5018244385719299,-0.08002796769142151,0.517177164554596,0.3957722783088684,-0.038250651210546494,0.5356033444404602,0.4611431658267975,-0.07702720165252686,0.5280630588531494,0.5298759937286377,-0.09983492642641068,0.5161030292510986,0.5708966255187988,-0.10924246162176132,0.47169870138168335,0.3765702545642853,-0.03439461067318916,0.47781503200531006,0.5039524435997009,-0.06232422962784767,0.47804996371269226,0.5746804475784302,-0.06741596013307571,0.4779817759990692,0.5946292281150818,-0.0672401711344719,0.42946115136146545,0.3936726152896881,-0.03514330834150314,0.4379822909832001,0.5237452983856201,-0.05878829583525658,0.44549086689949036,0.5805127024650574,-0.05269572511315346,0.45138031244277954,0.589797854423523,-0.04469700902700424,0.39275074005126953,0.43051841855049133,-0.0395607091486454,0.4033474624156952,0.5287933945655823,-0.05275081470608711,0.4181385636329651,0.5790916085243225,-0.04751348868012428,0.42958158254623413,0.5890958905220032,-0.03912689909338951
T,0.4660879969596863,0.6242139935493469,-3.487947708435968e-07,0.5162367224693298,0.5943633317947388,-0.020568158477544785,0.5471940040588379,0.49997973442077637,-0.028458504006266594,0.5396639108657837,0.41361942887306213,-0.03444767743349075,0.5291413068771362,0.34503674507141113,-0.037320442497730255,0.529033362865448,0.3776753544807434,-0.017186325043439865,0.5660718083381653,0.3640347421169281,-0.048784784972667694,0.5645508766174316,0.4311974048614502,-0.06605182588100433,0.5527019500732422,0.49133214354515076,-0.07095454633235931,0.4902774393558502,0.3635902404785156,-0.015125040896236897,0.5228835344314575,0.40279635787010193,-0.04306703060865402,0.5193492770195007,0.49837633967399597,-0.04600045084953308,0.510613203048706,0.5544164776802063,-0.0410194955766201,0.45411935448646545,0.37733322381973267,-0.017890669405460358,0.487052857875824,0.42692649364471436,-0.045461930334568024,0.4879927933216095,0.5096890926361084,-0.039523616433143616,0.48246678709983826,0.5531978607177734,-0.027974437922239304,0.4201993942260742,0.40893781185150146,-0.022419197484850883,0.4526602327823639,0.44488081336021423,-0.04005289822816849,0.4625089764595032,0.5108538269996643,-0.034995295107364655,0.4625999629497528,0.5427279472351074,-0.025162169709801674
T,0.4129776954650879,0.5823197364807129,-3.3692970191623317e-07,0.47235894203186035,0.5533306002616882,-0.01807587593793869,0.5129235982894897,0.45682284235954285,-0.022409852594137192,0.5028852820396423,0.35350561141967773,-0.026900049299001694,0.49026238918304443,0.281330406665802,-0.029133664444088936,0.5004693865776062,0.37906140089035034,-0.0028418051078915596,0.5209208726882935,0.3151610791683197,-0.03448691591620445,0.5092329382896423,0.36765217781066895,-0.05270596221089363,0.491725355386734,0.43118196725845337,-0.05775399133563042,0.46101105213165283,0.36728179454803467,-0.0027608885429799557,0.4718024432659149,0.3151651620864868,-0.036010947078466415,0.4635983109474182,0.4077002704143524,-0.044886618852615356,0.4560878574848175,0.4812743067741394,-0.04142751172184944,0.422011137008667,0.36704275012016296,-0.007921493612229824,0.43198269605636597,0.3285418152809143,-0.04403868690133095,0.43035265803337097,0.42364346981048584,-0.040048934519290924,0.42722001671791077,0.48730605840682983,-0.025910619646310806,0.3801126182079315,0.3785926401615143,-0.013849323615431786,0.398598849773407,0.3412632644176483,-0.03796748071908951,0.40483206510543823,0.4136810600757599,-0.03171361982822418,0.4052630364894867,0.46074047684669495,-0.019428614526987076
T,0.3957745432853699,0.5766398906707764,-3.69454284054882e-07,0.44819098711013794,0.5447390675544739,-0.029515253379940987,0.48243996500968933,0.44823339581489563,-0.04045040160417557,0.467929482460022,0.35376694798469543,-0.049016907811164856,0.4458506107330322,0.29002341628074646,-0.05360275134444237,0.4775557518005371,0.35924598574638367,-0.018115434795618057,0.48337602615356445,0.3042944371700287,-0.056621089577674866,0.4654374420642853,0.36994466185569763,-0.0775037407875061,0.45002493262290955,0.4348471760749817,-0.08372136205434799,0.43603941798210144,0.3463442623615265,-0.013302584178745747,0.4254792630672455,0.32524698972702026,-0.055100906640291214,0.4175771176815033,0.42382699251174927,-0.06395669281482697,0.4196814298629761,0.48951053619384766,-0.05880967155098915,0.3971010446548462,0.34661751985549927,-0.014867231249809265,0.3874503970146179,0.3404681980609894,-0.05488492175936699,0.3889261484146118,0.434617280960083,-0.050211887806653976,0.3972068727016449,0.48909130692481995,-0.035274211317300797,0.35918989777565,0.35987746715545654,-0.018677201122045517,0.35749882459640503,0.3563079833984375,-0.04435361549258232,0.3633590042591095,0.42909178137779236,-0.04036872461438179,0.373880535364151,0.46645021438598633,-0.02919500321149826
U,0.32321372628211975,0.8601434826850891,3.1579017445437785e-07,0.36299124360084534,0.8109654188156128,-0.019697293639183044,0.37673500180244446,0.7250586748123169,-0.02540525607764721,0.34776780009269714,0.6687026023864746,-0.03108447790145874,0.31757575273513794,0.6330908536911011,-0.03568673133850098,0.36478906869888306,0.623054563999176,-0.006719397846609354,0.35759666562080383,0.5405652523040771,-0.01882246322929859,0.34813249111175537,0.48592281341552734,-0.02719583921134472,0.3398112654685974,0.4401015639305115,-0.03248099237680435,0.33381518721580505,0.63045734167099,-0.009663027711212635,0.32635244727134705,0.5353881120681763,-0.025472884997725487,0.32224923372268677,0.4762325882911682,-0.035703737288713455,0.31864944100379944,0.42767268419265747,-0.03981202840805054,0.3057270348072052,0.6593461036682129,-0.01568261906504631,0.30897459387779236,0.6123847961425781,-0.04729820042848587,0.32498830556869507,0.6763147115707397,-0.052856333553791046,0.3320406675338745,0.7225081324577332,-0.04642487317323685,0.2793232798576355,0.7027621269226074,-0.02273338846862316,0.2903439998626709,0.6636942625045776,-0.050532061606645584,0.3100108802318573,0.7099907994270325,-0.05142851918935776,0.32057568430900574,0.7495890855789185,-0.044912222772836685
U,0.3858950436115265,0.7837110161781311,4.3225716694905714e-07,0.42987415194511414,0.7488721609115601,-0.020234500989317894,0.45660024881362915,0.6768071055412292,-0.02869972586631775,0.44342154264450073,0.6181401014328003,-0.037229012697935104,0.4190182685852051,0.5821154117584229,-0.044235922396183014,0.43584954738616943,0.5684685111045837,-0.015008008107542992,0.4459753930568695,0.4858751595020294,-0.03129842132329941,0.44874173402786255,0.43032580614089966,-0.04019897058606148,0.4504435062408447,0.38300377130508423,-0.04407509043812752,0.4055492877960205,0.5634638071060181,-0.01681162230670452,0.41489988565444946,0.47082316875457764,-0.03658461570739746,0.4233752191066742,0.4093780219554901,-0.046475812792778015,0.43014079332351685,0.36214661598205566,-0.04865365847945213,0.37720388174057007,0.5784107446670532,-0.021049531176686287,0.39684614539146423,0.55230712890625,-0.05250878632068634,0.4125407934188843,0.6184948086738586,-0.05710820108652115,0.4189903438091278,0.672852098941803,-0.048860665410757065,0.35252150893211365,0.6087921261787415,-0.02649984322488308,0.3791505694389343,0.5963976383209229,-0.050225742161273956,0.3978275954723358,0.6429067850112915,-0.05005911737680435,0.40586796402931213,0.6861500144004822,-0.042264070361852646
U,0.33427512645721436,0.8100549578666687,3.648336530659435e-07,0.38375383615493774,0.779149055480957,-0.023032166063785553,0.4107661843299866,0.6953153610229492,-0.031048422679305077,0.38675546646118164,0.6215851902961731,-0.039206940680742264,0.3579356372356415,0.5718104839324951,-0.04595565423369408,0.4145379662513733,0.5724664926528931,-0.010544507764279842,0.4192047715187073,0.4788922071456909,-0.027336347848176956,0.41762804985046387,0.41408416628837585,-0.03868334740400314,0.415964812040329,0.3588367700576782,-0.04555168002843857,0.3784700036048889,0.5644744038581848,-0.014448384754359722,0.38410866260528564,0.4564705789089203,-0.03540380671620369,0.38863128423690796,0.3887646496295929,-0.048085253685712814,0.39228367805480957,0.33515992760658264,-0.052852731198072433,0.3434096872806549,0.5826054811477661,-0.021870693191885948,0.350061297416687,0.541355311870575,-0.05938095599412918,0.3589087128639221,0.6195740103721619,-0.06590928882360458,0.3616660237312317,0.6783598065376282,-0.0581451840698719,0.30827757716178894,0.6176593899726868,-0.030647285282611847,0.3235018849372864,0.589365541934967,-0.061917562037706375,0.33797162771224976,0.6485545635223389,-0.06269806623458862,0.3449276089668274,0.698047399520874,-0.054951492697000504
U,0.34242570400238037,0.8261216878890991,3.824406462626939e-07,0.3923462927341461,0.7929490804672241,-0.024191344156861305,0.4194668233394623,0.7135009765625,-0.03269907832145691,0.3928074240684509,0.6511102318763733,-0.041174761950969696,0.36242738366127014,0.6068732142448425,-0.048579052090644836,0.4141477644443512,0.5845829844474792,-0.011327164247632027,0.41790199279785156,0.49092525243759155,-0.02661113254725933,0.41513338685035706,0.426910936832428,-0.03748955950140953,0.4125966727733612,0.3715362548828125,-0.044816311448812485,0.37847936153411865,0.5747123956680298,-0.013882255181670189,0.3825831115245819,0.4697243571281433,-0.03254157304763794,0.38562095165252686,0.40283918380737305,-0.044577278196811676,0.38909855484962463,0.34925079345703125,-0.05049564316868782,0.3440019190311432,0.5917382836341858,-0.019841209053993225,0.348839670419693,0.5167011022567749,-0.05419410765171051,0.35444581508636475,0.594134509563446,-0.05781169980764389,0.35541555285453796,0.6555960178375244,-0.049670152366161346,0.31088051199913025,0.6294589042663574,-0.027329135686159134,0.32140353322029114,0.574744462966919,-0.058057259768247604,0.33414262533187866,0.632218599319458,-0.05751822143793106,0.33889925479888916,0.685326874256134,-0.04925244301557541
U,0.36749377846717834,0.812217116355896,4.0806477841215383e-07,0.4193158745765686,0.7800742387771606,-0.020170094445347786,0.4493184983730316,0.6968929767608643,-0.026230497285723686,0.429726779460907,0.6340752243995667,-0.032382868230342865,0.40224775671958923,0.60136878490448,-0.03779076784849167,0.4410996437072754,0.5762242674827576,-0.01073670294135809,0.4504551291465759,0.4794313311576843,-0.025097006931900978,0.45302700996398926,0.4161267876625061,-0.034592851996421814,0.45390892028808594,0.3626915216445923,-0.04023221135139465,0.4074629843235016,0.568767249584198,-0.013532821089029312,0.417099267244339,0.4619031250476837,-0.03063535876572132,0.4238640069961548,0.39510446786880493,-0.04138787090778351,0.4293580949306488,0.3409661054611206,-0.046218082308769226,0.37388649582862854,0.5843307971954346,-0.019102877005934715,0.38559508323669434,0.5125654935836792,-0.05058702081441879,0.39208707213401794,0.5746783018112183,-0.05653548240661621,0.39239296317100525,0.6282203793525696,-0.050727345049381256,0.3411474823951721,0.6177619695663452,-0.025679195299744606,0.3592892289161682,0.5753799676895142,-0.053324803709983826,0.37335193157196045,0.6272454261779785,-0.05405958369374275,0.3781750202178955,0.6762533783912659,-0.047408320009708405
U,0.25372514128685,0.7720694541931152,4.377547782041802e-07,0.30268776416778564,0.7247316837310791,-0.017778778448700905,0.3273923099040985,0.6474566459655762,-0.025771306827664375,0.30447331070899963,0.5986337661743164,-0.035219982266426086,0.27337953448295593,0.5775624513626099,-0.04406493529677391,0.3088465631008148,0.5350232720375061,-0.012332617305219173,0.3126468360424042,0.44325152039527893,-0.0293536689132452,0.310513436794281,0.3823202848434448,-0.040460724383592606,0.3084411919116974,0.32912182807922363,-0.047033585608005524,0.2754564583301544,0.5350121259689331,-0.018647661432623863,0.27818068861961365,0.4261047840118408,-0.038610007613897324,0.280375212430954,0.35396069288253784,-0.05085163563489914,0.2819911241531372,0.29393211007118225,-0.0562884658575058,0.2438167780637741,0.558821976184845,-0.02750972844660282,0.2498246431350708,0.49991515278816223,-0.06115806847810745,0.2657965123653412,0.5689215660095215,-0.06614377349615097,0.2738969027996063,0.6246631145477295,-0.05871019884943962,0.21420127153396606,0.6009876728057861,-0.037383969873189926,0.22899498045444489,0.5589818954467773,-0.06302052736282349,0.24855515360832214,0.6044676303863525,-0.061370089650154114,0.2586686909198761,0.6477086544036865,-0.05335146561264992
U,0.30166834592819214,0.7306170463562012,4.3244477865300723e-07,0.344314306974411,0.688583254814148,-0.013185074552893639,0.37447884678840637,0.6183619499206543,-0.02147703617811203,0.3763737678527832,0.5622204542160034,-0.03148302808403969,0.3531617522239685,0.54654461145401,-0.040021516382694244,0.3394773304462433,0.502133846282959,-0.009693416766822338,0.35698723793029785,0.427714079618454,-0.025871330872178078,0.36464813351631165,0.37717363238334656,-0.03640281409025192,0.3695589601993561,0.3323545753955841,-0.042427513748407364,0.3110816180706024,0.49899956583976746,-0.016322385519742966,0.3273758590221405,0.41130539774894714,-0.035752248018980026,0.3424748182296753,0.35350409150123596,-0.046266842633485794,0.3528492748737335,0.3072678744792938,-0.04990945756435394,0.28595519065856934,0.5169908404350281,-0.024792654439806938,0.32426464557647705,0.49369174242019653,-0.05250314995646477,0.34275004267692566,0.551567554473877,-0.05519180744886398,0.3487410545349121,0.5962275862693787,-0.04755154997110367,0.2681042551994324,0.5521094799041748,-0.03442435711622238,0.3076450228691101,0.5418421030044556,-0.052273914217948914,0.3240545392036438,0.581527054309845,-0.04963230714201927,0.3287423253059387,0.6170114874839783,-0.04202216491103172
U,0.325099378824234,0.7314633131027222,4.858815145780682e-07,0.3656769096851349,0.6833769679069519,-0.006702209357172251,0.39575865864753723,0.6175618171691895,-0.016905268654227257,0.41218483448028564,0.5622307658195496,-0.03054405376315117,0.3965812623500824,0.5470901727676392,-0.04261615127325058,0.3520689606666565,0.5028961896896362,-0.007448411080986261,0.3758685290813446,0.432323157787323,-0.024119053035974503,0.3888839781284332,0.3838040232658386,-0.03484271466732025,0.3975170850753784,0.3426041603088379,-0.041504956781864166,0.3299623727798462,0.504385769367218,-0.017958087846636772,0.358113169670105,0.4185122549533844,-0.03774791955947876,0.3809639811515808,0.3684389293193817,-0.0462346188724041,0.3960472345352173,0.3258957266807556,-0.04926803708076477,0.31437525153160095,0.5235791802406311,-0.029890935868024826,0.3664975166320801,0.48683786392211914,-0.055013932287693024,0.3810444176197052,0.5475723743438721,-0.05288051441311836,0.3806788921356201,0.5904140472412109,-0.043963924050331116,0.31055235862731934,0.5578325986862183,-0.04298676922917366,0.3612736165523529,0.5409504771232605,-0.05936416983604431,0.3722879886627197,0.5823291540145874,-0.05546119064092636,0.36926186084747314,0.6153720021247864,-0.04811427742242813
U,0.3128637373447418,0.7391059994697571,4.4305312485448667e-07,0.3602319657802582,0.7036837339401245,-0.017879510298371315,0.38882479071617126,0.6296706795692444,-0.025625694543123245,0.3704334795475006,0.5765403509140015,-0.03408226743340492,0.3394978940486908,0.5619683861732483,-0.04178334027528763,0.3671613037586212,0.517440915107727,-0.014958810061216354,0.379180908203125,0.4300305247306824,-0.032182514667510986,0.38279709219932556,0.3708920478820801,-0.04210205376148224,0.3849085867404938,0.32041454315185547,-0.04725152999162674,0.3361993730068207,0.5111516714096069,-0.019359800964593887,0.3469230830669403,0.41616952419281006,-0.0398491695523262,0.35559388995170593,0.3534429967403412,-0.05074256286025047,0.36179548501968384,0.3018118441104889,-0.054476529359817505,0.30683761835098267,0.5270783305168152,-0.026005391031503677,0.3198549449443817,0.4848606586456299,-0.058042846620082855,0.3347666263580322,0.5512815117835999,-0.0629027783870697,0.3417428731918335,0.6057738065719604,-0.055443085730075836,0.2811253070831299,0.561121940612793,-0.03364742919802666,0.30300867557525635,0.5360044240951538,-0.05704339221119881,0.32134386897087097,0.5807902812957764,-0.05606994405388832,0.33002471923828125,0.6233072280883789,-0.048537854105234146
U,0.3192104995250702,0.7502433061599731,3.6979102446821344e-07,0.362837553024292,0.7113780975341797,-0.0258938018232584,0.3811195194721222,0.6358161568641663,-0.03599085658788681,0.3512077331542969,0.5743419528007507,-0.045505017042160034,0.32271552085876465,0.5288806557655334,-0.05338339880108833,0.3849407732486725,0.5179895162582397,-0.01339428685605526,0.38597816228866577,0.42236649990081787,-0.031279657036066055,0.3833197057247162,0.3599167764186859,-0.043051738291978836,0.37988150119781494,0.30590859055519104,-0.04975390061736107,0.3513028025627136,0.508743405342102,-0.014743574894964695,0.35207605361938477,0.40092065930366516,-0.035779472440481186,0.3513955771923065,0.33291152119636536,-0.04838341102004051,0.35178324580192566,0.2742917239665985,-0.05302322283387184,0.31905049085617065,0.5243843197822571,-0.01976737193763256,0.31131142377853394,0.4712845981121063,-0.05538427457213402,0.317584753036499,0.5460235476493835,-0.06106366217136383,0.32327309250831604,0.6007333993911743,-0.05317893251776695,0.2870294749736786,0.5568912625312805,-0.02640284039080143,0.2877824604511261,0.5148828625679016,-0.054858751595020294,0.2990049719810486,0.5706642866134644,-0.05397184565663338,0.30813276767730713,0.616102933883667,-0.04547150433063507
U,0.3776543438434601,0.7335866093635559,4.088229843546287e-07,0.4213314950466156,0.6974037885665894,-0.029238242655992508,0.43928423523902893,0.623715877532959,-0.04154420271515846,0.40981945395469666,0.5564179420471191,-0.0525866374373436,0.38510650396347046,0.5027907490730286,-0.06186114624142647,0.4504818320274353,0.4964180588722229,-0.01787734590470791,0.45309576392173767,0.3968619108200073,-0.038444336503744125,0.45116668939590454,0.32665306329727173,-0.05245807021856308,0.4484542906284332,0.266892671585083,-0.06082282215356827,0.416267991065979,0.4849775731563568,-0.018514323979616165,0.42283180356025696,0.37307798862457275,-0.04132824018597603,0.42380326986312866,0.29938143491744995,-0.0558856837451458,0.42591047286987305,0.23617121577262878,-0.06205329671502113,0.383193701505661,0.5023780465126038,-0.022937826812267303,0.3772445321083069,0.4434052109718323,-0.05901442840695381,0.37799158692359924,0.5081977248191833,-0.06553170084953308,0.3803425431251526,0.5588771104812622,-0.05859722942113876,0.35124823451042175,0.538841962814331,-0.02934185042977333,0.34812498092651367,0.4937226474285126,-0.05907205119729042,0.356857568025589,0.5449649095535278,-0.05905618518590927,0.36553725600242615,0.5904953479766846,-0.0509723499417305
U,0.4676571488380432,0.7123559713363647,4.1989909504991374e-07,0.5165289640426636,0.685984194278717,-0.02406148985028267,0.5431064963340759,0.6141980886459351,-0.03432009741663933,0.5224875211715698,0.5440648198127747,-0.04458065330982208,0.4977627396583557,0.4967718720436096,-0.05341893061995506,0.5545020699501038,0.4903527498245239,-0.01616610772907734,0.5673410296440125,0.39333033561706543,-0.03555667772889137,0.5724138617515564,0.3257981240749359,-0.04802455008029938,0.5747584700584412,0.26722729206085205,-0.05510969087481499,0.5216994285583496,0.4747580885887146,-0.019749315455555916,0.5387228727340698,0.36178135871887207,-0.041593171656131744,0.5493372678756714,0.28896111249923706,-0.05427923426032066,0.558025062084198,0.22743767499923706,-0.05924401804804802,0.48720279335975647,0.48664188385009766,-0.026500914245843887,0.49133819341659546,0.4278538227081299,-0.0618847981095314,0.49171552062034607,0.5028368830680847,-0.06605035811662674,0.49055835604667664,0.5594174861907959,-0.05728019028902054,0.4523032307624817,0.5173159837722778,-0.03483026102185249,0.46354952454566956,0.47212281823158264,-0.062138836830854416,0.4697984755039215,0.5296840071678162,-0.058983463793992996,0.47149068117141724,0.5785074234008789,-0.049109846353530884
U,0.4508439898490906,0.7043946385383606,4.530910473476979e-07,0.49978774785995483,0.6807891726493835,-0.02514772117137909,0.5296592712402344,0.5984077453613281,-0.03355363383889198,0.5149903893470764,0.5202124714851379,-0.04130997508764267,0.49994251132011414,0.46275728940963745,-0.04724210500717163,0.5241401791572571,0.4982880651950836,-0.015549852512776852,0.5374540090560913,0.4027891755104065,-0.03366891294717789,0.5412492752075195,0.3398711681365967,-0.04363460838794708,0.5443140268325806,0.2849317491054535,-0.04894499108195305,0.49058106541633606,0.4892811179161072,-0.017295008525252342,0.5072314739227295,0.3797440528869629,-0.04032851755619049,0.5173191428184509,0.3108500838279724,-0.05177157372236252,0.5251896381378174,0.2538255751132965,-0.05530861020088196,0.45688313245773315,0.5011414885520935,-0.0224758330732584,0.4698529839515686,0.4427241384983063,-0.06285297125577927,0.4775104224681854,0.5254999995231628,-0.06683430820703506,0.48017576336860657,0.5880174040794373,-0.056490976363420486,0.4234340190887451,0.5294042825698853,-0.028879906982183456,0.444500207901001,0.4930761754512787,-0.06351583451032639,0.45771270990371704,0.5559685826301575,-0.06387557089328766,0.46282732486724854,0.6077172160148621,-0.05501812323927879
U,0.45485538244247437,0.7193410396575928,4.3757665935117984e-07,0.500332236289978,0.6826887130737305,-0.021444961428642273,0.5280340909957886,0.5990983843803406,-0.030537519603967667,0.5154213905334473,0.5257518887519836,-0.039716631174087524,0.5001681447029114,0.4710511863231659,-0.046953245997428894,0.5105242729187012,0.4909021258354187,-0.017044920474290848,0.5224900245666504,0.4062366485595703,-0.03689809516072273,0.5250533223152161,0.3476904034614563,-0.0478777252137661,0.5261862277984619,0.29456162452697754,-0.05393148213624954,0.47695934772491455,0.4846545159816742,-0.020338917151093483,0.49237746000289917,0.38909992575645447,-0.04516493156552315,0.5043747425079346,0.3279733657836914,-0.05645986273884773,0.5132534503936768,0.27860361337661743,-0.05980819836258888,0.44547611474990845,0.5000135898590088,-0.02636398747563362,0.46988606452941895,0.4579014182090759,-0.06382671743631363,0.4842992126941681,0.5384079217910767,-0.0650925263762474,0.49027106165885925,0.5995831489562988,-0.05427447706460953,0.41930800676345825,0.5350503325462341,-0.03381478786468506,0.45137348771095276,0.520845890045166,-0.06397069245576859,0.46708640456199646,0.5795002579689026,-0.06323115527629852,0.4722646474838257,0.6259526014328003,-0.054499976336956024
U,0.338227242231369,0.7378760576248169,3.064942575292662e-07,0.38456860184669495,0.702161431312561,-0.024313924834132195,0.40897345542907715,0.6216121912002563,-0.030728554353117943,0.39006978273391724,0.5422790050506592,-0.03653073310852051,0.37077444791793823,0.48189041018486023,-0.040477704256772995,0.4174276292324066,0.5277854204177856,-0.007486352697014809,0.4217454493045807,0.42803505063056946,-0.023849721997976303,0.41830453276634216,0.36242789030075073,-0.03408655524253845,0.414574533700943,0.30782264471054077,-0.039735954254865646,0.3834945857524872,0.5228708982467651,-0.008849458768963814,0.39061403274536133,0.4117211103439331,-0.029607607051730156,0.39308494329452515,0.3434234857559204,-0.04162874072790146,0.39620664715766907,0.28707435727119446,-0.04553600400686264,0.350790411233902,0.5409330129623413,-0.014072906225919724,0.3527432978153229,0.48417043685913086,-0.051594823598861694,0.3568720817565918,0.5606706142425537,-0.05641346797347069,0.36095622181892395,0.6128327250480652,-0.04724223539233208,0.31781643629074097,0.5736098289489746,-0.020580369979143143,0.3252895772457123,0.5283578038215637,-0.052281349897384644,0.33383944630622864,0.5862371325492859,-0.05201759934425354,0.3402300179004669,0.6276122331619263,-0.04345712065696716
U,0.2948051989078522,0.7722132205963135,3.553084866325662e-07,0.3426428437232971,0.7273330092430115,-0.029679492115974426,0.36270034313201904,0.6343156099319458,-0.035859327763319016,0.33579951524734497,0.5561045408248901,-0.04077780619263649,0.31058311462402344,0.49411097168922424,-0.04312470927834511,0.36468178033828735,0.529217541217804,-0.0030074650421738625,0.3601401448249817,0.4331101179122925,-0.017107730731368065,0.3528396487236023,0.3707716464996338,-0.026837246492505074,0.34634292125701904,0.31531959772109985,-0.0334804393351078,0.3297189772129059,0.5277923941612244,-0.0028490626718848944,0.32879334688186646,0.4166772961616516,-0.023205982521176338,0.3279801905155182,0.3498245179653168,-0.03546803444623947,0.32759225368499756,0.2932119369506836,-0.03962992876768112,0.29682835936546326,0.5513524413108826,-0.00801654253154993,0.2931654751300812,0.49004530906677246,-0.049865368753671646,0.3031914234161377,0.5795063972473145,-0.05702171474695206,0.3116195797920227,0.6364275813102722,-0.048376571387052536,0.26400014758110046,0.5910787582397461,-0.015048830769956112,0.26945510506629944,0.5562896132469177,-0.05356144160032272,0.2825356721878052,0.6221414804458618,-0.05850360915064812,0.2932620644569397,0.6625267267227173,-0.05291775241494179
U,0.35557499527931213,0.7770057320594788,4.4284399791649776e-07,0.40515953302383423,0.740932822227478,-0.021612225100398064,0.43426841497421265,0.6645915508270264,-0.030299296602606773,0.4128227233886719,0.6079922914505005,-0.03947989270091057,0.38317012786865234,0.5754393339157104,-0.04751552268862724,0.41921353340148926,0.5344114303588867,-0.013482905924320221,0.42830362915992737,0.4391731023788452,-0.030267896130681038,0.4301098883152008,0.3749503493309021,-0.04082052409648895,0.4298132061958313,0.3201991319656372,-0.04707269370555878,0.3864554762840271,0.5286432504653931,-0.0171800684183836,0.39472806453704834,0.4188942313194275,-0.03692711144685745,0.4021673798561096,0.3506730794906616,-0.048297252506017685,0.4076545238494873,0.295913964509964,-0.053225528448820114,0.35429611802101135,0.5489088296890259,-0.023806216195225716,0.3645084500312805,0.48361530900001526,-0.056673988699913025,0.37408924102783203,0.5560869574546814,-0.060156334191560745,0.3764514923095703,0.6134764552116394,-0.052114445716142654,0.3239719867706299,0.5885666012763977,-0.03184295818209648,0.34114453196525574,0.5484786033630371,-0.05898328870534897,0.3574469983577728,0.60124272108078,-0.05785805732011795,0.3637210726737976,0.649787425994873,-0.0497758649289608
U,0.41359803080558777,0.8148511648178101,4.283799626136897e-07,0.4655432105064392,0.7861964106559753,-0.020412124693393707,0.4989038407802582,0.7107840776443481,-0.02811065874993801,0.48372238874435425,0.6439276337623596,-0.03626915067434311,0.4561231732368469,0.6069226264953613,-0.043696679174900055,0.48953327536582947,0.5836214423179626,-0.014328625984489918,0.5045075416564941,0.4877699911594391,-0.031259018927812576,0.5109570622444153,0.4244832992553711,-0.04151076450943947,0.5140583515167236,0.3710400462150574,-0.046933405101299286,0.4568781554698944,0.5727670192718506,-0.017998022958636284,0.47183164954185486,0.45849767327308655,-0.03707946464419365,0.482944130897522,0.39191269874572754,-0.04726836457848549,0.49072548747062683,0.3371865153312683,-0.0508415587246418,0.4232603907585144,0.5882434248924255,-0.02425517700612545,0.43535807728767395,0.5229232311248779,-0.05667619779706001,0.4453469216823578,0.5944992303848267,-0.06025926396250725,0.4480372369289398,0.6535323858261108,-0.051819074898958206,0.3899555206298828,0.6229245662689209,-0.0315709263086319,0.40797677636146545,0.5795673727989197,-0.057042840868234634,0.42296847701072693,0.6304916739463806,-0.054598476737737656,0.42792782187461853,0.6789512634277344,-0.04553093761205673
U,0.5067563056945801,0.8374079465866089,5.022460527470685e-07,0.561177134513855,0.8178570866584778,-0.021708859130740166,0.5997878909111023,0.7541623115539551,-0.0322280116379261,0.5889446139335632,0.6871845722198486,-0.04358361288905144,0.5635508298873901,0.6434887647628784,-0.05402826517820358,0.5977575182914734,0.6054064631462097,-0.018444785848259926,0.621783435344696,0.5103551149368286,-0.03941123187541962,0.6356810927391052,0.44840699434280396,-0.05243876203894615,0.6463708281517029,0.39442920684814453,-0.05945606902241707,0.5641689896583557,0.5866177678108215,-0.023590952157974243,0.5868464112281799,0.4682938754558563,-0.046488113701343536,0.6040411591529846,0.3966779112815857,-0.05965336784720421,0.6175987124443054,0.3375776708126068,-0.06506385654211044,0.5279213190078735,0.5989628434181213,-0.031297821551561356,0.5427706837654114,0.5409674048423767,-0.06628582626581192,0.549243688583374,0.6179617643356323,-0.07039205729961395,0.5495285987854004,0.6795901656150818,-0.06186743453145027,0.4922347962856293,0.6340821981430054,-0.040327560156583786,0.5126127004623413,0.5997532606124878,-0.06649111956357956,0.525570273399353,0.6541863679885864,-0.06368047744035721,0.5290539264678955,0.7023823857307434,-0.05417003855109215
U,0.6045892834663391,0.8260480165481567,5.548652097786544e-07,0.6643947958946228,0.8177690505981445,-0.024119745939970016,0.7135939598083496,0.7622497081756592,-0.03583512455224991,0.7105808258056641,0.6957679986953735,-0.048058461397886276,0.685910701751709,0.6466640830039978,-0.059080615639686584,0.7075331807136536,0.6086536049842834,-0.018696201965212822,0.7382128834724426,0.520437479019165,-0.04000980406999588,0.7554641366004944,0.4570620656013489,-0.05323881283402443,0.7685414552688599,0.40101251006126404,-0.06013227999210358,0.6752504110336304,0.5865712761878967,-0.023016678169369698,0.7087434530258179,0.4791765511035919,-0.04729598015546799,0.7333984375,0.41199958324432373,-0.060805875808000565,0.7518421411514282,0.3561353087425232,-0.06556191295385361,0.6393973231315613,0.5917758941650391,-0.030175719410181046,0.6685288548469543,0.5550531148910522,-0.06814835965633392,0.669379472732544,0.6390504837036133,-0.07232526689767838,0.6629936099052429,0.7000673413276672,-0.06214981898665428,0.6028645038604736,0.6187007427215576,-0.03871174156665802,0.6358696222305298,0.5924782156944275,-0.06565327942371368,0.6451443433761597,0.6544678807258606,-0.061448294669389725,0.643125057220459,0.7070414423942566,-0.050128813832998276
U,0.5982128977775574,0.7753623127937317,5.32889941950998e-07,0.6543229222297668,0.75791335105896,-0.022271398454904556,0.6981076598167419,0.6878446936607361,-0.032332178205251694,0.6957096457481384,0.6172010898590088,-0.04334342107176781,0.6688336133956909,0.5752623677253723,-0.053523484617471695,0.6896314024925232,0.5519518256187439,-0.017590880393981934,0.7139538526535034,0.45737963914871216,-0.03810318931937218,0.7271990180015564,0.39284300804138184,-0.05186804383993149,0.7384889125823975,0.3357895314693451,-0.05975734442472458,0.6561912298202515,0.5358595848083496,-0.02230565808713436,0.6805644631385803,0.4283594489097595,-0.045938581228256226,0.7021103501319885,0.35798606276512146,-0.05963054299354553,0.719044029712677,0.2970574200153351,-0.06535301357507706,0.620794415473938,0.5441517233848572,-0.029703041538596153,0.6457242369651794,0.4921186864376068,-0.06680824607610703,0.6528072953224182,0.5714524388313293,-0.07097908854484558,0.6499983668327332,0.6317171454429626,-0.061851032078266144,0.5859694480895996,0.573706865310669,-0.03850124403834343,0.6192594170570374,0.544975221157074,-0.06654725223779678,0.6321152448654175,0.603770911693573,-0.06421498954296112,0.6319814324378967,0.6540300846099854,-0.05474448949098587
U,0.48830780386924744,0.6581627726554871,4.700287945524906e-07,0.5376176238059998,0.6274434328079224,-0.020570849999785423,0.5677652359008789,0.5506728887557983,-0.029478995129466057,0.5508832931518555,0.48293250799179077,-0.0393301360309124,0.5243003368377686,0.44269365072250366,-0.04827035591006279,0.5588407516479492,0.4361024498939514,-0.01642562262713909,0.5732185244560242,0.33266597986221313,-0.03519213944673538,0.5792147517204285,0.2672880291938782,-0.046175260096788406,0.5829800963401794,0.21124669909477234,-0.0518287755548954,0.5271061658859253,0.42885690927505493,-0.021044503897428513,0.5434682369232178,0.31329861283302307,-0.04319490119814873,0.5532375574111938,0.23908795416355133,-0.05504409968852997,0.5590647459030151,0.1792525351047516,-0.05911515653133392,0.49502450227737427,0.44524675607681274,-0.02832736447453499,0.5069699287414551,0.38472962379455566,-0.0640484020113945,0.5166530609130859,0.45746126770973206,-0.06801546365022659,0.5186829566955566,0.5163604617118835,-0.05872343108057976,0.46320492029190063,0.4787966310977936,-0.03666884824633598,0.4828512370586395,0.4361785352230072,-0.06367018073797226,0.49741047620773315,0.487358421087265,-0.06117173284292221,0.5017927289009094,0.5339815020561218,-0.051690611988306046
U,0.3887912929058075,0.6362413167953491,3.607080145684449e-07,0.4279788136482239,0.6020066738128662,-0.017335059121251106,0.4486936926841736,0.5358795523643494,-0.025245504453778267,0.43030768632888794,0.48430097103118896,-0.033896710723638535,0.405742347240448,0.45989271998405457,-0.04222695901989937,0.4337847828865051,0.4312475025653839,-0.014469340443611145,0.4388643205165863,0.3440776467323303,-0.030390581116080284,0.43897745013237,0.28808286786079407,-0.04030812531709671,0.4383014142513275,0.2413250356912613,-0.04581304267048836,0.4050813615322113,0.43526187539100647,-0.018238423392176628,0.40889987349510193,0.34176915884017944,-0.03641342371702194,0.4118204116821289,0.28371602296829224,-0.046472642570734024,0.4138029217720032,0.23714004456996918,-0.05063815042376518,0.37831029295921326,0.45845428109169006,-0.024202169850468636,0.3821541368961334,0.40635061264038086,-0.053400278091430664,0.3963962495326996,0.46166932582855225,-0.056847769767045975,0.40386027097702026,0.511380672454834,-0.0499456413090229,0.3527815043926239,0.4958227872848511,-0.03105153515934944,0.3629056215286255,0.45232874155044556,-0.053822774440050125,0.3791671693325043,0.49055492877960205,-0.05196559801697731,0.38751307129859924,0.5306261777877808,-0.044470787048339844
U,0.3463798761367798,0.7003710865974426,4.0888426156016067e-07,0.3854571580886841,0.6580644845962524,-0.0210366640239954,0.39956769347190857,0.5801190137863159,-0.028599034994840622,0.3689546585083008,0.5336592793464661,-0.0357406921684742,0.3394736051559448,0.5025087594985962,-0.041597574949264526,0.3842953145503998,0.4750079810619354,-0.012989484705030918,0.38515937328338623,0.38877347111701965,-0.027735978364944458,0.3817290663719177,0.3324598968029022,-0.036590661853551865,0.3766970932483673,0.28398770093917847,-0.04155512899160385,0.35322675108909607,0.4723956882953644,-0.014330471865832806,0.3536706268787384,0.3732456564903259,-0.03137874975800514,0.3551000952720642,0.3126954138278961,-0.04061863571405411,0.35580945014953613,0.2630355954170227,-0.043968044221401215,0.32457447052001953,0.49273058772087097,-0.018474558368325233,0.32294681668281555,0.437867671251297,-0.04789012670516968,0.3359277844429016,0.49769532680511475,-0.052276138216257095,0.34317678213119507,0.545818030834198,-0.04585806652903557,0.2987893223762512,0.5295026898384094,-0.02387097477912903,0.30798622965812683,0.4960176646709442,-0.049299195408821106,0.3259895443916321,0.5418360829353333,-0.04966876655817032,0.3363742530345917,0.5827373266220093,-0.04310723394155502
U,0.3766844570636749,0.7849936485290527,4.910527309220925e-07,0.42140957713127136,0.7442594766616821,-0.021321315318346024,0.4451794922351837,0.6711096167564392,-0.03184068948030472,0.4171755015850067,0.6265618801116943,-0.04266586899757385,0.38517674803733826,0.6036731004714966,-0.05276920273900032,0.42814451456069946,0.5447674989700317,-0.018562978133559227,0.4366644322872162,0.4499472975730896,-0.03757544979453087,0.4388972818851471,0.3871474266052246,-0.04930374398827553,0.43880295753479004,0.3328195810317993,-0.05603407323360443,0.3944448232650757,0.5422735810279846,-0.022524351254105568,0.40056154131889343,0.4345206916332245,-0.04297491908073425,0.4069386124610901,0.36967265605926514,-0.054705340415239334,0.41158443689346313,0.3163340389728546,-0.05980777367949486,0.3632150888442993,0.5668262839317322,-0.028968321159482002,0.36545753479003906,0.5126968026161194,-0.05999854952096939,0.37766334414482117,0.5755499601364136,-0.06372363120317459,0.38324540853500366,0.6273218393325806,-0.05670568346977234,0.3345673680305481,0.6102464199066162,-0.03688756749033928,0.3458142876625061,0.5802487134933472,-0.06111260503530502,0.36252567172050476,0.6254681348800659,-0.05921555683016777,0.3704026937484741,0.6662167310714722,-0.05126751959323883
U,0.39447230100631714,0.7966817617416382,5.173413910597446e-07,0.4411988854408264,0.7559682130813599,-0.0204123817384243,0.4661746919155121,0.6778774261474609,-0.02901456691324711,0.43935853242874146,0.6316865682601929,-0.03830784931778908,0.40746012330055237,0.6104564666748047,-0.046855032444000244,0.44603627920150757,0.5533604621887207,-0.013173104263842106,0.45486462116241455,0.4602386951446533,-0.030201172456145287,0.4578559398651123,0.396465539932251,-0.04092186689376831,0.45890870690345764,0.34257742762565613,-0.04688942804932594,0.41279610991477966,0.5512314438819885,-0.01730247586965561,0.4210761487483978,0.4462745487689972,-0.0366719588637352,0.4279652535915375,0.37782755494117737,-0.0481085330247879,0.43372949957847595,0.32220056653022766,-0.05282283574342728,0.3811136484146118,0.57356196641922,-0.02421792596578598,0.38923773169517517,0.520145833492279,-0.0565771646797657,0.399890273809433,0.5900982022285461,-0.06074274703860283,0.40405580401420593,0.6460263729095459,-0.052999310195446014,0.3509201407432556,0.6135472059249878,-0.032436124980449677,0.3658062219619751,0.5820480585098267,-0.05838990584015846,0.3823058605194092,0.6339314579963684,-0.05690466985106468,0.38964807987213135,0.6802577972412109,-0.04857293516397476
U,0.4598729610443115,0.8018375635147095,4.842300427299051e-07,0.5123459696769714,0.7740716338157654,-0.022037336602807045,0.5418789386749268,0.6935862898826599,-0.02871542051434517,0.5174744725227356,0.6229977011680603,-0.03562945872545242,0.4890350103378296,0.5865692496299744,-0.04161737486720085,0.5401331186294556,0.5662351846694946,-0.011561031453311443,0.5562771558761597,0.4636914134025574,-0.027741195634007454,0.5646985769271851,0.39464104175567627,-0.03778962418437004,0.5688033103942871,0.3365441858768463,-0.0430324412882328,0.5056975483894348,0.5553414821624756,-0.014475741423666477,0.5244424939155579,0.4381437599658966,-0.03260023146867752,0.5361343026161194,0.368158221244812,-0.04275139793753624,0.5442350506782532,0.3117136061191559,-0.04595896229147911,0.4705577790737152,0.5699918270111084,-0.02050030417740345,0.47926366329193115,0.5031485557556152,-0.05403897538781166,0.4829837679862976,0.57496577501297,-0.05826709419488907,0.4821421802043915,0.6324261426925659,-0.049320418387651443,0.43529731035232544,0.6029491424560547,-0.02773113362491131,0.4497780501842499,0.5564292073249817,-0.054741453379392624,0.460443913936615,0.6140288710594177,-0.05201819911599159,0.4626913368701935,0.666415274143219,-0.04206552356481552
U,0.5545181632041931,0.8031482696533203,4.849612196267117e-07,0.6127475500106812,0.7878937721252441,-0.021980982273817062,0.6546493172645569,0.7175705432891846,-0.029808029532432556,0.642077624797821,0.6424654126167297,-0.038119517266750336,0.615527331829071,0.6022610068321228,-0.04550039395689964,0.6502276659011841,0.5875332355499268,-0.014953129924833775,0.6741575002670288,0.4933598041534424,-0.03314773738384247,0.687646746635437,0.428865909576416,-0.04414154589176178,0.6971403360366821,0.3741047978401184,-0.05000327527523041,0.6172537207603455,0.5689537525177002,-0.018377577885985374,0.6422684192657471,0.4550926089286804,-0.03998633101582527,0.6613719463348389,0.3863523602485657,-0.051841236650943756,0.6761593818664551,0.3314133584499359,-0.056071359664201736,0.5820388197898865,0.5758545994758606,-0.024546639993786812,0.5989338159561157,0.5182819962501526,-0.06001966446638107,0.6033849120140076,0.5961391925811768,-0.06467245519161224,0.6016359329223633,0.6582987308502197,-0.05591832101345062,0.546378493309021,0.6011650562286377,-0.03192256763577461,0.5701583027839661,0.5669680237770081,-0.059171319007873535,0.5809242129325867,0.6257210373878479,-0.05713323876261711,0.5817444920539856,0.6777377724647522,-0.04791690781712532
U,0.6601213216781616,0.7942247986793518,5.487171392815071e-07,0.7207061052322388,0.7901387214660645,-0.022129733115434647,0.7724658846855164,0.7309215664863586,-0.031573593616485596,0.7804611325263977,0.6543892621994019,-0.04195999354124069,0.7553575038909912,0.6001369953155518,-0.051069073379039764,0.7663764357566833,0.5963205099105835,-0.015303376130759716,0.8047410249710083,0.5076346397399902,-0.03381892666220665,0.8256950974464417,0.44858574867248535,-0.04469077289104462,0.8420038223266602,0.3954920470714569,-0.050308723002672195,0.7372131943702698,0.572484016418457,-0.01980736292898655,0.7782232761383057,0.4622308015823364,-0.04260586202144623,0.8089751601219177,0.40279287099838257,-0.054280851036310196,0.8311892747879028,0.35352852940559387,-0.05801557004451752,0.7042236328125,0.5706746578216553,-0.027111859992146492,0.7395838499069214,0.5281344056129456,-0.06481874734163284,0.7368132472038269,0.6128587126731873,-0.06773809343576431,0.7250099778175354,0.6722078323364258,-0.05663866549730301,0.6701472401618958,0.5871250629425049,-0.035619232803583145,0.7099167108535767,0.5548132658004761,-0.06279407441616058,0.7158727645874023,0.6187719106674194,-0.05800674483180046,0.7074486613273621,0.6741928458213806,-0.046444110572338104
U,0.45241039991378784,0.6861385107040405,6.081370429456001e-07,0.4982091188430786,0.6598474383354187,-0.012067592702805996,0.5344406962394714,0.6179661750793457,-0.026048529893159866,0.5529865026473999,0.580054521560669,-0.04283563792705536,0.5455083847045898,0.5629587173461914,-0.05838694050908089,0.5250158905982971,0.4794824719429016,-0.020104704424738884,0.5599129796028137,0.41558146476745605,-0.04339391365647316,0.5796968936920166,0.36754104495048523,-0.057978782802820206,0.5952062606811523,0.32330653071403503,-0.06651317328214645,0.49574708938598633,0.4647431969642639,-0.030764827504754066,0.5355632901191711,0.3937368094921112,-0.05591559037566185,0.5663381814956665,0.3455551862716675,-0.06772249191999435,0.5886960029602051,0.3063111901283264,-0.0722125768661499,0.46619749069213867,0.476168155670166,-0.04288867488503456,0.513119637966156,0.4853602349758148,-0.0715227872133255,0.5200759172439575,0.5481045842170715,-0.07173264026641846,0.516952633857727,0.5902109742164612,-0.06337106227874756,0.44490012526512146,0.5118804574012756,-0.05668287351727486,0.49026626348495483,0.5427733659744263,-0.0736195370554924,0.49977588653564453,0.5852832198143005,-0.07008277624845505,0.4984579086303711,0.6129874587059021,-0.06250587105751038
V,0.298787385225296,0.9053388237953186,5.735670356443734e-07,0.3403729200363159,0.8517794609069824,-0.022898437455296516,0.35378825664520264,0.7653502821922302,-0.032315608114004135,0.315023809671402,0.7198868989944458,-0.042720623314380646,0.278554230928421,0.6968916058540344,-0.05178869515657425,0.34360089898109436,0.6392420530319214,-0.009916163049638271,0.35699355602264404,0.5334057211875916,-0.02806796133518219,0.3628110885620117,0.46214914321899414,-0.03998900577425957,0.3654339015483856,0.40225738286972046,-0.04760831966996193,0.30493706464767456,0.6434048414230347,-0.015037892386317253,0.2967049181461334,0.5293578505516052,-0.03794475272297859,0.2902985215187073,0.4548988938331604,-0.05294382572174072,0.28408029675483704,0.39117756485939026,-0.059672433882951736,0.2728482484817505,0.6771181225776672,-0.023463111370801926,0.26150667667388916,0.6211313605308533,-0.06240050867199898,0.2783032953739166,0.6981343030929565,-0.06857554614543915,0.2894585132598877,0.7535597681999207,-0.06040734052658081,0.24524740874767303,0.7309861779212952,-0.03322751075029373,0.24385498464107513,0.6959678530693054,-0.06667587161064148,0.26296791434288025,0.7497862577438354,-0.06711255013942719,0.27618682384490967,0.7922624945640564,-0.05853189155459404
V,0.3968350291252136,0.9257653951644897,5.436729111352179e-07,0.44212955236434937,0.8863322734832764,-0.022703995928168297,0.46758636832237244,0.8114557266235352,-0.032727837562561035,0.442449688911438,0.7652949094772339,-0.043438620865345,0.4090811014175415,0.7365582585334778,-0.05271514132618904,0.4598715305328369,0.6729849576950073,-0.01348830759525299,0.4898836314678192,0.5776785612106323,-0.03214038163423538,0.5062515735626221,0.5143744349479675,-0.04335545003414154,0.5175945162773132,0.4610236883163452,-0.049700625240802765,0.4194760322570801,0.6688443422317505,-0.016622355207800865,0.41397523880004883,0.5628983974456787,-0.03978041559457779,0.4094637334346771,0.49621012806892395,-0.053879816085100174,0.40487560629844666,0.4416258633136749,-0.05966247245669365,0.3850454092025757,0.6939793229103088,-0.022575443610548973,0.38344064354896545,0.6583566069602966,-0.058654800057411194,0.39844030141830444,0.7303928136825562,-0.06548162549734116,0.40728989243507385,0.7843721508979797,-0.058560676872730255,0.35588449239730835,0.7378435730934143,-0.029907412827014923,0.3644767999649048,0.7294262647628784,-0.059895992279052734,0.38232195377349854,0.7841488122940063,-0.06143604591488838,0.3944846987724304,0.826676607131958,-0.05401629954576492
V,0.34200501441955566,0.8356955051422119,5.209611799728009e-07,0.3836359977722168,0.7853315472602844,-0.02141052484512329,0.3971112370491028,0.7051407098770142,-0.031227992847561836,0.36164233088493347,0.6528033018112183,-0.04149027541279793,0.32801222801208496,0.6279740929603577,-0.05052368715405464,0.389901340007782,0.590641438961029,-0.014590175822377205,0.4126371145248413,0.4931183457374573,-0.032137542963027954,0.4240431487560272,0.4295497238636017,-0.043344154953956604,0.4308778643608093,0.3746762275695801,-0.05071081966161728,0.35081201791763306,0.5935860276222229,-0.018604718148708344,0.338938444852829,0.4813835620880127,-0.04111947864294052,0.3300386965274811,0.4112013578414917,-0.0554053895175457,0.32081449031829834,0.3506624400615692,-0.06231393292546272,0.31916382908821106,0.6260842680931091,-0.02488638274371624,0.3095089793205261,0.5686140060424805,-0.061273545026779175,0.32811182737350464,0.6363856196403503,-0.0662623792886734,0.3392247259616852,0.6883746385574341,-0.05858059227466583,0.29306232929229736,0.6764010787010193,-0.032203007489442825,0.29474398493766785,0.6358282566070557,-0.06304998695850372,0.31333476305007935,0.6833825707435608,-0.06242329999804497,0.3251480460166931,0.7253547310829163,-0.053919099271297455
V,0.30492615699768066,0.7259414196014404,4.7365310251734627e-07,0.341513067483902,0.6711418032646179,-0.01824653334915638,0.35176441073417664,0.5887141823768616,-0.025171881541609764,0.3146371841430664,0.5386815071105957,-0.03298062086105347,0.2800467610359192,0.5184518694877625,-0.0401071161031723,0.34047481417655945,0.4974203407764435,-0.009275839664041996,0.3577788770198822,0.4059069752693176,-0.025137288495898247,0.36542925238609314,0.34667009115219116,-0.03475796431303024,0.36919382214546204,0.2981620132923126,-0.04018113389611244,0.3043421804904938,0.5034969449043274,-0.013134642504155636,0.2932805120944977,0.39608246088027954,-0.03378179296851158,0.2858557403087616,0.33036935329437256,-0.045866675674915314,0.2780754268169403,0.2774887979030609,-0.050373923033475876,0.27582553029060364,0.5343352556228638,-0.01936073787510395,0.26650646328926086,0.48338374495506287,-0.05329790711402893,0.28650450706481934,0.5444524884223938,-0.05784909054636955,0.2981603145599365,0.5913397073745728,-0.049685508012771606,0.25243616104125977,0.579716682434082,-0.02626672387123108,0.2535689175128937,0.5352339148521423,-0.05333496630191803,0.2726922631263733,0.5779405832290649,-0.051259223371744156,0.2847309112548828,0.6177068948745728,-0.04206632450222969
V,0.38205793499946594,0.8088130950927734,5.078795197732688e-07,0.4272072911262512,0.7603895664215088,-0.020064784213900566,0.44155192375183105,0.6754201650619507,-0.02801211178302765,0.4074389636516571,0.6142182350158691,-0.03650396689772606,0.37411949038505554,0.5794028639793396,-0.04393072426319122,0.4404563903808594,0.5681769251823425,-0.012534958310425282,0.4649958908557892,0.46985945105552673,-0.029073072597384453,0.4767220914363861,0.4041195511817932,-0.03972729295492172,0.4836139678955078,0.34978270530700684,-0.04626305028796196,0.40289726853370667,0.565796434879303,-0.016349101439118385,0.4009547233581543,0.450709730386734,-0.03644180670380592,0.39886748790740967,0.377677857875824,-0.049158453941345215,0.39555594325065613,0.31723752617836,-0.05485969036817551,0.3697938024997711,0.5920621752738953,-0.022534094750881195,0.365160197019577,0.536393404006958,-0.05604061111807823,0.3789549171924591,0.6030424237251282,-0.06056378036737442,0.38570329546928406,0.6540637612342834,-0.052975669503211975,0.34076932072639465,0.6359354853630066,-0.029778825119137764,0.34487053751945496,0.5948761701583862,-0.05800192058086395,0.3617996275424957,0.6428098678588867,-0.0566030777990818,0.37158533930778503,0.6854463815689087,-0.04791048541665077
V,0.5104674696922302,0.8863150477409363,5.990391969135089e-07,0.5656943321228027,0.8481138944625854,-0.020619429647922516,0.6030749678611755,0.7768517136573792,-0.030656060203909874,0.5812438130378723,0.7203800082206726,-0.041852399706840515,0.5490723252296448,0.6889315247535706,-0.051937323063611984,0.590581476688385,0.6305679678916931,-0.014498396776616573,0.6238080263137817,0.5374174118041992,-0.03526951000094414,0.6441577076911926,0.47596561908721924,-0.04826394468545914,0.6594330072402954,0.424634724855423,-0.05487272888422012,0.5499555468559265,0.6180618405342102,-0.0197172649204731,0.5595942735671997,0.49895671010017395,-0.04284588247537613,0.5678715109825134,0.42341965436935425,-0.05725380405783653,0.573880672454834,0.3621300160884857,-0.06307865679264069,0.5118165612220764,0.6391964554786682,-0.027455803006887436,0.5229348540306091,0.6017796993255615,-0.06299339979887009,0.5387026071548462,0.6760872006416321,-0.06992235034704208,0.5458735823631287,0.7352597713470459,-0.06275707483291626,0.4772113561630249,0.6834456324577332,-0.03628184646368027,0.4961424469947815,0.66200190782547,-0.062186144292354584,0.5150687098503113,0.7150157690048218,-0.060035448521375656,0.5250870585441589,0.7611892819404602,-0.05052415281534195
V,0.6022654175758362,0.8441821932792664,6.267516710067866e-07,0.659755527973175,0.809257447719574,-0.019358940422534943,0.7004614472389221,0.7382220029830933,-0.02870422787964344,0.6953160762786865,0.6736129522323608,-0.039252620190382004,0.6677365899085999,0.642132043838501,-0.04854031652212143,0.6835917830467224,0.6004524827003479,-0.01293084118515253,0.7267402410507202,0.5228811502456665,-0.031835511326789856,0.7527337074279785,0.46952351927757263,-0.044384416192770004,0.7734506130218506,0.4227215051651001,-0.05082950368523598,0.6473293304443359,0.5822842121124268,-0.01790737174451351,0.6669906973838806,0.4686323404312134,-0.03989545628428459,0.6831179857254028,0.3969244360923767,-0.052989885210990906,0.6950729489326477,0.33873456716537476,-0.057636309415102005,0.6111109256744385,0.5951117873191833,-0.025093821808695793,0.6387988924980164,0.5725811123847961,-0.06021876260638237,0.6479566097259521,0.6518059968948364,-0.0649009495973587,0.6460076570510864,0.7113781571388245,-0.05543045699596405,0.5795522332191467,0.6315231323242188,-0.033413346856832504,0.6120933890342712,0.6141648888587952,-0.05897986516356468,0.6294811964035034,0.6732682585716248,-0.05512924864888191,0.6339179873466492,0.7269717454910278,-0.043790269643068314
V,0.2748734951019287,0.7329715490341187,5.630969894809823e-07,0.3148226737976074,0.6793627738952637,-0.02097170613706112,0.3283267915248871,0.6001918315887451,-0.030504664406180382,0.2897680997848511,0.5589596629142761,-0.040605612099170685,0.25462591648101807,0.5435389876365662,-0.04970230534672737,0.31494444608688354,0.48510733246803284,-0.015023086220026016,0.33518218994140625,0.38309574127197266,-0.0338355116546154,0.3445357084274292,0.31662148237228394,-0.045370034873485565,0.34952491521835327,0.26328787207603455,-0.051964905112981796,0.2756551206111908,0.49156543612480164,-0.01949157565832138,0.26521816849708557,0.3763984143733978,-0.041825104504823685,0.25704216957092285,0.30495160818099976,-0.05633025988936424,0.24927063286304474,0.2457054853439331,-0.06287210434675217,0.2450108379125595,0.5270373821258545,-0.0263114832341671,0.23443548381328583,0.47935745120048523,-0.061169203370809555,0.25044700503349304,0.5368936061859131,-0.06798393279314041,0.2618511915206909,0.5820460915565491,-0.06178665906190872,0.22052103281021118,0.5792867541313171,-0.03415057808160782,0.22003886103630066,0.5466915369033813,-0.062416914850473404,0.239108145236969,0.5893679857254028,-0.061631642282009125,0.25375720858573914,0.6266927123069763,-0.05330946668982506
V,0.28238731622695923,0.7706166505813599,5.59225668439467e-07,0.32377395033836365,0.726224958896637,-0.022183818742632866,0.3389117121696472,0.6503303647041321,-0.03225250169634819,0.3030415177345276,0.6082679033279419,-0.042938679456710815,0.2683025300502777,0.5878303647041321,-0.05242162197828293,0.3310368061065674,0.5278874039649963,-0.012793773785233498,0.35772305727005005,0.4378042221069336,-0.03210439905524254,0.3733324408531189,0.3766475319862366,-0.04477953910827637,0.38328641653060913,0.3252793848514557,-0.052571553736925125,0.29121384024620056,0.5308216214179993,-0.016639195382595062,0.2768184244632721,0.4261161684989929,-0.04057195410132408,0.2645840048789978,0.3605446219444275,-0.056493598967790604,0.2516742944717407,0.30331727862358093,-0.06374358385801315,0.26009276509284973,0.5644667744636536,-0.023155612871050835,0.24785134196281433,0.5254704356193542,-0.06050433963537216,0.2674345076084137,0.5906828045845032,-0.06776107102632523,0.28096625208854675,0.6374256014823914,-0.061158500611782074,0.23493778705596924,0.6150743365287781,-0.030763398855924606,0.23496025800704956,0.5929499268531799,-0.06176634877920151,0.2542383074760437,0.6410250067710876,-0.06234179064631462,0.2689449191093445,0.6783376336097717,-0.05440462380647659
V,0.45272260904312134,0.854138970375061,5.443069426291913e-07,0.4945170283317566,0.8230341076850891,-0.02381722256541252,0.5214399099349976,0.7657083868980408,-0.036664050072431564,0.49610692262649536,0.7217269539833069,-0.04983261972665787,0.4637860059738159,0.6987478137016296,-0.0618915930390358,0.5105586051940918,0.6211199164390564,-0.020885968580842018,0.541144609451294,0.5292410254478455,-0.04263463616371155,0.5585311651229858,0.4673789441585541,-0.05606956034898758,0.5703572034835815,0.41561365127563477,-0.06313671916723251,0.46963849663734436,0.6156831979751587,-0.02412136271595955,0.4592594504356384,0.5053948163986206,-0.04974755272269249,0.44998088479042053,0.4353223443031311,-0.06586050242185593,0.44151440262794495,0.37924835085868835,-0.07213503867387772,0.4357835054397583,0.6417199373245239,-0.02948758937418461,0.43504664301872253,0.618457555770874,-0.06480064988136292,0.45115819573402405,0.6804929971694946,-0.07186559587717056,0.46134984493255615,0.7267011404037476,-0.06498359888792038,0.4081318974494934,0.6852353811264038,-0.03622661903500557,0.41571539640426636,0.6777356266975403,-0.06151037663221359,0.4332171678543091,0.7235965728759766,-0.05961164832115173,0.44617632031440735,0.7589667439460754,-0.05012555047869682
V,0.5892292857170105,0.7954689264297485,5.741362087974267e-07,0.6420937776565552,0.7779467105865479,-0.026034364476799965,0.6807994842529297,0.728831946849823,-0.03989683464169502,0.6624168157577515,0.6825775504112244,-0.05413561686873436,0.6320518851280212,0.6541290879249573,-0.0672023743391037,0.6786134243011475,0.568552553653717,-0.021138042211532593,0.7133405208587646,0.47849178314208984,-0.04432031884789467,0.7368465662002563,0.4173235297203064,-0.05920805782079697,0.75423264503479,0.36663156747817993,-0.06716866046190262,0.634953498840332,0.5540746450424194,-0.02442071959376335,0.6329396367073059,0.43603238463401794,-0.05135482922196388,0.6322848796844482,0.3618820309638977,-0.06869156658649445,0.6301270723342896,0.30294522643089294,-0.07576511055231094,0.5958639979362488,0.5742786526679993,-0.030361121520400047,0.6014741063117981,0.5524013638496399,-0.06910590082406998,0.6160423755645752,0.6238651871681213,-0.07754542678594589,0.6235655546188354,0.6762676239013672,-0.07065434753894806,0.5611587762832642,0.6145428419113159,-0.03767499327659607,0.5756665468215942,0.602591872215271,-0.06503255665302277,0.5920315980911255,0.6566976308822632,-0.06299963593482971,0.6019929647445679,0.6991270184516907,-0.053145430982112885
V,0.6560085415840149,0.8080779314041138,6.739214200024435e-07,0.7136110663414001,0.7922528386116028,-0.025782324373722076,0.7575405836105347,0.7431263327598572,-0.03975711017847061,0.7405543327331543,0.6891902685165405,-0.05482632294297218,0.7063755989074707,0.6534778475761414,-0.06859569251537323,0.764873206615448,0.5733741521835327,-0.023658640682697296,0.8144866228103638,0.4735528826713562,-0.04825959727168083,0.8456296920776367,0.4129166901111603,-0.06173858419060707,0.8675066828727722,0.3581109941005707,-0.06795083731412888,0.7197717428207397,0.5492264032363892,-0.028895825147628784,0.7307719588279724,0.4310210943222046,-0.05844617262482643,0.7380933165550232,0.35422220826148987,-0.07629700750112534,0.7396495938301086,0.2882159650325775,-0.08221075683832169,0.6765064001083374,0.561280369758606,-0.03683743625879288,0.6889168620109558,0.5816013216972351,-0.07865821570158005,0.6987527012825012,0.6583126187324524,-0.09025866538286209,0.6995350122451782,0.7039908766746521,-0.08359014987945557,0.6387497186660767,0.5962094664573669,-0.046299129724502563,0.6574971675872803,0.6275519728660583,-0.07347837835550308,0.6726890802383423,0.6897341012954712,-0.07322774082422256,0.6796533465385437,0.7334771752357483,-0.06386794149875641
V,0.49047940969467163,0.7694272398948669,5.614103315565444e-07,0.536442756652832,0.7305300235748291,-0.023579547181725502,0.5612077713012695,0.6624702215194702,-0.03549986332654953,0.5297518968582153,0.6226646900177002,-0.04832681640982628,0.49566876888275146,0.6001184582710266,-0.060045767575502396,0.5576978325843811,0.5176695585250854,-0.017300419509410858,0.5879581570625305,0.4231584966182709,-0.04090367257595062,0.6062900424003601,0.3628789186477661,-0.055532243102788925,0.6190953850746155,0.31299322843551636,-0.0634789690375328,0.5149208903312683,0.5121049284934998,-0.022734129801392555,0.5071350336074829,0.3924272656440735,-0.049539364874362946,0.5002131462097168,0.32506364583969116,-0.06601353734731674,0.4923150837421417,0.2707545757293701,-0.07220429182052612,0.4793112277984619,0.5420253872871399,-0.03135225549340248,0.4733874499797821,0.5218956470489502,-0.06768538802862167,0.4889303147792816,0.581643283367157,-0.07615995407104492,0.49912771582603455,0.6188271045684814,-0.07048430293798447,0.449907124042511,0.5920803546905518,-0.04157114028930664,0.45706963539123535,0.5921310782432556,-0.06601805239915848,0.4742336571216583,0.6368994116783142,-0.06462656706571579,0.48606041073799133,0.6643002033233643,-0.05650857090950012
V,0.3972812294960022,0.7464903593063354,5.326128302840516e-07,0.43894803524017334,0.7016841173171997,-0.023297348991036415,0.45959609746932983,0.6304617524147034,-0.03474583476781845,0.4385926425457001,0.5922160148620605,-0.04646127671003342,0.40781429409980774,0.5823453664779663,-0.05680059641599655,0.43503257632255554,0.49566197395324707,-0.018244605511426926,0.45368900895118713,0.39895099401474,-0.036136891692876816,0.46351927518844604,0.33618563413619995,-0.04692359268665314,0.4690650701522827,0.2838118076324463,-0.05289975181221962,0.3966275751590729,0.5031731128692627,-0.020855607464909554,0.3812176585197449,0.40094882249832153,-0.043688029050827026,0.37277480959892273,0.33548182249069214,-0.05778700113296509,0.36420905590057373,0.28248223662376404,-0.06348881870508194,0.3660755157470703,0.5373528599739075,-0.025757379829883575,0.3695354163646698,0.5108383297920227,-0.06114178150892258,0.3914308547973633,0.571455180644989,-0.06915514171123505,0.4029790163040161,0.6193783283233643,-0.06301631778478622,0.3431982398033142,0.5867632031440735,-0.03194599971175194,0.3585003912448883,0.5739913582801819,-0.059996623545885086,0.38301584124565125,0.6188534498214722,-0.06114836409687996,0.398074209690094,0.6588700413703918,-0.05379636213183403
V,0.41397467255592346,0.7287507653236389,5.05626019275951e-07,0.4541618824005127,0.6911129355430603,-0.01811087504029274,0.4830048978328705,0.629844069480896,-0.030873222276568413,0.48734596371650696,0.5779512524604797,-0.044878166168928146,0.46424150466918945,0.5690314769744873,-0.056928280740976334,0.45526090264320374,0.49821072816848755,-0.020618313923478127,0.47363656759262085,0.40295854210853577,-0.04029526934027672,0.4838730990886688,0.34388813376426697,-0.05179465189576149,0.4909469485282898,0.29358184337615967,-0.058016013354063034,0.4208766520023346,0.49797311425209045,-0.026346979662775993,0.4211275577545166,0.4055555760860443,-0.04948146268725395,0.4259515106678009,0.34428733587265015,-0.06175250932574272,0.4285382926464081,0.2968897819519043,-0.06609677523374557,0.3931512236595154,0.5220592617988586,-0.03382016345858574,0.4251113533973694,0.5141704678535461,-0.06386309862136841,0.4440058767795563,0.5679486989974976,-0.06861371546983719,0.4506457448005676,0.6096532940864563,-0.06197715178132057,0.37659427523612976,0.5640293955802917,-0.043070755898952484,0.41414862871170044,0.5743757486343384,-0.06324110925197601,0.43603891134262085,0.6085354089736938,-0.06359012424945831,0.44670557975769043,0.6381983160972595,-0.05737937241792679
V,0.38385939598083496,0.7351735234260559,5.261004503154254e-07,0.42931315302848816,0.6846958994865417,-0.010718265548348427,0.4588319659233093,0.620465874671936,-0.02495003305375576,0.47645723819732666,0.5714287757873535,-0.042851075530052185,0.4642525315284729,0.549469530582428,-0.057959165424108505,0.42483454942703247,0.49121108651161194,-0.020342480391263962,0.4411126971244812,0.39734187722206116,-0.04326607286930084,0.44929012656211853,0.3361191749572754,-0.05748928338289261,0.45447275042533875,0.2836189270019531,-0.06648417562246323,0.3960374593734741,0.49905166029930115,-0.032500479370355606,0.4136197865009308,0.4064602851867676,-0.06094102934002876,0.4312558174133301,0.3419911563396454,-0.07480886578559875,0.4448813796043396,0.2921600043773651,-0.08117605000734329,0.3758348822593689,0.5271299481391907,-0.045783400535583496,0.430990993976593,0.5100792050361633,-0.07423962652683258,0.44619816541671753,0.5675666332244873,-0.07111430168151855,0.44641435146331787,0.6098489761352539,-0.061321523040533066,0.3698638081550598,0.5711468458175659,-0.061372704803943634,0.425896555185318,0.5739335417747498,-0.07913869619369507,0.44043073058128357,0.6107997298240662,-0.07523398846387863,0.44003453850746155,0.6390143036842346,-0.06756559759378433
V,0.4256453216075897,0.7262863516807556,4.42151701918192e-07,0.41336601972579956,0.6360340714454651,0.006171192973852158,0.4215428829193115,0.5593839883804321,-0.00046852880041114986,0.4435475766658783,0.5151646137237549,-0.009715957567095757,0.4688050150871277,0.4991368353366852,-0.018697215244174004,0.4226190745830536,0.5148481726646423,-0.0206888597458601,0.4278687834739685,0.412212997674942,-0.03591413423418999,0.42966488003730774,0.3494892716407776,-0.043511368334293365,0.4310028553009033,0.30055227875709534,-0.047605566680431366,0.44920608401298523,0.528278648853302,-0.0319056510925293,0.49206939339637756,0.4343380928039551,-0.04310745373368263,0.519201397895813,0.3845125734806061,-0.04730760306119919,0.5384865999221802,0.3494308888912201,-0.049460891634225845,0.473919153213501,0.5591564774513245,-0.04089273139834404,0.5135619044303894,0.5220960974693298,-0.046960167586803436,0.5057933330535889,0.5523656010627747,-0.03792872652411461,0.4940011501312256,0.5766890048980713,-0.0299118310213089,0.4955669045448303,0.5982405543327332,-0.0499790757894516,0.5200831890106201,0.5821812152862549,-0.04864155501127243,0.5111385583877563,0.6057509779930115,-0.03609374538064003,0.500495970249176,0.6240960359573364,-0.025338949635624886
V,0.3501403033733368,0.7719196081161499,5.589961915575259e-07,0.3955304026603699,0.7195085287094116,-0.018152354285120964,0.41493192315101624,0.6369826793670654,-0.02632097713649273,0.39049991965293884,0.5931805968284607,-0.03611999750137329,0.3573712408542633,0.582987368106842,-0.04516998678445816,0.39224958419799805,0.5174991488456726,-0.011060413904488087,0.4130403697490692,0.4221585988998413,-0.027138177305459976,0.4222490191459656,0.3617700934410095,-0.037280596792697906,0.42830175161361694,0.3108792006969452,-0.043247319757938385,0.35495415329933167,0.5230123996734619,-0.016906680539250374,0.3457990288734436,0.4130100607872009,-0.03906773030757904,0.33901911973953247,0.33902591466903687,-0.053921233862638474,0.3320165276527405,0.2772919833660126,-0.060547374188899994,0.3233979046344757,0.5568159222602844,-0.024785306304693222,0.32446327805519104,0.504419207572937,-0.06157694011926651,0.3453333079814911,0.5745484828948975,-0.06831319630146027,0.356702983379364,0.6307722330093384,-0.060619253665208817,0.29752448201179504,0.6087237000465393,-0.03327293321490288,0.3086848556995392,0.5704323649406433,-0.06306373327970505,0.3326062262058258,0.6165870428085327,-0.06245975196361542,0.34682321548461914,0.6607552766799927,-0.0534512959420681
V,0.24636568129062653,0.6881906390190125,4.528766055500455e-07,0.26476433873176575,0.6678420305252075,-0.05141299217939377,0.256737619638443,0.5983211994171143,-0.06986655294895172,0.22169552743434906,0.5244618654251099,-0.08109670877456665,0.19973304867744446,0.45929479598999023,-0.08838601410388947,0.30346938967704773,0.4754500985145569,-0.04131490737199783,0.30621060729026794,0.3596091866493225,-0.06758664548397064,0.30705344676971436,0.28725743293762207,-0.08193904161453247,0.30505189299583435,0.22430682182312012,-0.08891436457633972,0.2728146016597748,0.44923684000968933,-0.029567662626504898,0.2610883116722107,0.3184216618537903,-0.058469176292419434,0.2516153156757355,0.24076592922210693,-0.07116207480430603,0.24529093503952026,0.17492645978927612,-0.0728628858923912,0.2432180494070053,0.45700013637542725,-0.023456212133169174,0.20362238585948944,0.4308305084705353,-0.06656055152416229,0.20362059772014618,0.5056915283203125,-0.0747045949101448,0.21470490097999573,0.5551997423171997,-0.06492148339748383,0.21834857761859894,0.48239466547966003,-0.02087842859327793,0.18691547214984894,0.4670082926750183,-0.05540798231959343,0.189136803150177,0.5257320404052734,-0.058151502162218094,0.20016321539878845,0.5672069191932678,-0.04983316734433174
V,0.3137712776660919,0.7477501630783081,4.3938334215454233e-07,0.35248932242393494,0.7139109373092651,-0.027602843940258026,0.3661785125732422,0.6458233594894409,-0.04004997760057449,0.33400726318359375,0.5862741470336914,-0.051305003464221954,0.3067939877510071,0.5428571701049805,-0.060804568231105804,0.3784065544605255,0.5262437462806702,-0.02039257436990738,0.3980339467525482,0.43140608072280884,-0.04101456701755524,0.407584011554718,0.367620587348938,-0.05456067994236946,0.4135088324546814,0.31338751316070557,-0.06292693316936493,0.34244465827941895,0.5132648348808289,-0.020969990640878677,0.3394579291343689,0.4039454460144043,-0.044496919959783554,0.3344195485115051,0.3340607285499573,-0.0591743104159832,0.3303564488887787,0.27230513095855713,-0.06559382379055023,0.3117055296897888,0.5321390628814697,-0.024548964574933052,0.296204149723053,0.48222994804382324,-0.05886063352227211,0.30368345975875854,0.5421978235244751,-0.06503645330667496,0.31155332922935486,0.5866166949272156,-0.05888313800096512,0.2860599160194397,0.5720276236534119,-0.029990699142217636,0.2783600389957428,0.5418497920036316,-0.05848770961165428,0.28792357444763184,0.5887259840965271,-0.05894528329372406,0.29808056354522705,0.6264094710350037,-0.05159597098827362
V,0.4368838965892792,0.7544134259223938,5.206854325479071e-07,0.480909526348114,0.7282302975654602,-0.01964213326573372,0.5117812752723694,0.6719780564308167,-0.030362989753484726,0.5052345395088196,0.6209338307380676,-0.04206172376871109,0.4807049334049225,0.5997390151023865,-0.052473682910203934,0.49426889419555664,0.5389119386672974,-0.017286868765950203,0.5176219344139099,0.45196959376335144,-0.0374348908662796,0.5290041565895081,0.393602192401886,-0.04934099689126015,0.5369086265563965,0.3447461724281311,-0.05496617406606674,0.4598176181316376,0.5297073721885681,-0.021804558113217354,0.4654701054096222,0.4227493107318878,-0.044772643595933914,0.4718850255012512,0.35359323024749756,-0.05714980512857437,0.4765317738056183,0.2997787892818451,-0.06077989190816879,0.4288269877433777,0.5464726090431213,-0.02842247672379017,0.4470219016075134,0.5225346088409424,-0.0603044331073761,0.46261218190193176,0.5850272178649902,-0.06439197063446045,0.4692131280899048,0.6365201473236084,-0.05571892485022545,0.40270617604255676,0.5825212597846985,-0.036460328847169876,0.42486169934272766,0.5760928988456726,-0.056987836956977844,0.4426726996898651,0.6164416670799255,-0.05366891995072365,0.45130839943885803,0.6533136963844299,-0.04402866214513779
V,0.5823782682418823,0.7365367412567139,5.673860528077057e-07,0.6352704167366028,0.7266823053359985,-0.024467037990689278,0.6722208857536316,0.6738033294677734,-0.03751501068472862,0.6640090942382812,0.6126775741577148,-0.051085464656353,0.6398017406463623,0.5690920948982239,-0.063560351729393,0.6888206005096436,0.5457373857498169,-0.0233738012611866,0.7318519949913025,0.46638837456703186,-0.04614206403493881,0.7576634883880615,0.41080334782600403,-0.06023791804909706,0.7770867943763733,0.3619081377983093,-0.06810888648033142,0.6517508625984192,0.5186711549758911,-0.02723529562354088,0.6691617965698242,0.4060681462287903,-0.05466211214661598,0.6801626086235046,0.33064836263656616,-0.0706072449684143,0.6881860494613647,0.2660163342952728,-0.07721716165542603,0.6128249764442444,0.5237422585487366,-0.033422574400901794,0.6205097436904907,0.48271992802619934,-0.07269573956727982,0.6242652535438538,0.5607452988624573,-0.07884056866168976,0.6239140033721924,0.6184512376785278,-0.07052895426750183,0.5760957598686218,0.5498560070991516,-0.04093145951628685,0.5916311144828796,0.5288447737693787,-0.07098414748907089,0.6012365818023682,0.5885170698165894,-0.06977405399084091,0.6051926612854004,0.6373721957206726,-0.060336511582136154
V,0.689528226852417,0.7275676727294922,5.691573505828273e-07,0.7482309341430664,0.7500208616256714,-0.022915076464414597,0.8010382056236267,0.7140211462974548,-0.03385114297270775,0.8041161894798279,0.6405504941940308,-0.04614705964922905,0.7856242656707764,0.5819352269172668,-0.057334545999765396,0.8352769613265991,0.5887137651443481,-0.019830690696835518,0.8971928358078003,0.5295145511627197,-0.041784994304180145,0.9347909688949585,0.4869154989719391,-0.05527859181165695,0.9654518365859985,0.448077917098999,-0.0634041279554367,0.8026400804519653,0.5439038872718811,-0.025823166593909264,0.842595100402832,0.433910608291626,-0.05355765298008919,0.8683570027351379,0.363424152135849,-0.07073758542537689,0.8892525434494019,0.3034203350543976,-0.07877977192401886,0.7626069188117981,0.5312339663505554,-0.03413362801074982,0.783676266670227,0.48984453082084656,-0.07608561962842941,0.7723044157028198,0.5724465250968933,-0.08281885087490082,0.7591984868049622,0.6313591599464417,-0.07442976534366608,0.7203408479690552,0.5402501225471497,-0.04363487288355827,0.7439923882484436,0.5247250199317932,-0.07679135352373123,0.7440032362937927,0.5917752385139465,-0.07640181481838226,0.738455057144165,0.6434332132339478,-0.0672437846660614
V,0.41782552003860474,0.71004319190979,4.790747425431618e-07,0.45718488097190857,0.6646069288253784,-0.019991591572761536,0.47141045331954956,0.587192177772522,-0.028736624866724014,0.44035694003105164,0.5353479385375977,-0.03866637498140335,0.4081507623195648,0.5042701959609985,-0.047488775104284286,0.47435232996940613,0.47067272663116455,-0.012587759643793106,0.49457022547721863,0.3708755373954773,-0.031650178134441376,0.5053964853286743,0.30398058891296387,-0.04394574463367462,0.5115764141082764,0.24837981164455414,-0.05135169252753258,0.43659263849258423,0.4665011167526245,-0.01728103868663311,0.4313041865825653,0.3527788817882538,-0.03976089879870415,0.4282582104206085,0.28235650062561035,-0.05396656692028046,0.42520463466644287,0.2254335582256317,-0.06020113453269005,0.40445756912231445,0.4928538501262665,-0.024591799825429916,0.3989447355270386,0.4414450228214264,-0.05738820880651474,0.4099653363227844,0.5038456320762634,-0.06328863650560379,0.4169132113456726,0.5508397817611694,-0.05722871422767639,0.3783937096595764,0.5379645824432373,-0.03335759788751602,0.38124769926071167,0.51751708984375,-0.05933113023638725,0.39535489678382874,0.5611572861671448,-0.059741001576185226,0.40573805570602417,0.5951944589614868,-0.05298938602209091
V,0.27760058641433716,0.6923273205757141,5.018101774112438e-07,0.30841711163520813,0.6303523778915405,-0.023813847452402115,0.3160964250564575,0.5534458756446838,-0.0354117713868618,0.29220065474510193,0.5211131572723389,-0.04711991176009178,0.26211777329444885,0.5202165842056274,-0.05712984502315521,0.2665303945541382,0.4444313049316406,-0.019400199875235558,0.26215672492980957,0.3465137481689453,-0.03806114196777344,0.25529441237449646,0.2869147062301636,-0.048813413828611374,0.2478296458721161,0.23833295702934265,-0.05426840856671333,0.23293204605579376,0.47066983580589294,-0.021722475066781044,0.2017916589975357,0.3789631426334381,-0.04600150138139725,0.1836843490600586,0.3177574574947357,-0.059380337595939636,0.1690467894077301,0.26872655749320984,-0.063839852809906,0.2100401222705841,0.5174776911735535,-0.026499204337596893,0.21312588453292847,0.4838365912437439,-0.0625520870089531,0.2460285872220993,0.5283277034759521,-0.06934980303049088,0.2672421932220459,0.567055881023407,-0.06174669787287712,0.19668518006801605,0.5743438601493835,-0.032654836773872375,0.2107255458831787,0.545904815196991,-0.05968118831515312,0.24122843146324158,0.5702022910118103,-0.06010200083255768,0.26261135935783386,0.5959840416908264,-0.052214011549949646
V,0.315405011177063,0.8034132122993469,5.52348922155943e-07,0.3579547703266144,0.7711660861968994,-0.02501756139099598,0.3800901174545288,0.701548159122467,-0.03699289262294769,0.35111114382743835,0.6528359651565552,-0.04952157661318779,0.318103164434433,0.6215248703956604,-0.06048202142119408,0.3813242018222809,0.5689891576766968,-0.016073880717158318,0.40697938203811646,0.4738250970840454,-0.03649790585041046,0.42006751894950867,0.4085073471069336,-0.04920562729239464,0.42819511890411377,0.35387665033340454,-0.056855302304029465,0.3423028588294983,0.5622391104698181,-0.019869821146130562,0.33992528915405273,0.45061734318733215,-0.0458577498793602,0.33718758821487427,0.3787427246570587,-0.061912454664707184,0.334142804145813,0.31787219643592834,-0.0687200054526329,0.30822598934173584,0.5858253240585327,-0.026702839881181717,0.3025004267692566,0.5411155819892883,-0.06584686785936356,0.31447792053222656,0.617341935634613,-0.0730079859495163,0.3229973316192627,0.6710296869277954,-0.06566870957612991,0.2786363959312439,0.6283155679702759,-0.03501265123486519,0.28028684854507446,0.6109085083007812,-0.0671614482998848,0.29462799429893494,0.6653807759284973,-0.06863533705472946,0.30569496750831604,0.7051977515220642,-0.06107154116034508
V,0.3553089499473572,0.8528841733932495,4.875042236562876e-07,0.4049990773200989,0.8473230600357056,-0.021508444100618362,0.4410170018672943,0.7936133742332458,-0.03019888326525688,0.42683857679367065,0.7189604043960571,-0.03952736034989357,0.40525779128074646,0.6649680733680725,-0.047388408333063126,0.4658505618572235,0.6858203411102295,-0.011032800190150738,0.5079969167709351,0.6127687096595764,-0.028134234249591827,0.5321976542472839,0.5620768070220947,-0.038686733692884445,0.5497348308563232,0.5168038606643677,-0.04506700113415718,0.4336925148963928,0.6534695625305176,-0.01499953493475914,0.4568513035774231,0.5459083318710327,-0.037007931619882584,0.4710254669189453,0.47765830159187317,-0.050865888595581055,0.4816690683364868,0.4204714894294739,-0.05666684731841087,0.39939600229263306,0.6513757109642029,-0.021790308877825737,0.4056614637374878,0.5985185503959656,-0.0575302354991436,0.40060171484947205,0.6720485091209412,-0.06352248787879944,0.39564210176467896,0.7252287268638611,-0.0560653917491436,0.364642858505249,0.6683472394943237,-0.029797125607728958,0.3739766776561737,0.6416365504264832,-0.05975847318768501,0.3755438029766083,0.6987977623939514,-0.06030094251036644,0.37529513239860535,0.7435884475708008,-0.052478935569524765
V,0.4004020392894745,0.6869165897369385,3.577059715098585e-07,0.43604013323783875,0.673058807849884,-0.014558241702616215,0.45811113715171814,0.6266635060310364,-0.020654072985053062,0.4450038969516754,0.5818569660186768,-0.027208277955651283,0.4251260459423065,0.553314208984375,-0.032909732311964035,0.4622335433959961,0.5381853580474854,-0.009837384335696697,0.48828625679016113,0.478706955909729,-0.022078199312090874,0.5017534494400024,0.43846845626831055,-0.02935854159295559,0.5108208656311035,0.40412476658821106,-0.03359629213809967,0.4364629089832306,0.5256844758987427,-0.012656519189476967,0.44304221868515015,0.44467800855636597,-0.0283138919621706,0.4470688998699188,0.394008606672287,-0.0378444641828537,0.44913098216056824,0.35109996795654297,-0.04195282608270645,0.41149842739105225,0.5351463556289673,-0.017111746594309807,0.4145600199699402,0.4985349476337433,-0.04212464019656181,0.4199162423610687,0.549710750579834,-0.046196099370718,0.4212244153022766,0.5888078808784485,-0.04100639373064041,0.3879120349884033,0.5586363673210144,-0.02229887805879116,0.39716723561286926,0.5403462052345276,-0.043246034532785416,0.40663328766822815,0.5791187882423401,-0.04341726005077362,0.4112541973590851,0.6121987104415894,-0.037733059376478195
V,0.3090544044971466,0.6112679243087769,3.148875862279965e-07,0.3356451094150543,0.5757933855056763,-0.013731956481933594,0.3454180955886841,0.5250773429870605,-0.020283561199903488,0.32610392570495605,0.4936772584915161,-0.027224276214838028,0.3045027256011963,0.4813205301761627,-0.03355294466018677,0.3345569968223572,0.44978368282318115,-0.011656875722110271,0.34448885917663574,0.3837951421737671,-0.023500671610236168,0.3482280969619751,0.3419210612773895,-0.030870826914906502,0.34983763098716736,0.3076813220977783,-0.03495630994439125,0.30940067768096924,0.4545191526412964,-0.014113889075815678,0.298245370388031,0.3807523548603058,-0.029001154005527496,0.2910687327384949,0.33466076850891113,-0.03825315833091736,0.28478923439979553,0.2972961962223053,-0.04207097366452217,0.28924304246902466,0.4784882664680481,-0.017763184383511543,0.28839465975761414,0.45084792375564575,-0.039964709430933,0.3001856207847595,0.4899998903274536,-0.04311686009168625,0.30654746294021606,0.5208044052124023,-0.037864286452531815,0.2734608054161072,0.511708676815033,-0.022042864933609962,0.276658296585083,0.48708197474479675,-0.03818509727716446,0.2892821431159973,0.5114480257034302,-0.03576909378170967,0.29744619131088257,0.535097062587738,-0.029068386182188988
V,0.4007548689842224,0.5880714058876038,4.062631262513605e-07,0.4366002678871155,0.5689142942428589,-0.014624414965510368,0.45827674865722656,0.5258268713951111,-0.022194916382431984,0.44192737340927124,0.4860283434391022,-0.030382800847291946,0.4215262830257416,0.4640071988105774,-0.03812018036842346,0.45962417125701904,0.43112286925315857,-0.013728431425988674,0.4835954010486603,0.3644714951515198,-0.028778044506907463,0.4978627860546112,0.3201848268508911,-0.038446806371212006,0.5083748698234558,0.28275176882743835,-0.04417646676301956,0.4317063093185425,0.4211786985397339,-0.01723339408636093,0.4365861713886261,0.3363911211490631,-0.034309450536966324,0.43985286355018616,0.28184807300567627,-0.045900795608758926,0.4424270689487457,0.236448734998703,-0.051694635301828384,0.4059426486492157,0.4348326325416565,-0.022105447947978973,0.40773817896842957,0.3959745168685913,-0.046971049159765244,0.4143333435058594,0.43891409039497375,-0.05264872685074806,0.4177534878253937,0.4755080044269562,-0.04908621311187744,0.3827880620956421,0.46320009231567383,-0.02772553823888302,0.3912080228328705,0.44550472497940063,-0.047539737075567245,0.4014383852481842,0.4775806963443756,-0.04816877096891403,0.4080134332180023,0.5067669749259949,-0.04332432150840759
W,0.30077826976776123,0.8909685611724854,5.340579036783311e-07,0.3365240693092346,0.8550724983215332,-0.018193403258919716,0.35479432344436646,0.7858396768569946,-0.024265676736831665,0.32096418738365173,0.7422345876693726,-0.02741709165275097,0.2865983843803406,0.7132782340049744,-0.0307803712785244,0.34950006008148193,0.6663246750831604,-0.01678089238703251,0.37143105268478394,0.5761251449584961,-0.023071281611919403,0.3826156258583069,0.5210533738136292,-0.026712361723184586,0.3886248767375946,0.4690287411212921,-0.030070820823311806,0.3130716383457184,0.6552461981773376,-0.019052552059292793,0.3187788724899292,0.5462080240249634,-0.02534249983727932,0.3212573230266571,0.48261597752571106,-0.03194338455796242,0.32146304845809937,0.42525461316108704,-0.035902008414268494,0.2835941016674042,0.6740897297859192,-0.02287885546684265,0.26878654956817627,0.591421365737915,-0.04060911387205124,0.26110970973968506,0.5332505702972412,-0.05541694164276123,0.2523731589317322,0.4799482226371765,-0.06432896852493286,0.25966280698776245,0.715375542640686,-0.02722318097949028,0.27179062366485596,0.6737414002418518,-0.046511657536029816,0.28592154383659363,0.7175220251083374,-0.048837415874004364,0.2938993573188782,0.763031542301178,-0.04822336882352829
W,0.29830458760261536,0.7404781579971313,4.622026494871534e-07,0.33169645071029663,0.7013366222381592,-0.016241472214460373,0.34612512588500977,0.6320856809616089,-0.021206891164183617,0.313524067401886,0.5842205882072449,-0.023720135912299156,0.2835845947265625,0.559039831161499,-0.026908613741397858,0.3491707742214203,0.5418000817298889,-0.013736305758357048,0.37140512466430664,0.46230679750442505,-0.019311830401420593,0.38262704014778137,0.41323232650756836,-0.023737680166959763,0.3893813490867615,0.3669472932815552,-0.02780141681432724,0.31710284948349,0.5325393080711365,-0.014990697614848614,0.3237888813018799,0.43675553798675537,-0.019078968092799187,0.32622188329696655,0.3806726634502411,-0.026049835607409477,0.32799625396728516,0.33278584480285645,-0.03144983947277069,0.29004377126693726,0.5460303425788879,-0.01769973523914814,0.2783935070037842,0.46216636896133423,-0.03193306922912598,0.2732389271259308,0.4034144878387451,-0.047256115823984146,0.2681007385253906,0.35432130098342896,-0.05794505774974823,0.266981840133667,0.5764197707176208,-0.020848045125603676,0.27717289328575134,0.5358802080154419,-0.03864455968141556,0.28976067900657654,0.5734938383102417,-0.0433325357735157,0.297647625207901,0.6143017411231995,-0.045305702835321426
W,0.3361954689025879,0.741081953048706,4.2608834860402567e-07,0.37213513255119324,0.7127501964569092,-0.01313480082899332,0.4003734588623047,0.6579091548919678,-0.018717434257268906,0.39647355675697327,0.6199386119842529,-0.023445935919880867,0.37603992223739624,0.6026623249053955,-0.02921426296234131,0.38567426800727844,0.5415920615196228,-0.013814464211463928,0.40699905157089233,0.47023192048072815,-0.0226189773529768,0.4195922613143921,0.4238220751285553,-0.02992965094745159,0.42860957980155945,0.38167041540145874,-0.03552551195025444,0.35758236050605774,0.5342758297920227,-0.018453234806656837,0.36402928829193115,0.44076308608055115,-0.02537456341087818,0.368852436542511,0.38269728422164917,-0.035376183688640594,0.37156668305397034,0.3352763056755066,-0.043101515620946884,0.3334400951862335,0.5529224872589111,-0.02423037216067314,0.33563342690467834,0.48585984110832214,-0.03975815325975418,0.34255945682525635,0.4328960180282593,-0.05699079856276512,0.3462463319301605,0.39034342765808105,-0.06905841827392578,0.31377577781677246,0.5899185538291931,-0.030468644574284554,0.3414205312728882,0.5667271018028259,-0.0477941557765007,0.3608778119087219,0.5950077772140503,-0.05460848659276962,0.3713226616382599,0.6283867955207825,-0.05864959955215454
W,0.37112534046173096,0.7524160742759705,4.1824134200396657e-07,0.4080756604671478,0.7154660224914551,-0.007093692198395729,0.4363332688808441,0.648054838180542,-0.01196651253849268,0.45333415269851685,0.5987011194229126,-0.018156850710511208,0.44526994228363037,0.5610440969467163,-0.024467309936881065,0.4068528711795807,0.5380098223686218,-0.0036758386995643377,0.4265539050102234,0.4521636962890625,-0.011579988524317741,0.43741750717163086,0.39632725715637207,-0.01915736123919487,0.4443416893482208,0.35204434394836426,-0.02460378035902977,0.3840450048446655,0.538412868976593,-0.011835017241537571,0.39142197370529175,0.44118377566337585,-0.01987040415406227,0.4000381827354431,0.37455159425735474,-0.030261876061558723,0.40529510378837585,0.3233989477157593,-0.037522390484809875,0.36652451753616333,0.5550674200057983,-0.021529393270611763,0.38491734862327576,0.46718084812164307,-0.03814246132969856,0.40301328897476196,0.40849748253822327,-0.054881490767002106,0.41337844729423523,0.36275514960289,-0.0659269243478775,0.3588537275791168,0.5847654938697815,-0.03120214305818081,0.4031256139278412,0.5442626476287842,-0.04815671965479851,0.42490455508232117,0.5665735006332397,-0.05407259240746498,0.4342145025730133,0.6006167531013489,-0.05713258683681488
W,0.32250118255615234,0.774910569190979,5.87649822136882e-07,0.3625408411026001,0.7354199290275574,-0.0190565288066864,0.3823554217815399,0.6570798754692078,-0.025089673697948456,0.34798216819763184,0.6052558422088623,-0.028106482699513435,0.3124246299266815,0.5739074945449829,-0.031774893403053284,0.386249303817749,0.5386862754821777,-0.01599758490920067,0.4145027995109558,0.44928908348083496,-0.023625986650586128,0.4303397536277771,0.39361631870269775,-0.029378963634371758,0.4405466616153717,0.3391612470149994,-0.03438103199005127,0.34798136353492737,0.5212641954421997,-0.018409360200166702,0.35932737588882446,0.40641024708747864,-0.024448297917842865,0.36523354053497314,0.3392055928707123,-0.03236813470721245,0.3693014681339264,0.27872714400291443,-0.03759698197245598,0.31451621651649475,0.5355063676834106,-0.022663986310362816,0.30117493867874146,0.43985700607299805,-0.041106559336185455,0.29714280366897583,0.3754144310951233,-0.05811327323317528,0.29271334409713745,0.3176976442337036,-0.06891775131225586,0.28594475984573364,0.5730562210083008,-0.027460329234600067,0.297585129737854,0.531772792339325,-0.04916689544916153,0.31027594208717346,0.5817379355430603,-0.05300671234726906,0.3173421621322632,0.6302850246429443,-0.053399305790662766
W,0.2772938311100006,0.7650549411773682,4.768730264004262e-07,0.30840685963630676,0.7357651591300964,-0.03226202726364136,0.31867873668670654,0.6654958724975586,-0.043670400977134705,0.28281253576278687,0.6041331887245178,-0.04988956078886986,0.2490839809179306,0.5596463084220886,-0.05608893930912018,0.33594590425491333,0.5387546420097351,-0.026037929579615593,0.3527420163154602,0.4427351951599121,-0.038688741624355316,0.36006513237953186,0.3821650743484497,-0.04896438494324684,0.36525803804397583,0.32169944047927856,-0.05736289545893669,0.30305957794189453,0.5202397704124451,-0.02322142943739891,0.31028127670288086,0.4048846960067749,-0.03517395257949829,0.31018495559692383,0.3349400758743286,-0.04690999537706375,0.3115333616733551,0.27017560601234436,-0.0543719083070755,0.2728287875652313,0.5298269987106323,-0.02349219284951687,0.26086851954460144,0.43007996678352356,-0.04670964553952217,0.25017884373664856,0.3679131269454956,-0.06437719613313675,0.2434978038072586,0.3092018961906433,-0.07484759390354156,0.24621587991714478,0.5637490749359131,-0.025660473853349686,0.24169866740703583,0.5159645080566406,-0.052014779299497604,0.2462838590145111,0.5643070340156555,-0.05738457664847374,0.25206688046455383,0.6133226752281189,-0.05795549973845482
W,0.20639654994010925,0.7173652648925781,4.564986113564373e-07,0.2165101021528244,0.688836932182312,-0.04549913853406906,0.2081802636384964,0.6274104714393616,-0.06188869848847389,0.1825784593820572,0.5652703046798706,-0.07106991857290268,0.1570911854505539,0.5137556195259094,-0.07776164263486862,0.24414315819740295,0.5071378350257874,-0.037278346717357635,0.24070730805397034,0.4135898947715759,-0.05992849916219711,0.23464639484882355,0.3506695628166199,-0.07415566593408585,0.22793197631835938,0.2939341068267822,-0.08210239559412003,0.21967719495296478,0.494648277759552,-0.025724677368998528,0.22019588947296143,0.3945155441761017,-0.049224238842725754,0.21484944224357605,0.3261042833328247,-0.06232152134180069,0.21258163452148438,0.2635914385318756,-0.06688544899225235,0.19454917311668396,0.5074092149734497,-0.019113538786768913,0.1627841293811798,0.4635195732116699,-0.05581650510430336,0.15137739479541779,0.5037016868591309,-0.06912369281053543,0.15215842425823212,0.534313976764679,-0.06699874997138977,0.175977423787117,0.5369510650634766,-0.015297473408281803,0.1481485515832901,0.5210550427436829,-0.04761634021997452,0.14574941992759705,0.5679355263710022,-0.05537707731127739,0.15162310004234314,0.6075219511985779,-0.052809834480285645
W,0.33968862891197205,0.7911192774772644,5.246776026979205e-07,0.3837004005908966,0.7563275098800659,-0.01567838154733181,0.4075739085674286,0.6857108473777771,-0.020901788026094437,0.37547311186790466,0.6301543712615967,-0.024461006745696068,0.34180742502212524,0.5993608236312866,-0.029353434219956398,0.415549635887146,0.5784662365913391,-0.012447426095604897,0.4430471658706665,0.4943664073944092,-0.01874147355556488,0.4574781656265259,0.44185274839401245,-0.0239486712962389,0.46709203720092773,0.3910929560661316,-0.02856660634279251,0.3798505663871765,0.5580466985702515,-0.015762310475111008,0.394596129655838,0.4519563615322113,-0.01910531148314476,0.4025769531726837,0.387295663356781,-0.026501983404159546,0.40790244936943054,0.33119815587997437,-0.0321015864610672,0.3472159802913666,0.5665944814682007,-0.02064577117562294,0.3407421112060547,0.4731011986732483,-0.035125307738780975,0.3397074341773987,0.40871426463127136,-0.052622463554143906,0.3362829387187958,0.35404855012893677,-0.0649893507361412,0.31711432337760925,0.5968431234359741,-0.025989118963479996,0.33200255036354065,0.5698211789131165,-0.04507558047771454,0.3422408699989319,0.6169029474258423,-0.0507635660469532,0.3459640443325043,0.6623904705047607,-0.05331278219819069
W,0.46879634261131287,0.7876057624816895,5.381136816140497e-07,0.5187321305274963,0.7788466811180115,-0.017694761976599693,0.5608800649642944,0.723618745803833,-0.02218516170978546,0.5439271926879883,0.6589720845222473,-0.024470994248986244,0.5153345465660095,0.6184435486793518,-0.028043681755661964,0.5706409811973572,0.6043778657913208,-0.01396673172712326,0.6098042726516724,0.5320685505867004,-0.021151892840862274,0.6326285600662231,0.4826059937477112,-0.027152039110660553,0.6492326259613037,0.43471699953079224,-0.032079633325338364,0.5391967296600342,0.5702030658721924,-0.017161518335342407,0.5674465298652649,0.46998459100723267,-0.021209079772233963,0.5852546095848083,0.40627238154411316,-0.029948806390166283,0.5984630584716797,0.35224470496177673,-0.03659540414810181,0.5066549181938171,0.5673079490661621,-0.022036639973521233,0.5181023478507996,0.4757961928844452,-0.03870308771729469,0.5311813950538635,0.41177549958229065,-0.05892074108123779,0.5389223694801331,0.3583236336708069,-0.07305184006690979,0.47327739000320435,0.586877703666687,-0.027353251352906227,0.4988595247268677,0.5711205005645752,-0.04916240647435188,0.5058719515800476,0.6215885281562805,-0.05668573081493378,0.504328191280365,0.66897052526474,-0.06040284410119057
W,0.5431970953941345,0.820294201374054,6.423691729651182e-07,0.5998037457466125,0.8332464098930359,-0.021510714665055275,0.6548522114753723,0.7881579399108887,-0.026778539642691612,0.6417036652565002,0.7040857076644897,-0.02895941212773323,0.6171916723251343,0.6424174308776855,-0.03293778747320175,0.6778755187988281,0.6517795920372009,-0.019211750477552414,0.7335339784622192,0.5864608287811279,-0.028148649260401726,0.7675932049751282,0.5398495197296143,-0.03431515395641327,0.794304609298706,0.494253545999527,-0.03917836397886276,0.6445422768592834,0.6019541025161743,-0.02200903557240963,0.6866683959960938,0.49612951278686523,-0.02839428186416626,0.7123914361000061,0.42929548025131226,-0.03889616206288338,0.7342043519020081,0.3727700114250183,-0.04640701413154602,0.6075448393821716,0.5894184708595276,-0.026566606014966965,0.6296279430389404,0.49179258942604065,-0.047822531312704086,0.6499225497245789,0.42051276564598083,-0.07108187675476074,0.6667596101760864,0.35846707224845886,-0.086951345205307,0.5673952698707581,0.603464663028717,-0.031472451984882355,0.5966201424598694,0.5947420597076416,-0.05822746455669403,0.5987401008605957,0.6595016717910767,-0.06676537543535233,0.5942041873931885,0.7177516222000122,-0.07060800492763519
W,0.5490034222602844,0.6819318532943726,4.7643439415878674e-07,0.5982158780097961,0.685636579990387,-0.014484573155641556,0.6427804231643677,0.6438135504722595,-0.017044387757778168,0.6406612396240234,0.5706072449684143,-0.01789686642587185,0.621837317943573,0.519836962223053,-0.019582025706768036,0.6556701064109802,0.5488223433494568,-0.007791084703058004,0.6975136399269104,0.49447932839393616,-0.012761690653860569,0.7246184945106506,0.4601821303367615,-0.017127877101302147,0.7466050982475281,0.42666780948638916,-0.02095148339867592,0.6311926245689392,0.5122585296630859,-0.010097786784172058,0.6647947430610657,0.42761319875717163,-0.01274489238858223,0.686041533946991,0.3769967555999756,-0.019585561007261276,0.7016823887825012,0.3372780680656433,-0.02520657889544964,0.6036677360534668,0.5005366206169128,-0.014116701669991016,0.6212011575698853,0.41629159450531006,-0.0288030244410038,0.6406099796295166,0.36185288429260254,-0.04593638330698013,0.6546316146850586,0.31809061765670776,-0.0579826720058918,0.5753979086875916,0.507283091545105,-0.018413539975881577,0.6006733775138855,0.4909369945526123,-0.03657123073935509,0.6039694547653198,0.538985013961792,-0.04278317466378212,0.5993959307670593,0.5856756567955017,-0.04616771638393402
W,0.5101973414421082,0.4975777864456177,4.014404737517907e-07,0.5456785559654236,0.4992453455924988,-0.01018332690000534,0.5783252716064453,0.46998533606529236,-0.013021769002079964,0.576229989528656,0.42094793915748596,-0.014905785210430622,0.5642496347427368,0.38158005475997925,-0.017913205549120903,0.598096489906311,0.397272527217865,-0.008840727619826794,0.6358904242515564,0.36362677812576294,-0.01413511112332344,0.6587943434715271,0.33902889490127563,-0.018735328689217567,0.6768056750297546,0.3139999806880951,-0.022419778630137444,0.5803970694541931,0.36712995171546936,-0.012559501454234123,0.6137181520462036,0.30231383442878723,-0.01552383229136467,0.6339823007583618,0.2615135908126831,-0.02230358123779297,0.6501158475875854,0.22860172390937805,-0.027773302048444748,0.5581453442573547,0.3573177456855774,-0.017204316332936287,0.5764747262001038,0.2909274697303772,-0.028628034517169,0.5936437845230103,0.25058382749557495,-0.042520586401224136,0.6065411567687988,0.2177663892507553,-0.05252828449010849,0.5332093834877014,0.36200588941574097,-0.021941227838397026,0.5542608499526978,0.3485012948513031,-0.036483172327280045,0.5565232038497925,0.38420370221138,-0.0407409705221653,0.5527015924453735,0.4186928868293762,-0.04285226762294769
W,0.3605194091796875,0.5654314160346985,4.0298695580531785e-07,0.3896828591823578,0.5246648192405701,-0.012107963673770428,0.399785578250885,0.45809638500213623,-0.013922035694122314,0.3710799813270569,0.42042726278305054,-0.013943517580628395,0.3429759740829468,0.4114261269569397,-0.014856851659715176,0.38816460967063904,0.39220160245895386,-0.007891101762652397,0.40064096450805664,0.3214530944824219,-0.011267468333244324,0.40626436471939087,0.2769787013530731,-0.013884267769753933,0.40854334831237793,0.2408456653356552,-0.016370264813303947,0.3600490093231201,0.3903143107891083,-0.010154585354030132,0.35613057017326355,0.30516186356544495,-0.013178112916648388,0.3531249761581421,0.25410106778144836,-0.018161825835704803,0.3502974212169647,0.21642300486564636,-0.02135315164923668,0.33687901496887207,0.4091072380542755,-0.013783248141407967,0.32001793384552,0.3330104947090149,-0.027716685086488724,0.3129265308380127,0.2810820937156677,-0.04181097075343132,0.3068734407424927,0.24053777754306793,-0.050939954817295074,0.31770068407058716,0.4435746371746063,-0.0172513909637928,0.32628333568573,0.4047110676765442,-0.035020582377910614,0.3422578275203705,0.4318073093891144,-0.03989437222480774,0.3538946509361267,0.4650934636592865,-0.041692495346069336
W,0.34173011779785156,0.5995396971702576,2.7712979999705567e-07,0.36570292711257935,0.564041018486023,-0.013157567009329796,0.3757539689540863,0.5068665742874146,-0.015602687373757362,0.356608122587204,0.46173208951950073,-0.01635737158358097,0.3343568444252014,0.4438692629337311,-0.01728326641023159,0.3752782940864563,0.4527163505554199,-0.007004978135228157,0.3866969347000122,0.3889760971069336,-0.011924495920538902,0.3916870653629303,0.3508884906768799,-0.016671547666192055,0.3948141634464264,0.31683769822120667,-0.02082499861717224,0.3516716957092285,0.44386720657348633,-0.006920125335454941,0.35249993205070496,0.37422990798950195,-0.009492977522313595,0.35267671942710876,0.33040541410446167,-0.01451918762177229,0.3533341586589813,0.29701685905456543,-0.01845364458858967,0.33132225275039673,0.4542299807071686,-0.008441652171313763,0.32111498713493347,0.39874207973480225,-0.01619822345674038,0.31616154313087463,0.3584076166152954,-0.026758508756756783,0.3125251233577728,0.32847273349761963,-0.03445323556661606,0.3146030306816101,0.478250116109848,-0.010840004310011864,0.3052964210510254,0.46309706568717957,-0.022715464234352112,0.3046379089355469,0.4734019935131073,-0.028249816969037056,0.30441805720329285,0.4871922731399536,-0.03121398389339447
W,0.46657055616378784,0.6455999612808228,4.999771476832393e-07,0.5009961128234863,0.5944986939430237,-0.013597206212580204,0.5145494341850281,0.5162909030914307,-0.01759260892868042,0.48696351051330566,0.475897878408432,-0.020032042637467384,0.45690855383872986,0.45672842860221863,-0.023757323622703552,0.4912313222885132,0.4127447009086609,-0.012926679104566574,0.5056278705596924,0.32193297147750854,-0.02017948403954506,0.5126796960830688,0.2648623585700989,-0.02544087916612625,0.5143667459487915,0.21251408755779266,-0.02958083525300026,0.4579016864299774,0.4151451885700226,-0.017515623942017555,0.45231398940086365,0.3085021376609802,-0.023284070193767548,0.4481422007083893,0.24061493575572968,-0.03211955726146698,0.4420289695262909,0.18310114741325378,-0.03830979764461517,0.4326922595500946,0.44400840997695923,-0.02332150749862194,0.4180943965911865,0.3660036623477936,-0.040285661816596985,0.4116571843624115,0.30106186866760254,-0.05955562740564346,0.40317484736442566,0.2461794912815094,-0.07285933196544647,0.4142613112926483,0.4914686679840088,-0.029174381867051125,0.4363630414009094,0.4610901474952698,-0.048924487084150314,0.45899420976638794,0.4957778751850128,-0.055670104920864105,0.47308191657066345,0.5331634879112244,-0.05931536853313446
W,0.5659832954406738,0.7418462634086609,6.144895223769709e-07,0.6172100901603699,0.7043846845626831,-0.01642189547419548,0.6498201489448547,0.6181241869926453,-0.020507678389549255,0.6226980686187744,0.5502780675888062,-0.02239506132900715,0.5900678038597107,0.5080316066741943,-0.025788625702261925,0.6411556601524353,0.4860435128211975,-0.01666436716914177,0.6739380955696106,0.3857618272304535,-0.023849429562687874,0.6902695298194885,0.32193976640701294,-0.02773977443575859,0.7008641958236694,0.26311570405960083,-0.030876418575644493,0.6014652848243713,0.4692688584327698,-0.02143244445323944,0.615613579750061,0.34353965520858765,-0.02668292634189129,0.6231405138969421,0.2638663351535797,-0.035451047122478485,0.6277502775192261,0.19817909598350525,-0.04181916266679764,0.566371738910675,0.48675182461738586,-0.02763235569000244,0.5615376830101013,0.38196420669555664,-0.04811909422278404,0.5613285899162292,0.3018079400062561,-0.07220310717821121,0.5578884482383728,0.23536774516105652,-0.08896776288747787,0.5348595976829529,0.5292342901229858,-0.03365518897771835,0.5669300556182861,0.5040311813354492,-0.05853281170129776,0.5873586535453796,0.5605159401893616,-0.06842884421348572,0.5970146059989929,0.6156521439552307,-0.07414929568767548
W,0.6927825212478638,0.7829264402389526,6.275589612414478e-07,0.7512426376342773,0.8055136799812317,-0.021799635142087936,0.812112033367157,0.7678006291389465,-0.027472475543618202,0.8216626048088074,0.6819763779640198,-0.030188802629709244,0.8036538362503052,0.616273820400238,-0.034025050699710846,0.8307149410247803,0.6518881320953369,-0.019551943987607956,0.8896462917327881,0.6002691388130188,-0.028383195400238037,0.926291823387146,0.5628529787063599,-0.034940630197525024,0.956466555595398,0.5251907706260681,-0.040367491543293,0.8046360015869141,0.602060079574585,-0.022394366562366486,0.8562962412834167,0.5168589949607849,-0.02997881919145584,0.8903172016143799,0.45752331614494324,-0.0409473180770874,0.9159561395645142,0.40942174196243286,-0.04909304529428482,0.7717857360839844,0.5809193849563599,-0.027076326310634613,0.8095771670341492,0.485712468624115,-0.0500958189368248,0.841823935508728,0.4257184863090515,-0.07452495396137238,0.8660998940467834,0.3776966631412506,-0.09123607724905014,0.7342754602432251,0.5821792483329773,-0.03197591006755829,0.7780009508132935,0.5761612057685852,-0.060216277837753296,0.781916081905365,0.6404021978378296,-0.07074614614248276,0.7744256854057312,0.7005869746208191,-0.07643279433250427
W,0.4009963870048523,0.6839100122451782,4.346934190380125e-07,0.43312573432922363,0.620887041091919,-0.016749879345297813,0.43634510040283203,0.529400646686554,-0.018608074635267258,0.3971640169620514,0.48307672142982483,-0.017637738958001137,0.3613905906677246,0.4793553650379181,-0.016777867451310158,0.4220559298992157,0.44110551476478577,-0.007226930931210518,0.4260142147541046,0.3482622504234314,-0.010357360355556011,0.4264744520187378,0.29310256242752075,-0.013390813954174519,0.42255374789237976,0.2448839396238327,-0.016536911949515343,0.3898259997367859,0.4476720988750458,-0.008660166524350643,0.37950700521469116,0.3416028618812561,-0.009695866145193577,0.3722074627876282,0.2821043133735657,-0.014784540049731731,0.36504849791526794,0.2341930866241455,-0.018730856478214264,0.36396050453186035,0.475963830947876,-0.012202829122543335,0.3396094739437103,0.3936557173728943,-0.025485903024673462,0.32690703868865967,0.33635982871055603,-0.04119725525379181,0.3147715926170349,0.28774353861808777,-0.05195743590593338,0.3439118266105652,0.5210279226303101,-0.01641928218305111,0.34794771671295166,0.47423434257507324,-0.03409639000892639,0.3675015866756439,0.5074712634086609,-0.038712210953235626,0.38177263736724854,0.5468316674232483,-0.04060503840446472
W,0.2077038586139679,0.7308328151702881,4.910581310468842e-07,0.21857130527496338,0.6372662782669067,-0.016629448160529137,0.18963132798671722,0.5555421113967896,-0.018304340541362762,0.13759733736515045,0.5474064946174622,-0.017537707462906837,0.10191701352596283,0.5696625709533691,-0.017525332048535347,0.15561871230602264,0.5258070230484009,-0.00942898914217949,0.1296798139810562,0.43722695112228394,-0.012509697116911411,0.11063410341739655,0.3844440281391144,-0.015328528359532356,0.09198296070098877,0.34203583002090454,-0.01865065097808838,0.1268368661403656,0.5628594756126404,-0.010292190127074718,0.08314613252878189,0.4827846586704254,-0.012700730934739113,0.05638059228658676,0.43339797854423523,-0.018665188923478127,0.03613168001174927,0.39672183990478516,-0.0234209056943655,0.11132422834634781,0.6112185120582581,-0.01296910922974348,0.05543667823076248,0.5559740662574768,-0.029645806178450584,0.025395765900611877,0.5136889219284058,-0.04758287966251373,0.0015272945165634155,0.4835979640483856,-0.05950077995657921,0.10576371103525162,0.6678619980812073,-0.015573954209685326,0.08919352293014526,0.6012852787971497,-0.03653222322463989,0.11754333972930908,0.5991391539573669,-0.042841266840696335,0.14576247334480286,0.6158782243728638,-0.045804888010025024
W,0.4058014750480652,0.9586732387542725,5.439533765638771e-07,0.4455038905143738,0.908677875995636,-0.022101787850260735,0.46892350912094116,0.8256691098213196,-0.03056214563548565,0.4347667396068573,0.7887530326843262,-0.036936644464731216,0.3931242823600769,0.7812557816505432,-0.04469527676701546,0.43300944566726685,0.6718375086784363,-0.01812995783984661,0.4439898431301117,0.5686190724372864,-0.030114728957414627,0.4497511088848114,0.504589319229126,-0.040164701640605927,0.45059970021247864,0.4444875121116638,-0.04794207587838173,0.3883560299873352,0.6748561263084412,-0.023374374955892563,0.377926230430603,0.5444074869155884,-0.03150343522429466,0.3717029094696045,0.4697612524032593,-0.043073620647192,0.3644205927848816,0.4051312804222107,-0.05121494084596634,0.3570830225944519,0.714562177658081,-0.030874907970428467,0.3321763277053833,0.6285609602928162,-0.05187828466296196,0.31907975673675537,0.5654773116111755,-0.07252338528633118,0.3054378628730774,0.5099499225616455,-0.08608264476060867,0.3358241617679596,0.781035840511322,-0.03947062790393829,0.34804192185401917,0.743425726890564,-0.06411517411470413,0.3718935251235962,0.7851781845092773,-0.0698399543762207,0.38817542791366577,0.8292715549468994,-0.07147987931966782
W,0.451532244682312,0.847672700881958,6.017726832396875e-07,0.5036596059799194,0.834152102470398,-0.019997907802462578,0.5433733463287354,0.7706238627433777,-0.025876428931951523,0.5232256650924683,0.6949419975280762,-0.02920871414244175,0.49776989221572876,0.6381934285163879,-0.033758096396923065,0.5657908320426941,0.6375964283943176,-0.016076376661658287,0.6071110367774963,0.5538785457611084,-0.025065604597330093,0.6314411163330078,0.4974752366542816,-0.031967777758836746,0.6489574313163757,0.44204795360565186,-0.03729015216231346,0.5301643013954163,0.6006669998168945,-0.019644811749458313,0.560158371925354,0.4852546155452728,-0.02484826184809208,0.5782597064971924,0.41474610567092896,-0.03429766744375229,0.5928492546081543,0.3532952070236206,-0.0410173237323761,0.4930323362350464,0.5986849069595337,-0.025199593976140022,0.49934542179107666,0.4997825622558594,-0.04334156587719917,0.5077621936798096,0.4270297884941101,-0.06410335004329681,0.5131702423095703,0.3632093071937561,-0.07854839414358139,0.4556426405906677,0.6220444440841675,-0.03156010061502457,0.47594138979911804,0.6067095994949341,-0.0557941310107708,0.4811548590660095,0.6646660566329956,-0.06341280788183212,0.47998809814453125,0.7162774801254272,-0.06653750687837601
W,0.4845433235168457,0.769139289855957,4.594091649323673e-07,0.5341400504112244,0.7463711500167847,-0.018698405474424362,0.566397488117218,0.6677148342132568,-0.020333774387836456,0.5515713095664978,0.5825530290603638,-0.019272886216640472,0.523806631565094,0.534083902835846,-0.01831851899623871,0.5746347904205322,0.5848878026008606,-0.007466934155672789,0.6091297268867493,0.5041601061820984,-0.011472214013338089,0.6278255581855774,0.4494205713272095,-0.015570828691124916,0.6407434344291687,0.4010182023048401,-0.019655518233776093,0.5437855124473572,0.5548229217529297,-0.007281956262886524,0.5666016340255737,0.45055443048477173,-0.009158190339803696,0.5806196928024292,0.38614118099212646,-0.015202988870441914,0.5903864502906799,0.3379579186439514,-0.02007497474551201,0.5130408406257629,0.5524905323982239,-0.009448760189116001,0.5187538862228394,0.4509061574935913,-0.022741420194506645,0.5281773805618286,0.3873308300971985,-0.03982898220419884,0.5326399803161621,0.33940333127975464,-0.05193056911230087,0.4835243225097656,0.5699539184570312,-0.012513579800724983,0.5000185966491699,0.5361360907554626,-0.03231535106897354,0.5102769732475281,0.5719342827796936,-0.0408182255923748,0.512890636920929,0.6121364831924438,-0.04531877115368843
W,0.571767270565033,0.7982413172721863,5.958824544904928e-07,0.6272477507591248,0.8022681474685669,-0.02055823802947998,0.6782382726669312,0.7526166439056396,-0.025359448045492172,0.6715423464775085,0.6726505756378174,-0.027098458260297775,0.6490495800971985,0.6195096969604492,-0.029797570779919624,0.6926097869873047,0.6409869194030762,-0.018161220476031303,0.7411264777183533,0.575178861618042,-0.027099978178739548,0.7711433172225952,0.5285971164703369,-0.03347919508814812,0.7948728203773499,0.48600393533706665,-0.03830619156360626,0.6617996692657471,0.5977203249931335,-0.02050476334989071,0.6981486678123474,0.4953296184539795,-0.027015555649995804,0.72282475233078,0.4317305088043213,-0.037008073180913925,0.7422825694084167,0.38309240341186523,-0.043980006128549576,0.6283807158470154,0.5849340558052063,-0.024651339277625084,0.6497136950492859,0.4856615662574768,-0.045640602707862854,0.6716263294219971,0.41752246022224426,-0.06899794936180115,0.6873346567153931,0.36312252283096313,-0.08460865914821625,0.5928764343261719,0.5947570204734802,-0.02903825417160988,0.6261147260665894,0.5856509804725647,-0.05554160848259926,0.6355641484260559,0.642002522945404,-0.0659496933221817,0.6342957019805908,0.694494903087616,-0.07102129608392715
W,0.5544307827949524,0.7374070882797241,6.066234732315934e-07,0.6078372001647949,0.7043505907058716,-0.01568974368274212,0.6457008123397827,0.6263378858566284,-0.0185672789812088,0.6312275528907776,0.5588148832321167,-0.019554955884814262,0.6031666398048401,0.5182028412818909,-0.021549256518483162,0.6374114751815796,0.49484676122665405,-0.013969278894364834,0.6758939027786255,0.40764984488487244,-0.02162466011941433,0.6980725526809692,0.35060304403305054,-0.027529524639248848,0.7155659794807434,0.2960904836654663,-0.03225386515259743,0.6024528741836548,0.47597360610961914,-0.019828232005238533,0.6259425282478333,0.3583609461784363,-0.024078452959656715,0.641177237033844,0.285412073135376,-0.03332442045211792,0.6530730724334717,0.22703754901885986,-0.040995024144649506,0.5677103996276855,0.48748430609703064,-0.02747100405395031,0.576762318611145,0.38180363178253174,-0.04711151123046875,0.5880966186523438,0.3063061535358429,-0.06979135423898697,0.5942107439041138,0.24314802885055542,-0.08551738411188126,0.5353296399116516,0.5250170826911926,-0.035091836005449295,0.5721839070320129,0.48517146706581116,-0.05767720565199852,0.5938905477523804,0.534824788570404,-0.06489337980747223,0.6017427444458008,0.5911570191383362,-0.06894510984420776
W,0.5077607035636902,0.726574182510376,7.094703278198722e-07,0.5512497425079346,0.6946430802345276,-0.01750122755765915,0.5879451036453247,0.6326114535331726,-0.027006972581148148,0.5747801065444946,0.5950908660888672,-0.03533123806118965,0.5398157835006714,0.5845574736595154,-0.0459066778421402,0.5768713355064392,0.4834882915019989,-0.024929974228143692,0.6117714643478394,0.3951614499092102,-0.039174653589725494,0.6333528161048889,0.3388812243938446,-0.04872659221291542,0.6484947800636292,0.28341060876846313,-0.05531710386276245,0.5376434326171875,0.46688008308410645,-0.03179951757192612,0.5536062717437744,0.3557855188846588,-0.0420868918299675,0.5623875856399536,0.285900354385376,-0.05529981106519699,0.5674363374710083,0.22188085317611694,-0.06486149877309799,0.5016907453536987,0.48665085434913635,-0.03965688869357109,0.5003654360771179,0.429438978433609,-0.06130768358707428,0.5022718906402588,0.3721195459365845,-0.0848570391535759,0.502003014087677,0.31746238470077515,-0.10094810277223587,0.469097763299942,0.5314227938652039,-0.048020076006650925,0.5000045299530029,0.5421032905578613,-0.07151132076978683,0.5260754227638245,0.5924432277679443,-0.08114882558584213,0.5429918169975281,0.6359865665435791,-0.08667026460170746
W,0.45162874460220337,0.7188836932182312,5.82391919579095e-07,0.4910360276699066,0.6575836539268494,-0.01487398985773325,0.5054961442947388,0.5686582922935486,-0.018920470029115677,0.4733496606349945,0.5262830257415771,-0.02117129974067211,0.4379267692565918,0.5087505578994751,-0.025044305250048637,0.4871644377708435,0.4619944989681244,-0.015257203951478004,0.5043264627456665,0.36288732290267944,-0.023527849465608597,0.5137777924537659,0.3024992346763611,-0.029120540246367455,0.5190109014511108,0.24594497680664062,-0.03339940309524536,0.4502769410610199,0.461027055978775,-0.02007894776761532,0.4504640996456146,0.3456036150455475,-0.025169886648654938,0.4480920135974884,0.27264583110809326,-0.03376322612166405,0.44517290592193604,0.2103595733642578,-0.04023396596312523,0.41963982582092285,0.48879432678222656,-0.02646678127348423,0.40250635147094727,0.4008694291114807,-0.04436826705932617,0.3944200277328491,0.33475300669670105,-0.06535591930150986,0.38579750061035156,0.27890896797180176,-0.08000947535037994,0.3953251540660858,0.5384165048599243,-0.03298041597008705,0.4140116572380066,0.5046016573905945,-0.05480511859059334,0.4389454126358032,0.544030487537384,-0.062496382743120193,0.45498302578926086,0.587428867816925,-0.06664204597473145
W,0.4591166377067566,0.7534960508346558,4.954029577675101e-07,0.5025621056556702,0.6996417045593262,-0.014270338229835033,0.5204855799674988,0.6100414991378784,-0.016058117151260376,0.48612990975379944,0.5523935556411743,-0.015857042744755745,0.4495106041431427,0.5265377163887024,-0.016605282202363014,0.5185642242431641,0.5070992708206177,-0.008452915586531162,0.5426006317138672,0.4106298089027405,-0.012460088357329369,0.553506076335907,0.3512832820415497,-0.01628965325653553,0.558428943157196,0.2959558963775635,-0.019993988797068596,0.48142334818840027,0.49576908349990845,-0.012339796870946884,0.4875037968158722,0.3782545328140259,-0.01347434427589178,0.49009478092193604,0.3070557117462158,-0.019709696993231773,0.48987874388694763,0.2481335699558258,-0.02473308891057968,0.4486871063709259,0.5136494040489197,-0.01795261912047863,0.43535295128822327,0.41542816162109375,-0.032430633902549744,0.4299251437187195,0.3442994952201843,-0.05089104548096657,0.42175647616386414,0.2845398187637329,-0.06397438049316406,0.41988861560821533,0.5526188611984253,-0.02377655729651451,0.4359048902988434,0.5104508996009827,-0.042773984372615814,0.452638179063797,0.5548985600471497,-0.047754231840372086,0.4599216878414154,0.604007363319397,-0.050051312893629074
W,0.5415820479393005,0.7538102865219116,5.965043783362489e-07,0.5945471525192261,0.7247650623321533,-0.016278762370347977,0.6320982575416565,0.6479878425598145,-0.019129514694213867,0.6093959808349609,0.5722150802612305,-0.019786641001701355,0.5785551071166992,0.5317404270172119,-0.02134976163506508,0.6354190111160278,0.5376091599464417,-0.01188033726066351,0.6759999990463257,0.45485055446624756,-0.01737130805850029,0.6992337107658386,0.39957892894744873,-0.021617569029331207,0.7156668901443481,0.3476399779319763,-0.0254803616553545,0.599157989025116,0.5107262134552002,-0.015868542715907097,0.6249558925628662,0.3953949809074402,-0.018538257107138634,0.6402661204338074,0.32409632205963135,-0.02599785290658474,0.6518744230270386,0.2659745216369629,-0.0319272056221962,0.5639373064041138,0.5153974294662476,-0.021442696452140808,0.5680956244468689,0.41117027401924133,-0.038796842098236084,0.577827513217926,0.3367456793785095,-0.05933869630098343,0.5837424397468567,0.2762158513069153,-0.0736524760723114,0.52940833568573,0.5438470840454102,-0.027151724323630333,0.5569398403167725,0.5108851194381714,-0.049732837826013565,0.5711556673049927,0.5653618574142456,-0.056433044373989105,0.5753949880599976,0.6218290328979492,-0.059617750346660614
W,0.5235435366630554,0.7190017700195312,6.229846576388809e-07,0.5711361765861511,0.6731534004211426,-0.014388813637197018,0.601582407951355,0.5849359035491943,-0.017480695620179176,0.5737326145172119,0.5236276984214783,-0.018878590315580368,0.538337230682373,0.4933508336544037,-0.022241121158003807,0.5940371155738831,0.4713344871997833,-0.013462470844388008,0.6269869208335876,0.37737467885017395,-0.02055489644408226,0.6461269855499268,0.31800711154937744,-0.02568463422358036,0.6597713232040405,0.2648349404335022,-0.029661960899829865,0.5561329126358032,0.4558475613594055,-0.018796520307660103,0.5724954605102539,0.3357323408126831,-0.022210339084267616,0.5824947953224182,0.25911039113998413,-0.030570678412914276,0.590531587600708,0.19691431522369385,-0.03734917566180229,0.5209705829620361,0.4712507426738739,-0.025583449751138687,0.5202547311782837,0.3697788119316101,-0.04251430556178093,0.5255910754203796,0.2944399118423462,-0.06469329446554184,0.5277390480041504,0.23259606957435608,-0.0808756873011589,0.48785555362701416,0.5096045136451721,-0.032324470579624176,0.5152931809425354,0.4836239814758301,-0.054967328906059265,0.5362809300422668,0.5333808064460754,-0.06363509595394135,0.547191858291626,0.5839614868164062,-0.0687057301402092
W,0.4810847342014313,0.7244468331336975,5.47286617802456e-07,0.523195207118988,0.6710349917411804,-0.015826812013983727,0.543711245059967,0.5764773488044739,-0.018284372985363007,0.5083932876586914,0.5148066282272339,-0.01834995113313198,0.47098177671432495,0.48751533031463623,-0.019873784855008125,0.5338748097419739,0.4713119566440582,-0.012676437385380268,0.5562471151351929,0.37018582224845886,-0.01828412152826786,0.5679183006286621,0.307463675737381,-0.022522391751408577,0.5755032896995544,0.24814830720424652,-0.026453185826539993,0.49532994627952576,0.46385911107063293,-0.016867825761437416,0.4990471601486206,0.34490466117858887,-0.019818376749753952,0.5001111030578613,0.2713193893432617,-0.0276226457208395,0.5016902089118958,0.2077960968017578,-0.03390589728951454,0.46225523948669434,0.48488718271255493,-0.022655164822936058,0.44942086935043335,0.3838571310043335,-0.04016251116991043,0.44491392374038696,0.30936163663864136,-0.06125371530652046,0.44015026092529297,0.2446054220199585,-0.07637956738471985,0.4332161247730255,0.5274369716644287,-0.02852427400648594,0.45319846272468567,0.4887021481990814,-0.05107356235384941,0.47405141592025757,0.5380504131317139,-0.05830086022615433,0.4870249032974243,0.5891757607460022,-0.06225896254181862
X,0.26633965969085693,0.8256542682647705,1.7757523096406658e-07,0.3314085602760315,0.7876788377761841,-0.02016681246459484,0.3841257691383362,0.7029954195022583,-0.035293858498334885,0.3847542405128479,0.6267977952957153,-0.051909927278757095,0.3587349057197571,0.5954722166061401,-0.06796104460954666,0.3557654619216919,0.5162321329116821,-0.019076984375715256,0.39558106660842896,0.4330202341079712,-0.04855860024690628,0.42614126205444336,0.38280829787254333,-0.06664162129163742,0.45696842670440674,0.3410663604736328,-0.07759105414152145,0.3135879337787628,0.49022161960601807,-0.02628452144563198,0.37240010499954224,0.5008280277252197,-0.07293804734945297,0.37210121750831604,0.6172782778739929,-0.08193962275981903,0.362592875957489,0.699984073638916,-0.07547780126333237,0.2726844251155853,0.49893495440483093,-0.03661496564745903,0.3314632773399353,0.5405203700065613,-0.0818815752863884,0.3284458816051483,0.6555049419403076,-0.07485481351613998,0.3183169364929199,0.724949836730957,-0.05645278841257095,0.23331375420093536,0.530922532081604,-0.04907839372754097,0.28581663966178894,0.5772528648376465,-0.07733546197414398,0.2952897250652313,0.6623252034187317,-0.07069510966539383,0.29256296157836914,0.7131571769714355,-0.056909315288066864
X,0.21964550018310547,0.8245818614959717,-1.7745827562976046e-07,0.28357768058776855,0.7822086811065674,-0.039243221282958984,0.3203006982803345,0.6761730313301086,-0.05580892041325569,0.28731977939605713,0.5860633254051208,-0.0688009187579155,0.24864891171455383,0.539391815662384,-0.08083594590425491,0.31368616223335266,0.509204089641571,-0.041010402143001556,0.3210192322731018,0.34333890676498413,-0.07577270269393921,0.3168865442276001,0.2414792776107788,-0.09799803048372269,0.3094675540924072,0.16155877709388733,-0.11190098524093628,0.2607876658439636,0.5102048516273499,-0.03720927610993385,0.24282486736774445,0.47572845220565796,-0.09763000160455704,0.2327250838279724,0.5992717742919922,-0.11292347311973572,0.23628078401088715,0.6944592595100403,-0.1077033132314682,0.21359695494174957,0.5263378620147705,-0.03718485310673714,0.19461019337177277,0.5046147704124451,-0.09073906391859055,0.19737029075622559,0.618283212184906,-0.08435455709695816,0.20781511068344116,0.6973511576652527,-0.0645691305398941,0.17127001285552979,0.5590015649795532,-0.0405183769762516,0.15805548429489136,0.5421864986419678,-0.07800881564617157,0.1677509993314743,0.6278641223907471,-0.07095344364643097,0.18318483233451843,0.6869362592697144,-0.05376463010907173
X,0.24761225283145905,0.8226237297058105,-1.8851605432246288e-07,0.30888986587524414,0.7917240262031555,-0.036797210574150085,0.3526455760002136,0.7022417187690735,-0.051437415182590485,0.32838937640190125,0.6085230708122253,-0.061636898666620255,0.2883201539516449,0.5571578145027161,-0.0702909305691719,0.3384120762348175,0.5774219632148743,-0.03001893311738968,0.342792272567749,0.47950249910354614,-0.06773869693279266,0.3228902220726013,0.4346759021282196,-0.09258205443620682,0.3003445863723755,0.4138343334197998,-0.10509802401065826,0.2916300892829895,0.5611660480499268,-0.024396149441599846,0.27556532621383667,0.528952419757843,-0.07315311580896378,0.26805219054222107,0.6370622515678406,-0.08618692308664322,0.27020353078842163,0.719476580619812,-0.08289079368114471,0.2465974986553192,0.5635251402854919,-0.024315914139151573,0.23236195743083954,0.5440858006477356,-0.07343333959579468,0.2346324622631073,0.6504783034324646,-0.0697605088353157,0.24090228974819183,0.7245811223983765,-0.05353634059429169,0.20178008079528809,0.5832121968269348,-0.02697603590786457,0.19692885875701904,0.5583275556564331,-0.06366493552923203,0.20615363121032715,0.6418042182922363,-0.05986124277114868,0.21512898802757263,0.7019777297973633,-0.046646393835544586
X,0.28421342372894287,0.7916258573532104,6.049845069355797e-08,0.33930134773254395,0.7576234340667725,-0.020855531096458435,0.3819855749607086,0.679307222366333,-0.034814413636922836,0.3817848265171051,0.6067754626274109,-0.049113813787698746,0.363625168800354,0.5582049489021301,-0.06242670491337776,0.35092708468437195,0.5101922154426575,-0.02558879554271698,0.3796870708465576,0.42131203413009644,-0.05126921460032463,0.3967728018760681,0.35831552743911743,-0.06704265624284744,0.41312965750694275,0.29951080679893494,-0.07744822651147842,0.3147543668746948,0.4917466640472412,-0.029478827491402626,0.3690996468067169,0.5088051557540894,-0.06950966268777847,0.3760141432285309,0.6029855608940125,-0.07680410891771317,0.3726773262023926,0.6695594787597656,-0.07234754413366318,0.28155505657196045,0.5059164762496948,-0.03577154129743576,0.3401356637477875,0.5399584770202637,-0.07284820824861526,0.3420606553554535,0.6330970525741577,-0.06532013416290283,0.3363397717475891,0.690748929977417,-0.05025447905063629,0.25203728675842285,0.5410367846488953,-0.0444582998752594,0.30416446924209595,0.5731521844863892,-0.06895537674427032,0.3102586269378662,0.6401811242103577,-0.06401889026165009,0.30502939224243164,0.6811487674713135,-0.05320286378264427
X,0.3675968050956726,0.6686559915542603,2.2962076684507338e-07,0.4366532862186432,0.6481650471687317,-0.007418347988277674,0.48191019892692566,0.6121902465820312,-0.023580649867653847,0.5185537338256836,0.5903463959693909,-0.04495364800095558,0.5514025688171387,0.5741840600967407,-0.06540970504283905,0.4650457203388214,0.4259682595729828,-0.007232229690998793,0.5218555927276611,0.40077757835388184,-0.03653965890407562,0.5651441216468811,0.38019880652427673,-0.05760921165347099,0.6015244722366333,0.3658257722854614,-0.07115121930837631,0.44417962431907654,0.4071284234523773,-0.020271316170692444,0.5200572609901428,0.48416152596473694,-0.06024661660194397,0.5140421390533447,0.5797325372695923,-0.06787383556365967,0.49666717648506165,0.6323690414428711,-0.06436776369810104,0.4258193373680115,0.4213516414165497,-0.03638087585568428,0.4959600567817688,0.5112501382827759,-0.06948952376842499,0.48335862159729004,0.5845685005187988,-0.05993954464793205,0.4617152214050293,0.6186060309410095,-0.04522755742073059,0.40908244252204895,0.45727795362472534,-0.05484028905630112,0.46750155091285706,0.5329325199127197,-0.07191899418830872,0.4625566005706787,0.5857247114181519,-0.06301247328519821,0.44459259510040283,0.6071622371673584,-0.05142664536833763
X,0.35237547755241394,0.6717631220817566,8.702574660901519e-09,0.401974618434906,0.6739252209663391,-0.01926993764936924,0.45201238989830017,0.6336925029754639,-0.030705692246556282,0.4620041251182556,0.5725559592247009,-0.042222268879413605,0.4503020644187927,0.5160888433456421,-0.05405522510409355,0.45833033323287964,0.48483049869537354,-0.0222090482711792,0.49305635690689087,0.41789087653160095,-0.04229839891195297,0.5147503614425659,0.37127047777175903,-0.05578779801726341,0.5341538190841675,0.32830455899238586,-0.06475979834794998,0.42322370409965515,0.44715502858161926,-0.02333950437605381,0.445243239402771,0.47620514035224915,-0.05524646118283272,0.4278539717197418,0.5481840372085571,-0.06466948986053467,0.41028255224227905,0.5948668718338013,-0.0641862079501152,0.3870670199394226,0.43929946422576904,-0.02600373886525631,0.4092159867286682,0.4772648811340332,-0.05680021271109581,0.3982449769973755,0.5480139255523682,-0.05258142575621605,0.38673606514930725,0.5929117798805237,-0.04192308336496353,0.35072439908981323,0.4463267922401428,-0.030307017266750336,0.3741878271102905,0.4752503037452698,-0.051881443709135056,0.3749758303165436,0.5349588394165039,-0.04719437286257744,0.37187254428863525,0.5723016858100891,-0.037254590541124344
X,0.16738756000995636,0.633027970790863,8.385114824704942e-09,0.2170427441596985,0.6080642938613892,-0.04279295355081558,0.24725797772407532,0.5394020080566406,-0.05875484272837639,0.22842861711978912,0.471588671207428,-0.06893033534288406,0.20056408643722534,0.4334973096847534,-0.07801208645105362,0.2382594794034958,0.4264290928840637,-0.03565704822540283,0.23227927088737488,0.3412915766239166,-0.06046479940414429,0.21993140876293182,0.28124794363975525,-0.07807182520627975,0.20847642421722412,0.22972062230110168,-0.08987633883953094,0.2023501992225647,0.4135148227214813,-0.025526082143187523,0.17933383584022522,0.3918868601322174,-0.06735843420028687,0.17394892871379852,0.45634859800338745,-0.08429577946662903,0.17556224763393402,0.5180367827415466,-0.08569764345884323,0.16732725501060486,0.41479161381721497,-0.019659994170069695,0.14539368450641632,0.4023013710975647,-0.06114586815237999,0.14350837469100952,0.4690912067890167,-0.06680193543434143,0.14740371704101562,0.5299748182296753,-0.058663491159677505,0.13673514127731323,0.42923861742019653,-0.017080670222640038,0.12002987414598465,0.4174099564552307,-0.048782724887132645,0.121693454682827,0.4699539244174957,-0.052917804569005966,0.12737232446670532,0.5190160870552063,-0.04680531844496727
X,0.24149709939956665,0.6736133098602295,3.9543337493341824e-08,0.2906266152858734,0.6628845930099487,-0.021217353641986847,0.3399078845977783,0.6158217191696167,-0.03705567121505737,0.3471349775791168,0.5655263662338257,-0.05281770974397659,0.32470184564590454,0.5339992642402649,-0.06898066401481628,0.33180665969848633,0.4682070314884186,-0.03409603610634804,0.35109370946884155,0.37088435888290405,-0.06021680682897568,0.3570341467857361,0.30266380310058594,-0.07682030647993088,0.3615359961986542,0.2433464378118515,-0.08836657553911209,0.29080790281295776,0.44445180892944336,-0.037179794162511826,0.3147556185722351,0.4480186700820923,-0.07762645930051804,0.30976197123527527,0.5370608568191528,-0.086983822286129,0.30086737871170044,0.5972151756286621,-0.08544717729091644,0.24969355762004852,0.4450242817401886,-0.0417061448097229,0.2720828056335449,0.45409655570983887,-0.0780232772231102,0.2720944583415985,0.5379864573478699,-0.07074157893657684,0.2675197720527649,0.5935778021812439,-0.057319171726703644,0.20841792225837708,0.46069973707199097,-0.048078689724206924,0.2316708117723465,0.4642808735370636,-0.07317879796028137,0.2429443746805191,0.527991771697998,-0.06676465272903442,0.24669969081878662,0.5718797445297241,-0.055650744587183
X,0.3570716381072998,0.6932408213615417,1.3898463180339604e-07,0.4115299880504608,0.6748021841049194,-0.016273433342576027,0.4526022672653198,0.6288566589355469,-0.031137527897953987,0.4661436080932617,0.5752142071723938,-0.04830427095293999,0.45981159806251526,0.5267911553382874,-0.06455381959676743,0.4519374370574951,0.4712962806224823,-0.018961062654852867,0.4833317995071411,0.3962816298007965,-0.04456634819507599,0.5073658227920532,0.34218502044677734,-0.060427818447351456,0.5292235612869263,0.2964317202568054,-0.07037977129220963,0.42292749881744385,0.4435696601867676,-0.02563810907304287,0.47695082426071167,0.4734882712364197,-0.06550340354442596,0.47379764914512634,0.5621030330657959,-0.07339122891426086,0.4603096842765808,0.6201111078262329,-0.06887821108102798,0.39265090227127075,0.4426772892475128,-0.034787457436323166,0.44597315788269043,0.4912244379520416,-0.0714942216873169,0.43691056966781616,0.5735522508621216,-0.06465523689985275,0.42111730575561523,0.6194570064544678,-0.04981480538845062,0.3615928292274475,0.46038562059402466,-0.04598723351955414,0.40999576449394226,0.5067570805549622,-0.0692574605345726,0.4098151922225952,0.5676291584968567,-0.06343703716993332,0.397996723651886,0.600591242313385,-0.05206451937556267
X,0.3850703239440918,0.6778351664543152,1.3305628954185522e-07,0.4381691813468933,0.6719145774841309,-0.017073815688490868,0.4868396818637848,0.6237168908119202,-0.031073573976755142,0.5035907626152039,0.5738661289215088,-0.046549756079912186,0.49748528003692627,0.5299199819564819,-0.06106967478990555,0.48066627979278564,0.44382038712501526,-0.018664170056581497,0.5191636085510254,0.38431403040885925,-0.04729273542761803,0.5502259731292725,0.35998213291168213,-0.06618158519268036,0.5814472436904907,0.3458757996559143,-0.0769210234284401,0.4485485553741455,0.4141254723072052,-0.02454088255763054,0.49771228432655334,0.4498339593410492,-0.06497471779584885,0.49045249819755554,0.544850766658783,-0.0739029049873352,0.47936949133872986,0.6104975938796997,-0.07002785056829453,0.41351965069770813,0.4130192697048187,-0.03331107646226883,0.46057310700416565,0.46663975715637207,-0.07068874686956406,0.4493941366672516,0.5581552386283875,-0.06399813294410706,0.4360135793685913,0.6126481294631958,-0.04865419492125511,0.3789910674095154,0.43126529455184937,-0.04415137693285942,0.4216551184654236,0.4799858033657074,-0.06684614717960358,0.4201095700263977,0.547882080078125,-0.06004368141293526,0.4113331139087677,0.585856556892395,-0.047651808708906174
X,0.4463005065917969,0.7343125343322754,-6.3563607710648284e-09,0.5051193237304688,0.7286090850830078,-0.02869146689772606,0.5683336853981018,0.6676063537597656,-0.04184918850660324,0.5754656195640564,0.5839381217956543,-0.05372723564505577,0.5586909651756287,0.5187540054321289,-0.06554437428712845,0.5599293112754822,0.5300881266593933,-0.0260440856218338,0.5823470950126648,0.42047154903411865,-0.052449360489845276,0.594595730304718,0.35095909237861633,-0.06905769556760788,0.6055065393447876,0.28934919834136963,-0.0797528475522995,0.5177484154701233,0.5011630654335022,-0.025573957711458206,0.5375516414642334,0.461008757352829,-0.07336012274026871,0.5196000337600708,0.5640392303466797,-0.08504287153482437,0.5034969449043274,0.6421167850494385,-0.08026578277349472,0.4752132296562195,0.48794615268707275,-0.028007039800286293,0.4889063239097595,0.4489872455596924,-0.07496639341115952,0.47768405079841614,0.557648241519928,-0.06781978905200958,0.46747103333473206,0.6356571912765503,-0.04901896417140961,0.4298550486564636,0.4870688319206238,-0.03244034945964813,0.44455718994140625,0.4565337896347046,-0.06760819256305695,0.4479312598705292,0.5427526235580444,-0.06170550733804703,0.44687244296073914,0.6062684655189514,-0.04706191271543503
X,0.6672645807266235,0.8221157789230347,-2.2156013912422168e-08,0.7348837852478027,0.8411813974380493,-0.02994425781071186,0.8043264150619507,0.8102980852127075,-0.048373397439718246,0.8186761736869812,0.7503849267959595,-0.06676413863897324,0.7968522906303406,0.6839770078659058,-0.08527034521102905,0.835641622543335,0.6446791887283325,-0.03733941912651062,0.8843538761138916,0.5168042778968811,-0.0733136534690857,0.9091811776161194,0.43263107538223267,-0.09849777072668076,0.9288792610168457,0.35489171743392944,-0.11577082425355911,0.7846023440361023,0.5951290726661682,-0.04127217456698418,0.8064444661140442,0.5616859197616577,-0.1018957570195198,0.7715563774108887,0.6809880137443542,-0.12022858113050461,0.7444344758987427,0.7628243565559387,-0.11921168118715286,0.7325407266616821,0.5620394945144653,-0.04751606285572052,0.7508506774902344,0.5202210545539856,-0.10131935030221939,0.7229401469230652,0.6439993977546692,-0.09231992065906525,0.7026448249816895,0.727669894695282,-0.07187720388174057,0.6781460046768188,0.5414552688598633,-0.05625953525304794,0.6930798292160034,0.5101667046546936,-0.09307558834552765,0.6845005750656128,0.6069300174713135,-0.08293589949607849,0.6787663698196411,0.6744542121887207,-0.06505833566188812
X,0.4049660265445709,0.6907834410667419,-3.942168191883866e-08,0.4546438753604889,0.6659007668495178,-0.025580303743481636,0.49717214703559875,0.5913853645324707,-0.038114067167043686,0.49676960706710815,0.5126280784606934,-0.049466781318187714,0.4797808527946472,0.45593419671058655,-0.06119326129555702,0.49643659591674805,0.47739577293395996,-0.030074497684836388,0.5139819383621216,0.36910757422447205,-0.055783506482839584,0.5168043375015259,0.2978874444961548,-0.07140632718801498,0.516960620880127,0.23396757245063782,-0.08228868246078491,0.45249590277671814,0.46390271186828613,-0.031499627977609634,0.46133217215538025,0.40615639090538025,-0.07596676051616669,0.45374155044555664,0.5018315315246582,-0.08693206310272217,0.44781553745269775,0.5743529796600342,-0.08397382497787476,0.41032108664512634,0.46879664063453674,-0.03532399237155914,0.41313648223876953,0.4158610701560974,-0.07722604274749756,0.41407859325408936,0.5045623779296875,-0.071891650557518,0.411925733089447,0.5702053904533386,-0.057371605187654495,0.3675738275051117,0.4862336814403534,-0.040917906910181046,0.36630353331565857,0.4373297393321991,-0.07199578732252121,0.36979466676712036,0.4975932240486145,-0.06796877831220627,0.3690815567970276,0.5452521443367004,-0.05721748247742653
X,0.3028861880302429,0.6503258943557739,1.0405415906689086e-07,0.34749841690063477,0.6422653794288635,-0.015686823055148125,0.38629093766212463,0.5927153825759888,-0.024691715836524963,0.3878447711467743,0.5328163504600525,-0.03404643014073372,0.37209248542785645,0.492800235748291,-0.04277102276682854,0.3780878186225891,0.471937894821167,-0.011904462240636349,0.4036237597465515,0.4179656505584717,-0.02909635752439499,0.41919150948524475,0.37926000356674194,-0.039025187492370605,0.4330314099788666,0.34495389461517334,-0.045227665454149246,0.3510152995586395,0.4486733675003052,-0.014324457384645939,0.38671210408210754,0.45524126291275024,-0.0443485826253891,0.3837969899177551,0.5307275652885437,-0.04974384233355522,0.37413936853408813,0.5845493674278259,-0.045089639723300934,0.3227141201496124,0.4437805414199829,-0.01896498166024685,0.3570514917373657,0.4660100042819977,-0.04939163103699684,0.3493490517139435,0.5429976582527161,-0.04376336187124252,0.33767324686050415,0.5907317399978638,-0.03080269694328308,0.2926214337348938,0.4520193934440613,-0.02502974309027195,0.3252190053462982,0.47888410091400146,-0.045591775327920914,0.3278387486934662,0.5363215804100037,-0.04142668843269348,0.32263216376304626,0.5706613659858704,-0.032189544290304184
X,0.2956388294696808,0.7280451059341431,-5.170734596049442e-08,0.34687137603759766,0.6921637654304504,-0.023620089516043663,0.3827771544456482,0.6131288409233093,-0.03275604173541069,0.37483659386634827,0.5305652618408203,-0.04118381440639496,0.3520445227622986,0.478680282831192,-0.04914266616106033,0.377375066280365,0.5121768712997437,-0.016677986830472946,0.3842927813529968,0.3968605697154999,-0.03822535276412964,0.3787873387336731,0.3218042850494385,-0.05249705910682678,0.37310662865638733,0.2543160915374756,-0.0625443235039711,0.33991196751594543,0.5069594979286194,-0.016853252425789833,0.34256958961486816,0.4420510530471802,-0.05790989100933075,0.33542969822883606,0.5240958333015442,-0.0698627158999443,0.33326321840286255,0.5959391593933105,-0.06690444052219391,0.3042038083076477,0.5129252672195435,-0.019677545875310898,0.3042237460613251,0.45643648505210876,-0.05686429888010025,0.3044639229774475,0.5392150282859802,-0.05175623297691345,0.3069625496864319,0.6080650687217712,-0.03698958456516266,0.26932570338249207,0.5294144153594971,-0.02477452903985977,0.27311864495277405,0.4918912947177887,-0.05158127099275589,0.2814609706401825,0.5500985980033875,-0.047752950340509415,0.28969743847846985,0.5996841192245483,-0.03696989268064499
X,0.28014129400253296,0.7641187310218811,6.563935528447473e-08,0.3396540582180023,0.7444486618041992,-0.019213110208511353,0.3871915638446808,0.6801292300224304,-0.03337479755282402,0.39906710386276245,0.6092690229415894,-0.04740484058856964,0.39179104566574097,0.556001603603363,-0.060861337929964066,0.36929750442504883,0.5049240589141846,-0.022325875237584114,0.4031383991241455,0.47875306010246277,-0.05095773935317993,0.42991113662719727,0.4503602683544159,-0.06982676684856415,0.45637649297714233,0.4229317903518677,-0.08150928467512131,0.33059099316596985,0.47842347621917725,-0.027749881148338318,0.3856709599494934,0.5573332905769348,-0.0687878429889679,0.3821731507778168,0.6631020903587341,-0.07722247391939163,0.370492547750473,0.7266657948493958,-0.07316986471414566,0.2927607595920563,0.49562376737594604,-0.03615153953433037,0.3464584946632385,0.5967949032783508,-0.07606122642755508,0.34155386686325073,0.6878582239151001,-0.07146578282117844,0.33118322491645813,0.7312964200973511,-0.057880982756614685,0.25713783502578735,0.5383158326148987,-0.04643085598945618,0.30300173163414,0.6153210401535034,-0.07265171408653259,0.3095196485519409,0.6831775903701782,-0.06886234134435654,0.3070966601371765,0.7115966081619263,-0.058489006012678146
X,0.27729469537734985,0.7693033218383789,-1.1273908029352242e-07,0.3344736397266388,0.7406705617904663,-0.028705991804599762,0.38246333599090576,0.6560776829719543,-0.03811109438538551,0.368466317653656,0.5659505724906921,-0.04461384564638138,0.33755818009376526,0.5066572427749634,-0.05015493929386139,0.3804079592227936,0.54144287109375,-0.017295170575380325,0.3927842378616333,0.4607633352279663,-0.04326504096388817,0.38516825437545776,0.40064671635627747,-0.06031015142798424,0.3762289583683014,0.3473801612854004,-0.07078468799591064,0.3370344936847687,0.5162564516067505,-0.01603500358760357,0.33037853240966797,0.4752073287963867,-0.058636005967855453,0.31524762511253357,0.5733906030654907,-0.06995917111635208,0.31117531657218933,0.6497517824172974,-0.06543760746717453,0.29317596554756165,0.5101073384284973,-0.018744604662060738,0.28359702229499817,0.4814613163471222,-0.06240178644657135,0.2779703140258789,0.5866464972496033,-0.057547677308321,0.28011128306388855,0.6549171209335327,-0.041091691702604294,0.24804353713989258,0.5209150314331055,-0.023503825068473816,0.24419760704040527,0.49660706520080566,-0.05566095560789108,0.24782079458236694,0.578838050365448,-0.050095051527023315,0.2542998790740967,0.6309774518013,-0.036512237042188644
X,0.29757460951805115,0.788559079170227,-5.092563704067743e-09,0.35693973302841187,0.7705495953559875,-0.024388767778873444,0.4110366702079773,0.6921424269676208,-0.0373711958527565,0.4084787666797638,0.6088504791259766,-0.049530625343322754,0.38379037380218506,0.5535957217216492,-0.060482025146484375,0.3935178220272064,0.5389028191566467,-0.01694534346461296,0.40598568320274353,0.4605723023414612,-0.0460241325199604,0.4201703667640686,0.44139808416366577,-0.06392683833837509,0.43317317962646484,0.4588215947151184,-0.07154425233602524,0.3500640392303467,0.5177212357521057,-0.017534932121634483,0.3764660060405731,0.4922705292701721,-0.05953163281083107,0.3730761408805847,0.6001919507980347,-0.0698641687631607,0.36597657203674316,0.6872748136520386,-0.06462157517671585,0.3070686161518097,0.5191314220428467,-0.021978192031383514,0.32988616824150085,0.5073108077049255,-0.06502630561590195,0.3292158246040344,0.6164600253105164,-0.06015825644135475,0.3243477940559387,0.6938623785972595,-0.04377279803156853,0.26154518127441406,0.5357123017311096,-0.02798093482851982,0.2865377366542816,0.5241999626159668,-0.060137175023555756,0.29612869024276733,0.6097314357757568,-0.054985836148262024,0.29777461290359497,0.6692859530448914,-0.041419513523578644
X,0.30498775839805603,0.8039693832397461,-4.076146709053319e-08,0.3679078221321106,0.7832176089286804,-0.017372235655784607,0.42111003398895264,0.7021161317825317,-0.030306397005915642,0.42662280797958374,0.625718355178833,-0.04533503204584122,0.41263964772224426,0.5701042413711548,-0.058319203555583954,0.40178945660591125,0.5099512338638306,-0.018223494291305542,0.43326735496520996,0.40738242864608765,-0.053385455161333084,0.4620138704776764,0.3944697082042694,-0.07463936507701874,0.4902377724647522,0.41222622990608215,-0.08422980457544327,0.35897961258888245,0.48214784264564514,-0.02396957390010357,0.4120289385318756,0.5123183131217957,-0.06812026351690292,0.407979816198349,0.6258814930915833,-0.07673115283250809,0.3978126645088196,0.6998729705810547,-0.07177159190177917,0.31696268916130066,0.48769381642341614,-0.03360241651535034,0.36976000666618347,0.5443276166915894,-0.0740247294306755,0.3629341423511505,0.6519943475723267,-0.06632482260465622,0.35111886262893677,0.7096972465515137,-0.04998191446065903,0.2755046486854553,0.5144821405410767,-0.04535083845257759,0.32214444875717163,0.5721073746681213,-0.06830217689275742,0.3262385427951813,0.6504223346710205,-0.06022927910089493,0.3207208514213562,0.688177227973938,-0.04659178853034973
X,0.4238191246986389,0.7883437871932983,2.0625535057661182e-08,0.49351567029953003,0.7697831392288208,-0.026697678491473198,0.573324978351593,0.6837631464004517,-0.03265710920095444,0.5950316190719604,0.5758199095726013,-0.036969516426324844,0.5907626152038574,0.4905790686607361,-0.04135509207844734,0.5436715483665466,0.5614126324653625,-0.013000831939280033,0.5684977173805237,0.4651680588722229,-0.03748219832777977,0.5880236625671387,0.40782472491264343,-0.052073221653699875,0.6082426309585571,0.35904252529144287,-0.06088826060295105,0.4993603229522705,0.5355795621871948,-0.013539314270019531,0.5285707712173462,0.4705428183078766,-0.05945146828889847,0.5086881518363953,0.5801936388015747,-0.07070592790842056,0.4908486604690552,0.6644861698150635,-0.06468061357736588,0.45432284474372864,0.5260770320892334,-0.017611173912882805,0.47586193680763245,0.45908647775650024,-0.06723435968160629,0.46169665455818176,0.5744985342025757,-0.059163011610507965,0.449239045381546,0.6554263830184937,-0.03811333701014519,0.40507495403289795,0.5302659869194031,-0.0231107659637928,0.4252210855484009,0.47529229521751404,-0.059974707663059235,0.42434707283973694,0.5659089088439941,-0.051797375082969666,0.4170216917991638,0.633425772190094,-0.03500685095787048
X,0.27266478538513184,0.7290888428688049,-1.4495964428817842e-08,0.3360031247138977,0.7006818056106567,-0.01832815818488598,0.37991029024124146,0.6254947781562805,-0.033321455121040344,0.3922295868396759,0.5495193600654602,-0.05091285705566406,0.3850959539413452,0.48407503962516785,-0.06539231538772583,0.3631803095340729,0.4575769007205963,-0.02031765505671501,0.39687150716781616,0.3584297001361847,-0.05869678035378456,0.42631053924560547,0.3600410223007202,-0.08133389055728912,0.4513033330440521,0.3942457437515259,-0.09098200500011444,0.32408803701400757,0.43384698033332825,-0.025983301922678947,0.3789592385292053,0.47575896978378296,-0.07185256481170654,0.3818528652191162,0.57862389087677,-0.08043193817138672,0.3760310113430023,0.6462437510490417,-0.07569387555122375,0.2865779399871826,0.44170942902565,-0.03633364662528038,0.3474946916103363,0.5114706158638,-0.0762612521648407,0.34181642532348633,0.6049744486808777,-0.06871592253446579,0.3305274248123169,0.6517294645309448,-0.05305653065443039,0.2527725100517273,0.46942031383514404,-0.04940282180905342,0.30702999234199524,0.5391491055488586,-0.07087843120098114,0.3055623769760132,0.6017101407051086,-0.06419266760349274,0.2946895658969879,0.6249014735221863,-0.052153389900922775
X,0.2559729814529419,0.7262834310531616,8.889600877637349e-08,0.31803572177886963,0.6819746494293213,0.00021438823023345321,0.35431987047195435,0.6145702004432678,-0.005955180153250694,0.3723897337913513,0.5523680448532104,-0.0179977435618639,0.3818170428276062,0.49856093525886536,-0.02873244881629944,0.32463201880455017,0.47050026059150696,0.0009662212105467916,0.36644625663757324,0.4035838842391968,-0.024032842367887497,0.4050713777542114,0.4008260667324066,-0.04028846323490143,0.43496406078338623,0.41847673058509827,-0.0480925478041172,0.30266469717025757,0.45918431878089905,-0.011269692331552505,0.3788590133190155,0.49317052960395813,-0.042579710483551025,0.384304940700531,0.5746568441390991,-0.0475851409137249,0.37127500772476196,0.6278491616249084,-0.04344808682799339,0.2856902480125427,0.4714077413082123,-0.02617979794740677,0.3629434406757355,0.5266805291175842,-0.05435018241405487,0.3575921356678009,0.6021237373352051,-0.04700387641787529,0.3399176001548767,0.643473744392395,-0.034390635788440704,0.2729416787624359,0.4992265999317169,-0.04238974675536156,0.34263134002685547,0.5509811639785767,-0.05710245668888092,0.3410305678844452,0.6080697178840637,-0.049101315438747406,0.3251020014286041,0.637475848197937,-0.03802423179149628
X,0.3011062741279602,0.7943660020828247,-2.0209867113152313e-09,0.35768476128578186,0.7720823287963867,-0.022544559091329575,0.4078459143638611,0.6936681270599365,-0.030391287058591843,0.39975684881210327,0.6026368141174316,-0.037367530167102814,0.3765927851200104,0.5413863658905029,-0.04455912485718727,0.4016512632369995,0.5800735354423523,-0.010089406743645668,0.41996967792510986,0.49350085854530334,-0.029479609802365303,0.42930662631988525,0.4339664876461029,-0.04194921255111694,0.4384421408176422,0.3791702389717102,-0.05057772621512413,0.36174726486206055,0.5595568418502808,-0.011121585965156555,0.3787337839603424,0.495667040348053,-0.05002908036112785,0.3676109313964844,0.5917297601699829,-0.06027114391326904,0.3568294048309326,0.6702278256416321,-0.05535394698381424,0.32156479358673096,0.5555381178855896,-0.014893044717609882,0.33386948704719543,0.5000336170196533,-0.05637466162443161,0.3281940221786499,0.603512704372406,-0.05042441561818123,0.32083791494369507,0.6771551966667175,-0.03308098018169403,0.27811574935913086,0.5643571615219116,-0.019938617944717407,0.29410821199417114,0.5170086026191711,-0.051397547125816345,0.2971871495246887,0.5981389284133911,-0.04509824514389038,0.29410016536712646,0.6584694981575012,-0.03130659461021423
X,0.4713265597820282,0.7606387138366699,9.210320506269909e-09,0.5459678173065186,0.7647027373313904,-0.030367357656359673,0.6149353981018066,0.6928820013999939,-0.04099474102258682,0.6137001514434814,0.5825555920600891,-0.04958688095211983,0.5996857285499573,0.5029873847961426,-0.05854906514286995,0.6082606911659241,0.5549188256263733,-0.017752956598997116,0.6311159133911133,0.45806804299354553,-0.045536503195762634,0.6467599868774414,0.3903931677341461,-0.062497783452272415,0.6605910658836365,0.33511805534362793,-0.07298554480075836,0.5586491227149963,0.5207094550132751,-0.018038174137473106,0.5818299055099487,0.4388679265975952,-0.06898000836372375,0.5624863505363464,0.5548787713050842,-0.08317497372627258,0.5462577939033508,0.646053671836853,-0.07725321501493454,0.5108485817909241,0.5096035599708557,-0.021910838782787323,0.5262095928192139,0.4517695903778076,-0.07770390808582306,0.5115155577659607,0.5742724537849426,-0.07195011526346207,0.5006780028343201,0.6502336263656616,-0.050112321972846985,0.45985889434814453,0.5128048062324524,-0.026896601542830467,0.47960513830184937,0.4569762349128723,-0.06658587604761124,0.4762541353702545,0.552528977394104,-0.05799461156129837,0.470095157623291,0.6129989624023438,-0.04009796306490898
X,0.5481894612312317,0.6116749048233032,-5.652118328924871e-09,0.6037618517875671,0.6222973465919495,-0.021076159551739693,0.6590458154678345,0.5741513967514038,-0.030295677483081818,0.6653480529785156,0.4910634756088257,-0.03894525766372681,0.6550772786140442,0.42653557658195496,-0.04833276942372322,0.664934515953064,0.44989773631095886,-0.014248295687139034,0.6916394233703613,0.3777516186237335,-0.03277924284338951,0.7083674669265747,0.3292620778083801,-0.04523509740829468,0.7226994633674622,0.28744617104530334,-0.05344173312187195,0.628445029258728,0.42109447717666626,-0.014400462619960308,0.6486929655075073,0.38297465443611145,-0.04723137989640236,0.6309522986412048,0.4610327184200287,-0.05636369809508324,0.6146169304847717,0.5223624110221863,-0.05377313494682312,0.5908253788948059,0.4085259437561035,-0.016699085012078285,0.6091201305389404,0.3712031841278076,-0.051582545042037964,0.59592604637146,0.4553995430469513,-0.045121341943740845,0.582075297832489,0.515972375869751,-0.03074653632938862,0.5493811368942261,0.4076942801475525,-0.020166950300335884,0.5702435374259949,0.37235045433044434,-0.04625542089343071,0.5676313042640686,0.44205448031425476,-0.03889284282922745,0.5596961975097656,0.49391064047813416,-0.02611217275261879
X,0.5436117649078369,0.7534103989601135,1.6162508131856157e-07,0.5968594551086426,0.7447399497032166,-0.028883174061775208,0.647398054599762,0.688453197479248,-0.04250938072800636,0.6477663516998291,0.6098834276199341,-0.055125512182712555,0.6341224908828735,0.5452942848205566,-0.06747101992368698,0.6509398221969604,0.5395479798316956,-0.017285440117120743,0.6719542741775513,0.4621516764163971,-0.04371971637010574,0.6883223652839661,0.42439085245132446,-0.061173271387815475,0.6996085047721863,0.4102588891983032,-0.06949800252914429,0.6077226400375366,0.5170310139656067,-0.017514746636152267,0.6259642243385315,0.4245271682739258,-0.053941499441862106,0.6223818063735962,0.47831016778945923,-0.06868951767683029,0.61501544713974,0.5426056981086731,-0.06762639433145523,0.5658303499221802,0.5162972211837769,-0.021484799683094025,0.5848645567893982,0.4979065954685211,-0.06612822413444519,0.5773025751113892,0.5901439785957336,-0.06796877086162567,0.5672472715377808,0.6536496877670288,-0.054212700575590134,0.5221792459487915,0.5300158858299255,-0.026716964319348335,0.5436529517173767,0.4997323155403137,-0.057632897049188614,0.5457410216331482,0.5731704831123352,-0.05249370262026787,0.5413715243339539,0.6259067058563232,-0.03899732232093811
X,0.2664355933666229,0.8037574291229248,2.0998271565986215e-08,0.3159811794757843,0.7512931227684021,-0.024413667619228363,0.3432813882827759,0.6651999950408936,-0.03449833020567894,0.32708030939102173,0.5877203345298767,-0.043578460812568665,0.2993992865085602,0.5388363003730774,-0.05264309048652649,0.33352038264274597,0.5876113176345825,-0.013769472949206829,0.33600014448165894,0.508915901184082,-0.03574497625231743,0.32994791865348816,0.4533780813217163,-0.05117909237742424,0.322828471660614,0.4049643874168396,-0.06135803833603859,0.29215285181999207,0.585051417350769,-0.01438491977751255,0.2880530059337616,0.5204917192459106,-0.0525144524872303,0.28881925344467163,0.599831223487854,-0.06460046023130417,0.2918238937854767,0.6697786450386047,-0.06257779896259308,0.2542087137699127,0.5977483987808228,-0.018178703263401985,0.25125035643577576,0.5396308302879333,-0.05560798570513725,0.25718510150909424,0.6170095205307007,-0.05092805624008179,0.26132506132125854,0.6794339418411255,-0.03667986020445824,0.21912778913974762,0.6229329109191895,-0.02389107085764408,0.22331637144088745,0.5691149830818176,-0.05045338720083237,0.23246720433235168,0.6257532238960266,-0.04438583180308342,0.23726724088191986,0.6757827401161194,-0.032491087913513184
X,0.15882623195648193,0.737644612789154,7.748877095536955e-08,0.20110121369361877,0.693051815032959,-0.023076219484210014,0.23262250423431396,0.6019930839538574,-0.03335857763886452,0.21292823553085327,0.5353124141693115,-0.041691605001688004,0.17992810904979706,0.5033430457115173,-0.05010395124554634,0.2048729658126831,0.5060843825340271,-0.01892998442053795,0.2035680115222931,0.4308948218822479,-0.039596784859895706,0.19700752198696136,0.37752997875213623,-0.051489632576704025,0.18907514214515686,0.3283902108669281,-0.059925634413957596,0.16052156686782837,0.509109377861023,-0.019418533891439438,0.1617664396762848,0.45521509647369385,-0.05391988903284073,0.17565682530403137,0.5458762049674988,-0.060857754200696945,0.1826169639825821,0.6046969890594482,-0.056862298399209976,0.11948733776807785,0.5310357809066772,-0.022540513426065445,0.12235014885663986,0.49628177285194397,-0.06151673197746277,0.14270392060279846,0.5853341817855835,-0.05454401671886444,0.15084703266620636,0.6342620849609375,-0.03970897197723389,0.07798196375370026,0.5690900683403015,-0.02665153704583645,0.08812687546014786,0.5391095876693726,-0.05580735206604004,0.11237283051013947,0.6043820381164551,-0.049130674451589584,0.12297959625720978,0.6405096054077148,-0.03737635165452957
X,0.19815413653850555,0.7771567106246948,-1.1320406834158803e-08,0.26201820373535156,0.713956892490387,-0.016251929104328156,0.29870662093162537,0.6165924072265625,-0.03147760033607483,0.30477041006088257,0.5290582180023193,-0.04967726767063141,0.29452818632125854,0.45568135380744934,-0.06510040163993835,0.25568336248397827,0.4768012464046478,-0.018189260736107826,0.2918982207775116,0.3876689374446869,-0.05836385115981102,0.330539733171463,0.39093098044395447,-0.08205315470695496,0.36022356152534485,0.41767391562461853,-0.09297598898410797,0.21825572848320007,0.4725138545036316,-0.025952419266104698,0.2941584587097168,0.49806609749794006,-0.07295999675989151,0.30360034108161926,0.6078367829322815,-0.08085215836763382,0.294188916683197,0.6668242812156677,-0.07568244636058807,0.1877460777759552,0.498272180557251,-0.03858137130737305,0.26794153451919556,0.5531708598136902,-0.08111871033906937,0.27100688219070435,0.6456701755523682,-0.07287675887346268,0.2595093548297882,0.6817963123321533,-0.05666881054639816,0.16385185718536377,0.5419742465019226,-0.05359386280179024,0.23097090423107147,0.5967538356781006,-0.07787767797708511,0.23697075247764587,0.6547297239303589,-0.07125190645456314,0.2260083258152008,0.6697624325752258,-0.05928042158484459
X,0.23708024621009827,0.8026535511016846,-4.284567012291518e-08,0.29282695055007935,0.7656700015068054,-0.020668966695666313,0.3401430547237396,0.6749495267868042,-0.0337686724960804,0.33372873067855835,0.5968433022499084,-0.04767022281885147,0.3110673129558563,0.5460150241851807,-0.0594286285340786,0.3094947338104248,0.5330160856246948,-0.017734039574861526,0.3195188641548157,0.4270740747451782,-0.04997784644365311,0.33891546726226807,0.405498206615448,-0.06773863732814789,0.35986682772636414,0.41945892572402954,-0.07461924850940704,0.26642340421676636,0.5223807692527771,-0.019867442548274994,0.30491217970848083,0.5139034986495972,-0.06000058725476265,0.30842459201812744,0.6195866465568542,-0.06610296666622162,0.3045837879180908,0.6821998357772827,-0.059739820659160614,0.2277352213859558,0.5324105620384216,-0.026246163994073868,0.2657462954521179,0.5508208274841309,-0.06675663590431213,0.2694433331489563,0.650795042514801,-0.05871518701314926,0.2646626830101013,0.7038503885269165,-0.042072538286447525,0.18750104308128357,0.5575892329216003,-0.03439367190003395,0.22217735648155212,0.5733020901679993,-0.06030753627419472,0.237455815076828,0.6440903544425964,-0.05274466425180435,0.24022367596626282,0.6797760725021362,-0.03908076137304306
Y,0.27463725209236145,0.8517237305641174,-5.884029974367877e-07,0.33285945653915405,0.7900484800338745,-0.019999653100967407,0.375442236661911,0.679054856300354,-0.029046716168522835,0.4127538502216339,0.5977904200553894,-0.04031424596905708,0.45023009181022644,0.5539861917495728,-0.047487303614616394,0.3316797912120819,0.5911487340927124,-0.014585346914827824,0.33330976963043213,0.552484929561615,-0.045194029808044434,0.3278247117996216,0.6407861113548279,-0.058416761457920074,0.3261497914791107,0.70181804895401,-0.05936705321073532,0.2872632145881653,0.5901867747306824,-0.016374222934246063,0.29131707549095154,0.5567816495895386,-0.054133281111717224,0.29467135667800903,0.6578730940818787,-0.0631348043680191,0.29620859026908875,0.723603367805481,-0.05948079004883766,0.24758534133434296,0.6014952659606934,-0.022868052124977112,0.24743925034999847,0.562566339969635,-0.059621989727020264,0.2593240439891815,0.656928539276123,-0.05991307646036148,0.26665669679641724,0.7240386009216309,-0.048203032463788986,0.21248766779899597,0.619579017162323,-0.03090161643922329,0.18862944841384888,0.5223442316055298,-0.04886240512132645,0.17558446526527405,0.46210402250289917,-0.05130363628268242,0.16476762294769287,0.40228161215782166,-0.04818568751215935
Y,0.2859748601913452,0.8455965518951416,-5.66625544706767e-07,0.34524521231651306,0.7953742742538452,-0.020608115941286087,0.38723134994506836,0.6916486024856567,-0.027441266924142838,0.4158935546875,0.6032688617706299,-0.03545704856514931,0.42796722054481506,0.532811164855957,-0.039619531482458115,0.3397064805030823,0.605709969997406,-0.015755651518702507,0.3458413779735565,0.5611129999160767,-0.04379008337855339,0.33863258361816406,0.6434577107429504,-0.05604823678731918,0.33317697048187256,0.708227276802063,-0.05667542666196823,0.29864779114723206,0.6036322116851807,-0.01584015041589737,0.3048483729362488,0.565821647644043,-0.05108339712023735,0.3070763051509857,0.6614854335784912,-0.06104319915175438,0.3076070249080658,0.7303670644760132,-0.058855943381786346,0.2611059844493866,0.6112698316574097,-0.020303813740611076,0.2627902626991272,0.5698146224021912,-0.05440564826130867,0.273616224527359,0.659629762172699,-0.055688656866550446,0.2800182104110718,0.7268040180206299,-0.04575303941965103,0.22713258862495422,0.6260566711425781,-0.0262676402926445,0.2032942771911621,0.5339515209197998,-0.04341481253504753,0.18970134854316711,0.47702038288116455,-0.046301309019327164,0.1790580004453659,0.4199308753013611,-0.04408963769674301
Y,0.4031849205493927,0.7902989387512207,-4.856200348513084e-07,0.46060842275619507,0.7495649456977844,-0.01679292693734169,0.5057260990142822,0.6509981155395508,-0.021094132214784622,0.5350316166877747,0.5696958899497986,-0.02637951262295246,0.5570468902587891,0.5089561939239502,-0.028443291783332825,0.4631919860839844,0.5586856603622437,-0.007327604573220015,0.4823342561721802,0.52907794713974,-0.027668869122862816,0.4755527973175049,0.603844404220581,-0.035914063453674316,0.46534839272499084,0.6561550498008728,-0.035013291984796524,0.42990806698799133,0.5517314672470093,-0.006900496315211058,0.44819262623786926,0.5308384299278259,-0.03277067467570305,0.4473361670970917,0.6200425028800964,-0.039928875863552094,0.44002124667167664,0.6782292723655701,-0.037102069705724716,0.3986465036869049,0.5561290979385376,-0.010351224802434444,0.4116940200328827,0.529726505279541,-0.03684627264738083,0.41955769062042236,0.615729808807373,-0.03746947646141052,0.4184727370738983,0.6751075387001038,-0.028592819347977638,0.3689036965370178,0.5671022534370422,-0.014860360883176327,0.35907500982284546,0.47897547483444214,-0.02748364768922329,0.35731208324432373,0.425019770860672,-0.028750713914632797,0.35599812865257263,0.3709370493888855,-0.025826167315244675
Y,0.2693980932235718,0.7957645058631897,-4.717399519904575e-07,0.3332339823246002,0.7600964903831482,-0.010484013706445694,0.3750525116920471,0.7010084390640259,-0.014585680328309536,0.40107062458992004,0.6375640034675598,-0.01763962022960186,0.4091011881828308,0.5793709754943848,-0.020008349791169167,0.34062495827674866,0.5884312391281128,-0.02283870056271553,0.34807634353637695,0.5753675699234009,-0.029038261622190475,0.3411363959312439,0.626317024230957,-0.03238930553197861,0.33158111572265625,0.6685835719108582,-0.033763233572244644,0.30421242117881775,0.5754227638244629,-0.022639432922005653,0.3115626573562622,0.5713539123535156,-0.027258804067969322,0.3098808825016022,0.6257527470588684,-0.030602671205997467,0.3021307587623596,0.670765221118927,-0.03526943922042847,0.2711479663848877,0.584542989730835,-0.022354772314429283,0.2779337763786316,0.5778436660766602,-0.032518938183784485,0.28149452805519104,0.6304360032081604,-0.036626990884542465,0.27898970246315,0.677907407283783,-0.0399155355989933,0.244086354970932,0.6048337817192078,-0.021935466676950455,0.21936771273612976,0.533542811870575,-0.03236337751150131,0.20382115244865417,0.4897722005844116,-0.0371379628777504,0.19041654467582703,0.4501587748527527,-0.04088929668068886
Y,0.2006564736366272,0.9752551317214966,-5.396757956077636e-07,0.26277440786361694,0.9625931978225708,-0.026934634894132614,0.3216207027435303,0.89289790391922,-0.037640661001205444,0.3628597855567932,0.8238238096237183,-0.048927534371614456,0.39549553394317627,0.7667292952537537,-0.05618837848305702,0.3037364184856415,0.7632611393928528,-0.014922836795449257,0.29850584268569946,0.7425022721290588,-0.04677078127861023,0.27763044834136963,0.8197324872016907,-0.06291048973798752,0.26479852199554443,0.8803938627243042,-0.0650944784283638,0.2617188096046448,0.7397394776344299,-0.01306959055364132,0.26009660959243774,0.7268012762069702,-0.052476827055215836,0.24528595805168152,0.8201957941055298,-0.06639022380113602,0.23473094403743744,0.8834093809127808,-0.06536100804805756,0.22153116762638092,0.7311326265335083,-0.016615409404039383,0.2150498926639557,0.7155396342277527,-0.0566820353269577,0.2103574424982071,0.8017094135284424,-0.0631808340549469,0.2084711641073227,0.8628671765327454,-0.054462920874357224,0.18386536836624146,0.7306676506996155,-0.021470194682478905,0.1755642592906952,0.6380680799484253,-0.04170580953359604,0.16851496696472168,0.5798531770706177,-0.04529896378517151,0.16434036195278168,0.5218346118927002,-0.041664592921733856
Y,0.26818615198135376,0.7468100786209106,-3.7458900692399766e-07,0.31559503078460693,0.711008608341217,-0.006554488558322191,0.35331806540489197,0.6587395668029785,-0.011945417150855064,0.38621819019317627,0.6202524900436401,-0.020069926977157593,0.41473233699798584,0.6012609004974365,-0.028490817174315453,0.3200017213821411,0.5740811824798584,-0.00955214723944664,0.322573721408844,0.5671005249023438,-0.02319163829088211,0.3159981966018677,0.614133894443512,-0.033205997198820114,0.3093973398208618,0.6552866101264954,-0.037076715379953384,0.289871484041214,0.5647550225257874,-0.013197861611843109,0.2946152687072754,0.570959746837616,-0.02635861188173294,0.2925904095172882,0.6227390766143799,-0.034535106271505356,0.2898246943950653,0.6646326184272766,-0.03859913349151611,0.26203757524490356,0.5705711841583252,-0.017811767756938934,0.2656356394290924,0.5679305791854858,-0.03267114982008934,0.2681021988391876,0.6176732778549194,-0.03667605668306351,0.2693018317222595,0.6570897102355957,-0.03614320605993271,0.23599760234355927,0.5846670269966125,-0.02269609645009041,0.2204444706439972,0.5283131003379822,-0.03040594980120659,0.2106075882911682,0.4968913495540619,-0.03079468198120594,0.20352396368980408,0.47016823291778564,-0.029736582189798355
Y,0.286216139793396,0.5684953927993774,-2.3737575816085155e-07,0.32304975390434265,0.5492969155311584,-0.014167947694659233,0.35114336013793945,0.496878057718277,-0.021073859184980392,0.37574419379234314,0.4566188454627991,-0.029291091486811638,0.4012032747268677,0.43897587060928345,-0.036507707089185715,0.3244764804840088,0.42950648069381714,-0.005867457017302513,0.3256599009037018,0.4216707944869995,-0.02621084451675415,0.320573091506958,0.4691203832626343,-0.03806181624531746,0.31845784187316895,0.5057563781738281,-0.04078198969364166,0.2999759316444397,0.43111521005630493,-0.005999939516186714,0.30117470026016235,0.4217982590198517,-0.02914569526910782,0.3014216721057892,0.4756186604499817,-0.037031061947345734,0.3028814196586609,0.5117877721786499,-0.03556958585977554,0.27786386013031006,0.4375368058681488,-0.009423872455954552,0.27905020117759705,0.4250321686267853,-0.03185083344578743,0.28406548500061035,0.4756028950214386,-0.032568179070949554,0.2887987196445465,0.5110719799995422,-0.024824945256114006,0.25779470801353455,0.4478107690811157,-0.013919170945882797,0.2534964978694916,0.3982396721839905,-0.023251216858625412,0.2528904676437378,0.3790337145328522,-0.02115381509065628,0.25466853380203247,0.36315229535102844,-0.015645990148186684
Y,0.33543258905410767,0.5312101244926453,-4.902278760710033e-07,0.3950966000556946,0.5099948048591614,-0.01777762733399868,0.44255727529525757,0.4501519799232483,-0.028288355097174644,0.4807027578353882,0.40550702810287476,-0.039553236216306686,0.518633246421814,0.38960975408554077,-0.049106378108263016,0.4110240042209625,0.3058067858219147,-0.017856700345873833,0.4091038107872009,0.35296520590782166,-0.038863275200128555,0.4020199477672577,0.41732168197631836,-0.05339021980762482,0.39818766713142395,0.4554581642150879,-0.0599382109940052,0.3720146417617798,0.29454702138900757,-0.019669832661747932,0.37110909819602966,0.35422855615615845,-0.04024241864681244,0.3720472753047943,0.4210156202316284,-0.049421098083257675,0.3721669018268585,0.4631933867931366,-0.053513530641794205,0.3351321518421173,0.3109903335571289,-0.02398493140935898,0.3351559638977051,0.3463336229324341,-0.047834038734436035,0.341882586479187,0.41456881165504456,-0.05079038813710213,0.34620368480682373,0.46062803268432617,-0.047912757843732834,0.3025105893611908,0.34031975269317627,-0.02961035817861557,0.2883205711841583,0.29285740852355957,-0.043808065354824066,0.2784620225429535,0.2549118995666504,-0.04459049552679062,0.27026206254959106,0.21519102156162262,-0.04254722595214844
Y,0.4244339168071747,0.5792496204376221,-5.789310648651735e-07,0.4871835708618164,0.537680983543396,-0.027967432513833046,0.540113091468811,0.46190473437309265,-0.04397004842758179,0.5837184190750122,0.3986608684062958,-0.060930900275707245,0.6238373517990112,0.3650851845741272,-0.07383847236633301,0.4942808449268341,0.3394412398338318,-0.028665153309702873,0.4939294755458832,0.3210586607456207,-0.06386016309261322,0.48458394408226013,0.4048354923725128,-0.08102323859930038,0.4811708927154541,0.46187761425971985,-0.08521588891744614,0.44963768124580383,0.33053290843963623,-0.028072694316506386,0.4490247070789337,0.3310813903808594,-0.0678093433380127,0.44827231764793396,0.4273335933685303,-0.07763558626174927,0.45028361678123474,0.4847831726074219,-0.07678764313459396,0.4089004099369049,0.3406184911727905,-0.03257042542099953,0.4054962694644928,0.3276028633117676,-0.07221430540084839,0.4152024984359741,0.4158068895339966,-0.07394033670425415,0.42430996894836426,0.47867077589035034,-0.06480748951435089,0.37273597717285156,0.35910382866859436,-0.03915543109178543,0.34994393587112427,0.27451658248901367,-0.06161164492368698,0.33236876130104065,0.21486903727054596,-0.0661420151591301,0.3181198239326477,0.15298008918762207,-0.0648266077041626
Y,0.402861624956131,0.8954464793205261,-6.294220611380297e-07,0.46697336435317993,0.8493712544441223,-0.0199582576751709,0.518763542175293,0.7698274850845337,-0.03406516835093498,0.5618083477020264,0.7121897339820862,-0.05090576782822609,0.6066168546676636,0.6882778406143188,-0.06508699804544449,0.47881174087524414,0.6004366278648376,-0.020445441827178,0.474671334028244,0.6265249252319336,-0.05114417523145676,0.4688016176223755,0.7173520922660828,-0.06937385350465775,0.4687096178531647,0.7807469964027405,-0.07567790150642395,0.4286651015281677,0.5972915887832642,-0.024801338091492653,0.4271203577518463,0.6429781913757324,-0.06018877774477005,0.42961108684539795,0.7425170540809631,-0.07335690408945084,0.43195611238479614,0.8103688359260559,-0.0758964866399765,0.38313356041908264,0.6227317452430725,-0.032642852514982224,0.38052621483802795,0.6395548582077026,-0.06834932416677475,0.39133378863334656,0.7345009446144104,-0.07244513928890228,0.4007514715194702,0.8034864664077759,-0.06614694744348526,0.3439512252807617,0.6627551913261414,-0.04193904623389244,0.31915006041526794,0.5985717177391052,-0.0618048720061779,0.2990069091320038,0.5509804487228394,-0.06465189903974533,0.28154706954956055,0.4993129074573517,-0.062288548797369
Y,0.5605045557022095,0.7850198745727539,-5.668326821250957e-07,0.6356948614120483,0.7578463554382324,-0.019928276538848877,0.7010446786880493,0.6911762952804565,-0.03298313543200493,0.7587147951126099,0.6435712575912476,-0.04952501505613327,0.8093510866165161,0.6330556273460388,-0.06302850693464279,0.6573424339294434,0.5515286326408386,-0.012309003621339798,0.6756040453910828,0.5257119536399841,-0.04187549650669098,0.6580898761749268,0.6066172122955322,-0.05841006338596344,0.6447611451148987,0.6657264828681946,-0.06306226551532745,0.6157057285308838,0.5283660292625427,-0.015548842959105968,0.6341825127601624,0.5128282904624939,-0.04943767562508583,0.6214120388031006,0.6095447540283203,-0.06123143807053566,0.6115432977676392,0.6747726202011108,-0.06195852905511856,0.5755945444107056,0.5219108462333679,-0.023240961134433746,0.5905933380126953,0.49419569969177246,-0.05727186053991318,0.5878933668136597,0.5918545722961426,-0.05997736379504204,0.5843807458877563,0.6626777648925781,-0.05205019935965538,0.5378229022026062,0.5262490510940552,-0.03261542320251465,0.529265284538269,0.430653840303421,-0.0488203726708889,0.5223010182380676,0.36544811725616455,-0.0509476475417614,0.5182061791419983,0.2996826767921448,-0.04897303879261017
Y,0.6863447427749634,0.7217085361480713,-4.6024308630876476e-07,0.7497270107269287,0.7163100242614746,-0.016850754618644714,0.811242401599884,0.658920407295227,-0.02477719448506832,0.8634771704673767,0.6179943680763245,-0.03567799925804138,0.9058750867843628,0.5987169146537781,-0.043694332242012024,0.7828145623207092,0.5417704582214355,-0.006613231264054775,0.8128495812416077,0.5064171552658081,-0.03251313045620918,0.7946492433547974,0.5740238428115845,-0.04539931192994118,0.7767239809036255,0.6295025944709778,-0.04691840335726738,0.7501925826072693,0.5182864665985107,-0.009425816126167774,0.7785228490829468,0.49228808283805847,-0.0417959988117218,0.7644018530845642,0.5766962766647339,-0.05314674228429794,0.748534083366394,0.6382132768630981,-0.0521995946764946,0.7164425253868103,0.5024257898330688,-0.016841677948832512,0.73810213804245,0.47495168447494507,-0.04933896288275719,0.7343003749847412,0.5640286207199097,-0.053818557411432266,0.7261171936988831,0.6294307112693787,-0.04606610909104347,0.6837354302406311,0.49125513434410095,-0.02543337270617485,0.6888740658760071,0.3973264992237091,-0.04057944193482399,0.6941299438476562,0.3377819359302521,-0.04393318295478821,0.700273334980011,0.2802976071834564,-0.042640432715415955
Y,0.45756202936172485,0.6912492513656616,-5.160983391760965e-07,0.5197985768318176,0.6435959935188293,-0.021778974682092667,0.5669578909873962,0.5498136281967163,-0.031588438898324966,0.6033748984336853,0.4734078049659729,-0.04414980113506317,0.6393719911575317,0.42469149827957153,-0.05324239283800125,0.5224236845970154,0.4633869230747223,-0.00783358421176672,0.5264139771461487,0.4126518964767456,-0.04070908576250076,0.522765040397644,0.49293917417526245,-0.05802552029490471,0.5188806056976318,0.5539124608039856,-0.061362091451883316,0.48315778374671936,0.46152016520500183,-0.008947053924202919,0.4870653450489044,0.4195292294025421,-0.04686945676803589,0.4901390075683594,0.5134439468383789,-0.060412466526031494,0.4878155589103699,0.5769284963607788,-0.060308635234832764,0.44671013951301575,0.46827924251556396,-0.015697771683335304,0.44785213470458984,0.42309078574180603,-0.05358319729566574,0.45618271827697754,0.5116304159164429,-0.05698346346616745,0.4582471549510956,0.5754984617233276,-0.047566428780555725,0.41262686252593994,0.48037421703338623,-0.024014487862586975,0.3915368616580963,0.394098699092865,-0.042307063937187195,0.3809368312358856,0.34113022685050964,-0.045489177107810974,0.3711790442466736,0.2857217788696289,-0.04306390509009361
Y,0.3036556839942932,0.7529953718185425,-4.830210400541546e-07,0.3538739085197449,0.6926013231277466,-0.018118076026439667,0.38900241255760193,0.6076035499572754,-0.02766595594584942,0.420295387506485,0.5416872501373291,-0.03923473134636879,0.4497755169868469,0.498215913772583,-0.04981890320777893,0.3417566418647766,0.5075198411941528,-0.015523171983659267,0.33968299627304077,0.5014320015907288,-0.03936328738927841,0.34151625633239746,0.5597039461135864,-0.05547792464494705,0.34339213371276855,0.6097509264945984,-0.06124771013855934,0.3032812178134918,0.5138400793075562,-0.01733749359846115,0.3021462559700012,0.5237875580787659,-0.04235321655869484,0.3100060522556305,0.5901263356208801,-0.05586985498666763,0.31367364525794983,0.6443443894386292,-0.06144767254590988,0.2696976661682129,0.5370208621025085,-0.02228482998907566,0.2677799463272095,0.5360457301139832,-0.05057692155241966,0.28006985783576965,0.6003819108009338,-0.057840149849653244,0.28831952810287476,0.6539990305900574,-0.05585575848817825,0.2401919662952423,0.5689816474914551,-0.02835964784026146,0.20744025707244873,0.5005271434783936,-0.043951522558927536,0.18959781527519226,0.4524249732494354,-0.047309860587120056,0.17605388164520264,0.4082324802875519,-0.04689072445034981
Y,0.19841589033603668,0.6844300031661987,-5.046139222031343e-07,0.2432447075843811,0.6104851961135864,-0.02406790293753147,0.2663768231868744,0.5007103681564331,-0.03406311944127083,0.28847959637641907,0.40886619687080383,-0.04534083604812622,0.3088666796684265,0.3409676253795624,-0.05380721390247345,0.21006853878498077,0.4435811936855316,-0.0167369544506073,0.19637997448444366,0.41127660870552063,-0.04698449373245239,0.20396041870117188,0.4805638790130615,-0.06348006427288055,0.21500228345394135,0.5388706922531128,-0.06728219240903854,0.1707381159067154,0.4656738042831421,-0.015470423735678196,0.15912801027297974,0.4445391297340393,-0.051630899310112,0.17789682745933533,0.5242460370063782,-0.0649958997964859,0.19473257660865784,0.5833091139793396,-0.06616788357496262,0.13792367279529572,0.49470043182373047,-0.019144389778375626,0.1251031756401062,0.4710266590118408,-0.05324997752904892,0.14863114058971405,0.5363486409187317,-0.05820140615105629,0.17067158222198486,0.5898054242134094,-0.05191810056567192,0.10984819382429123,0.5288513898849487,-0.02474600076675415,0.07297186553478241,0.4701867401599884,-0.04192787781357765,0.04551447927951813,0.434235155582428,-0.04627050459384918,0.02211199700832367,0.39711517095565796,-0.04573829844594002
Y,0.3016767203807831,0.8146412968635559,-4.526014265593403e-07,0.3497823178768158,0.7605277895927429,-0.018458999693393707,0.3817726969718933,0.6713724732398987,-0.02784613147377968,0.4111465513706207,0.603152334690094,-0.039363641291856766,0.44048941135406494,0.5629892349243164,-0.048275094479322433,0.337415486574173,0.5873406529426575,-0.012252161279320717,0.33932873606681824,0.5607118606567383,-0.03835098445415497,0.3369276225566864,0.6292692422866821,-0.05197522044181824,0.33617138862609863,0.6808359026908875,-0.054976388812065125,0.30111250281333923,0.5926275253295898,-0.01314323116093874,0.30405178666114807,0.5720861554145813,-0.04462432488799095,0.3090009093284607,0.6532557606697083,-0.05463948845863342,0.31223195791244507,0.7123096585273743,-0.053818345069885254,0.2689440846443176,0.6081196665763855,-0.017997730523347855,0.26803576946258545,0.5777053833007812,-0.047437720000743866,0.2797981798648834,0.653473436832428,-0.049138765782117844,0.2890133559703827,0.7132249474525452,-0.041208356618881226,0.2406659722328186,0.6309033632278442,-0.024416547268629074,0.2161841094493866,0.5650157332420349,-0.0384167805314064,0.1994169056415558,0.5253114700317383,-0.04023957625031471,0.18559494614601135,0.4849317669868469,-0.03780834376811981
Y,0.3572944104671478,0.979309618473053,-5.284538246996817e-07,0.41943058371543884,0.9538280963897705,-0.02187943272292614,0.4748257100582123,0.8811846971511841,-0.034123171120882034,0.5213330984115601,0.8277896642684937,-0.0490611270070076,0.5685863494873047,0.8271846175193787,-0.060357715934515,0.4487820565700531,0.7419015765190125,-0.012130573391914368,0.44243568181991577,0.7351824045181274,-0.04320564866065979,0.42680037021636963,0.8179689645767212,-0.05841117724776268,0.4201849699020386,0.8746657967567444,-0.06065401807427406,0.4048782289028168,0.7265058755874634,-0.014047438278794289,0.39965420961380005,0.7371103167533875,-0.05222083255648613,0.3933544456958771,0.837145984172821,-0.06356100738048553,0.3900828957557678,0.8960111141204834,-0.06135283783078194,0.3634742498397827,0.729552149772644,-0.020612312480807304,0.35741937160491943,0.7194857001304626,-0.058434341102838516,0.35833123326301575,0.8174976706504822,-0.06093936413526535,0.3603764772415161,0.883764922618866,-0.050191480666399,0.3249753713607788,0.7415286302566528,-0.02867567166686058,0.31352663040161133,0.6558694839477539,-0.04567921534180641,0.3045971691608429,0.6016426682472229,-0.04575720056891441,0.2979458272457123,0.545872688293457,-0.04006919264793396
Y,0.34781622886657715,0.6278902292251587,-2.983725266858528e-07,0.4006670117378235,0.6034622192382812,-0.011017875745892525,0.4427034556865692,0.5563751459121704,-0.016708526760339737,0.4737700819969177,0.5160036087036133,-0.023904982954263687,0.5008313059806824,0.4989948272705078,-0.030823374167084694,0.4111829400062561,0.4720689654350281,-0.009160250425338745,0.4079844653606415,0.44656485319137573,-0.024641480296850204,0.4031447768211365,0.49298417568206787,-0.035860028117895126,0.40109795331954956,0.533231258392334,-0.03995366021990776,0.37981685996055603,0.4614548683166504,-0.009960073977708817,0.37920957803726196,0.4459937512874603,-0.025644412264227867,0.37736034393310547,0.4989655613899231,-0.0343337208032608,0.37637314200401306,0.5413467884063721,-0.0374915674328804,0.3523547947406769,0.463980495929718,-0.012531260028481483,0.3505098819732666,0.4461941719055176,-0.0286856722086668,0.3521491289138794,0.4928036034107208,-0.03198985755443573,0.3543369174003601,0.5322344303131104,-0.029975509271025658,0.32830631732940674,0.4731367230415344,-0.015905549749732018,0.31469640135765076,0.40919190645217896,-0.024578362703323364,0.3072396218776703,0.367603600025177,-0.02580835111439228,0.30393922328948975,0.3305851221084595,-0.024757374078035355
Y,0.5002625584602356,0.4600302577018738,-3.8480328612422454e-07,0.5498647689819336,0.46531546115875244,-0.023405762389302254,0.5966055989265442,0.43167027831077576,-0.03414451703429222,0.6355147957801819,0.40136393904685974,-0.04510264843702316,0.6703707575798035,0.39632663130760193,-0.05302949994802475,0.5895690321922302,0.3263774514198303,-0.017192242667078972,0.5766948461532593,0.2944629192352295,-0.04217571020126343,0.5560559630393982,0.34657496213912964,-0.055005788803100586,0.5482876300811768,0.38885360956192017,-0.05800273269414902,0.5585083961486816,0.2984231114387512,-0.014913709834218025,0.5489023923873901,0.2796604335308075,-0.046058546751737595,0.5335803031921387,0.3468543589115143,-0.05635088309645653,0.5268120765686035,0.39340946078300476,-0.05621495470404625,0.5286060571670532,0.2843209207057953,-0.016653379425406456,0.522454023361206,0.2576737403869629,-0.04741373658180237,0.5150281190872192,0.3220996856689453,-0.05141601338982582,0.5135083794593811,0.37476369738578796,-0.0449625626206398,0.5002768635749817,0.27715471386909485,-0.02013060823082924,0.49971115589141846,0.20865769684314728,-0.03652828186750412,0.4959506392478943,0.16116663813591003,-0.04053116217255592,0.49549350142478943,0.11679549515247345,-0.03917646035552025
Y,0.5472148060798645,0.533602774143219,-4.5521775859924674e-07,0.6041389107704163,0.5562545657157898,-0.017481863498687744,0.6629422307014465,0.5345118641853333,-0.026115847751498222,0.7110973596572876,0.5197077393531799,-0.035566993057727814,0.7473479509353638,0.5241751074790955,-0.042220551520586014,0.6546733379364014,0.40056443214416504,-0.01562943495810032,0.6626008152961731,0.4116065204143524,-0.03405851870775223,0.641480028629303,0.46689674258232117,-0.0419902540743351,0.6250938773155212,0.49508243799209595,-0.04322043061256409,0.6270474195480347,0.3683268427848816,-0.016654115170240402,0.6327097415924072,0.3898836374282837,-0.03743385896086693,0.6142604947090149,0.45833855867385864,-0.04325008764863014,0.6017134189605713,0.48981061577796936,-0.04358835890889168,0.5970607995986938,0.35525965690612793,-0.020437000319361687,0.6036076545715332,0.36201244592666626,-0.04467139393091202,0.5901895761489868,0.4333213269710541,-0.04443475976586342,0.5788822770118713,0.47212156653404236,-0.03814311325550079,0.5674229264259338,0.350299209356308,-0.02536991611123085,0.5750998258590698,0.2810763120651245,-0.03845604881644249,0.5816012024879456,0.2382868379354477,-0.03789198398590088,0.5887495279312134,0.19272920489311218,-0.034852784126996994
Y,0.648781955242157,0.5264117121696472,-4.619819549134263e-07,0.7043195366859436,0.552366316318512,-0.013999918475747108,0.7636063694953918,0.5349836349487305,-0.02041839063167572,0.813922643661499,0.5262353420257568,-0.028543934226036072,0.8484675288200378,0.5364435911178589,-0.033891864120960236,0.7570273876190186,0.4228117763996124,-0.011505050584673882,0.7817199230194092,0.4115360975265503,-0.030681733042001724,0.7532398104667664,0.4585976302623749,-0.037903476506471634,0.7304360270500183,0.48616689443588257,-0.03779743239283562,0.7341206073760986,0.38702717423439026,-0.013267413713037968,0.7555787563323975,0.3844032883644104,-0.03767377510666847,0.7266678214073181,0.44985324144363403,-0.043490320444107056,0.7058082818984985,0.4833492338657379,-0.04150162264704704,0.7097042202949524,0.3618244528770447,-0.018010666593909264,0.7289902567863464,0.35250920057296753,-0.04282710701227188,0.7087928056716919,0.42236125469207764,-0.04228559136390686,0.6908627152442932,0.4632125496864319,-0.03451484069228172,0.6842862963676453,0.34247881174087524,-0.02372143045067787,0.6995790004730225,0.26725155115127563,-0.03578849509358406,0.7107536196708679,0.2250308245420456,-0.03646186739206314,0.7231825590133667,0.1819685995578766,-0.03429208695888519
Y,0.3709048628807068,0.78509122133255,-4.807463369616016e-07,0.4289635419845581,0.757168173789978,-0.018752260133624077,0.476332426071167,0.6917915344238281,-0.028376374393701553,0.5162148475646973,0.6391246318817139,-0.0390850305557251,0.5520405173301697,0.6200814247131348,-0.047121819108724594,0.4413606822490692,0.5871726274490356,-0.016499295830726624,0.4473555088043213,0.5652442574501038,-0.041433185338974,0.4362330436706543,0.6341187357902527,-0.05469944328069687,0.42965272068977356,0.6847343444824219,-0.0585043802857399,0.40422338247299194,0.5758565068244934,-0.016991479322314262,0.40881097316741943,0.556910514831543,-0.0454280786216259,0.4041350185871124,0.6374028921127319,-0.053313713520765305,0.4001379609107971,0.6910232305526733,-0.0528644435107708,0.3703572154045105,0.5797575116157532,-0.021297140046954155,0.3714362382888794,0.563418984413147,-0.04994538053870201,0.3736008107662201,0.6360251307487488,-0.05216918885707855,0.3732104003429413,0.6870009303092957,-0.04611474648118019,0.34101206064224243,0.5928168892860413,-0.026896752417087555,0.3254736363887787,0.5186706185340881,-0.04223732277750969,0.31546491384506226,0.4710150957107544,-0.045333731919527054,0.3066403567790985,0.42283692955970764,-0.04466129094362259
Y,0.2746722400188446,0.7075513601303101,-4.447568073828734e-07,0.3234788775444031,0.6613556146621704,-0.018376000225543976,0.358328640460968,0.580187976360321,-0.026834789663553238,0.3900870382785797,0.5150091648101807,-0.03676721081137657,0.42025434970855713,0.4728190004825592,-0.04373167082667351,0.3179013431072235,0.5157619714736938,-0.012633769772946835,0.3153405487537384,0.47295325994491577,-0.03682692348957062,0.3146194815635681,0.5377364754676819,-0.04894331842660904,0.31641778349876404,0.5836079120635986,-0.05197744816541672,0.2831333875656128,0.5162386894226074,-0.012864221818745136,0.28118664026260376,0.48511770367622375,-0.04224292188882828,0.2879445552825928,0.5616738796234131,-0.05085345730185509,0.29235008358955383,0.6113248467445374,-0.05048096925020218,0.2523964047431946,0.5258459448814392,-0.0171614158898592,0.24703818559646606,0.4880094528198242,-0.045028481632471085,0.25963786244392395,0.5566573739051819,-0.04620526358485222,0.2693656384944916,0.6072440147399902,-0.03944304585456848,0.225315660238266,0.5417000651359558,-0.023143338039517403,0.20281986892223358,0.47772061824798584,-0.03802641108632088,0.18641802668571472,0.4387509524822235,-0.041825197637081146,0.17165811359882355,0.3961641788482666,-0.041824616491794586
Y,0.24513162672519684,0.8128456473350525,-6.400663323802291e-07,0.30192577838897705,0.7700508236885071,-0.027189237996935844,0.33921563625335693,0.6933952569961548,-0.04299483820796013,0.3735227584838867,0.6281336545944214,-0.05811252444982529,0.4108647108078003,0.5823536515235901,-0.07086318731307983,0.29943326115608215,0.5556369423866272,-0.03740309551358223,0.2840535044670105,0.5946862697601318,-0.06721033155918121,0.27690640091896057,0.6656429171562195,-0.08377174288034439,0.2763761878013611,0.7229123115539551,-0.0894731730222702,0.25185996294021606,0.5544424653053284,-0.036153584718704224,0.24036602675914764,0.6142789125442505,-0.06715872138738632,0.24613232910633087,0.6934170722961426,-0.07838310301303864,0.25184181332588196,0.7503272891044617,-0.08221783488988876,0.2107468694448471,0.58489990234375,-0.037847425788640976,0.19972997903823853,0.6240338087081909,-0.07116730511188507,0.21478408575057983,0.6997189521789551,-0.077773317694664,0.22859956324100494,0.7564230561256409,-0.07568367570638657,0.17686644196510315,0.629056453704834,-0.04109597206115723,0.14260023832321167,0.5880645513534546,-0.06366889923810959,0.11305563151836395,0.5610670447349548,-0.0700620636343956,0.08561821281909943,0.5301893949508667,-0.07107755541801453
Y,0.3111504912376404,0.7130266427993774,-4.986307544641022e-07,0.3689892590045929,0.6831879615783691,-0.019548766314983368,0.4148644506931305,0.6046316027641296,-0.027759883552789688,0.45329076051712036,0.5396907925605774,-0.03782838210463524,0.4886435866355896,0.5043767690658569,-0.044271670281887054,0.3826836943626404,0.511624276638031,-0.013146148063242435,0.3842323422431946,0.4715515971183777,-0.042572010308504105,0.37326085567474365,0.5493749380111694,-0.056018147617578506,0.36930179595947266,0.6058589816093445,-0.05763569846749306,0.34319615364074707,0.5001767873764038,-0.013553891330957413,0.346720814704895,0.46898651123046875,-0.04949351027607918,0.34194979071617126,0.5615810751914978,-0.058448292315006256,0.3401617109775543,0.6221036911010742,-0.055564071983098984,0.3064102828502655,0.498146116733551,-0.01856023073196411,0.3072458505630493,0.4540221095085144,-0.052766814827919006,0.3097143769264221,0.542999804019928,-0.05258679762482643,0.3130412697792053,0.6084865927696228,-0.041795238852500916,0.2728717625141144,0.5032601952552795,-0.02515856735408306,0.2598188519477844,0.4165051579475403,-0.04257272928953171,0.24994707107543945,0.3633802533149719,-0.045218974351882935,0.24316714704036713,0.3089905083179474,-0.04254203662276268
Y,0.3605598509311676,0.6291767954826355,-4.937887752021197e-07,0.4203455150127411,0.6005777716636658,-0.0159587599337101,0.4697529673576355,0.5202673673629761,-0.02265939489006996,0.5108755826950073,0.46084555983543396,-0.032201290130615234,0.5475891828536987,0.4416167140007019,-0.03947531431913376,0.4353591203689575,0.4258701801300049,-0.007865260355174541,0.43952932953834534,0.387925922870636,-0.03360497206449509,0.4268749952316284,0.45880842208862305,-0.04762116074562073,0.4197136163711548,0.5125882625579834,-0.050583746284246445,0.39708250761032104,0.41246330738067627,-0.00967008713632822,0.4017737805843353,0.3776671886444092,-0.04107886925339699,0.39513713121414185,0.4621276259422302,-0.051937755197286606,0.39035749435424805,0.5252936482429504,-0.051212113350629807,0.3614940941333771,0.4075486660003662,-0.015358476899564266,0.3646066188812256,0.3678683638572693,-0.04453139752149582,0.36476901173591614,0.4476466476917267,-0.04713936522603035,0.3639126121997833,0.5113091468811035,-0.0393807478249073,0.32821905612945557,0.40954867005348206,-0.0224778912961483,0.31464165449142456,0.3211769163608551,-0.03534817695617676,0.30680739879608154,0.26561254262924194,-0.03759419173002243,0.3023107349872589,0.21612247824668884,-0.035616081207990646
Y,0.3667086958885193,0.7174373865127563,-6.03417845468357e-07,0.43136468529701233,0.6778011322021484,-0.02483663521707058,0.4861416816711426,0.5920502543449402,-0.03907926753163338,0.5366406440734863,0.5313044190406799,-0.05540619045495987,0.5821278095245361,0.5085859298706055,-0.0685255154967308,0.4459230601787567,0.47656765580177307,-0.020959125831723213,0.4484809339046478,0.45516639947891235,-0.057033367455005646,0.4339141547679901,0.5382551550865173,-0.07765480875968933,0.4267435371875763,0.6029764413833618,-0.08358065783977509,0.3995811641216278,0.466333270072937,-0.022273754701018333,0.40166163444519043,0.45679330825805664,-0.06148676574230194,0.3973734974861145,0.5534712672233582,-0.07419265061616898,0.3958848714828491,0.6203656196594238,-0.07460679858922958,0.35733237862586975,0.4733007252216339,-0.028728649020195007,0.3567180335521698,0.45665788650512695,-0.06599447876214981,0.36144500970840454,0.5465158224105835,-0.06881476938724518,0.36548835039138794,0.6146372556686401,-0.06024720519781113,0.3204370439052582,0.49042344093322754,-0.03732310235500336,0.29782310128211975,0.4024951457977295,-0.05517376586794853,0.28316906094551086,0.3442290127277374,-0.057591091841459274,0.2724207937717438,0.286832720041275,-0.05525774881243706
Y,0.3226900100708008,0.8674601912498474,-6.425134984056058e-07,0.3921063542366028,0.8278184533119202,-0.023267433047294617,0.44705572724342346,0.7520761489868164,-0.03741593658924103,0.49108582735061646,0.6932166814804077,-0.05265320837497711,0.5383481979370117,0.67179936170578,-0.06595617532730103,0.4081583619117737,0.5979625582695007,-0.026970548555254936,0.3973379135131836,0.6227883696556091,-0.05461989343166351,0.3835809826850891,0.7034879922866821,-0.0706867128610611,0.3779115676879883,0.7637711763381958,-0.07634726166725159,0.3571746349334717,0.5870567560195923,-0.028802845627069473,0.35208597779273987,0.6107500791549683,-0.061038557440042496,0.34668099880218506,0.702140748500824,-0.07375416159629822,0.34379518032073975,0.7724490165710449,-0.0767403393983841,0.31135934591293335,0.6037989854812622,-0.03343038260936737,0.30757543444633484,0.6153063178062439,-0.06655093282461166,0.3123054504394531,0.7026962637901306,-0.07225408405065536,0.31667768955230713,0.769394040107727,-0.06804805248975754,0.27209770679473877,0.6349713206291199,-0.03945863991975784,0.24552646279335022,0.5647132992744446,-0.0574837327003479,0.225835919380188,0.5209676027297974,-0.05991895869374275,0.20883376896381378,0.47579455375671387,-0.058090176433324814
Y,0.33590590953826904,0.8470397591590881,-5.001056138098647e-07,0.3965023159980774,0.8165053129196167,-0.016355426982045174,0.44962453842163086,0.7365342974662781,-0.02341916598379612,0.4920288622379303,0.6715589761734009,-0.032866060733795166,0.5289402604103088,0.6391463279724121,-0.03933416306972504,0.41486531496047974,0.6389917731285095,-0.009300889447331429,0.4207838773727417,0.5921392440795898,-0.03490399196743965,0.4072442054748535,0.6643649935722351,-0.04690735414624214,0.3995199203491211,0.7217811346054077,-0.048124585300683975,0.3773100972175598,0.6256507635116577,-0.0111662857234478,0.3813881278038025,0.5841326117515564,-0.04462314397096634,0.3761921525001526,0.6721773743629456,-0.05491913855075836,0.37160688638687134,0.7375266551971436,-0.053035855293273926,0.34249594807624817,0.6212941408157349,-0.01694072224199772,0.3429924249649048,0.5761427879333496,-0.047216080129146576,0.3458661139011383,0.6621491312980652,-0.048529163002967834,0.34698590636253357,0.727741003036499,-0.039525795727968216,0.31004998087882996,0.6234133839607239,-0.02413867972791195,0.298819899559021,0.5360701084136963,-0.037255384027957916,0.2930198609828949,0.4808836579322815,-0.038976311683654785,0.28854918479919434,0.4265751242637634,-0.036587681621313095
Y,0.335379958152771,0.8096662759780884,-4.15429468603179e-07,0.3906673192977905,0.784294605255127,-0.012295759283006191,0.4379117488861084,0.7167224884033203,-0.016794078052043915,0.47372087836265564,0.657971978187561,-0.024174239486455917,0.5036088824272156,0.6274588704109192,-0.029408864676952362,0.4034869372844696,0.6279028654098511,-0.0015236103208735585,0.40496599674224854,0.5794457197189331,-0.022619333118200302,0.39620834589004517,0.6425137519836426,-0.033214692026376724,0.3919178247451782,0.6925039291381836,-0.034317269921302795,0.36980387568473816,0.6210192441940308,-0.00441762525588274,0.3722743093967438,0.5726550221443176,-0.03360162302851677,0.3700581192970276,0.6493799090385437,-0.044276222586631775,0.36732766032218933,0.7085813283920288,-0.04303603991866112,0.33838099241256714,0.6194153428077698,-0.01064261794090271,0.3382713794708252,0.5723210573196411,-0.037098273634910583,0.3417503237724304,0.6453429460525513,-0.038788799196481705,0.34304797649383545,0.7004604339599609,-0.030694851651787758,0.3091631233692169,0.6204179525375366,-0.018004756420850754,0.29985401034355164,0.5436040163040161,-0.028844982385635376,0.29615092277526855,0.49595212936401367,-0.02920077182352543,0.2930430471897125,0.44766831398010254,-0.026016563177108765
Z,0.1886393427848816,0.7535749673843384,-1.3167693602156305e-08,0.24171605706214905,0.7301731109619141,-0.032206013798713684,0.28630542755126953,0.6596379280090332,-0.046817030757665634,0.2798711061477661,0.5772413611412048,-0.05943222716450691,0.2503475844860077,0.5212985277175903,-0.07138793915510178,0.28866124153137207,0.5074467658996582,-0.018584316596388817,0.2882485091686249,0.4269005358219147,-0.04302297905087471,0.2772541046142578,0.36160752177238464,-0.060370516031980515,0.26744750142097473,0.3019934296607971,-0.07251661270856857,0.24694576859474182,0.4939574897289276,-0.017715875059366226,0.24872228503227234,0.4345036447048187,-0.05853268504142761,0.2416955679655075,0.5105403661727905,-0.07445908337831497,0.23850464820861816,0.5761821866035461,-0.07434120029211044,0.2059471756219864,0.5027896165847778,-0.020483532920479774,0.20560787618160248,0.48157694935798645,-0.06634197384119034,0.2057039439678192,0.5801950693130493,-0.06714444607496262,0.20759166777133942,0.6498140096664429,-0.053737010806798935,0.16513273119926453,0.526888906955719,-0.025373931974172592,0.17140696942806244,0.5098164081573486,-0.06032120808959007,0.17825350165367126,0.5858721137046814,-0.05918252840638161,0.18532320857048035,0.6403332352638245,-0.048555415123701096
Z,0.3464629650115967,0.7042540311813354,6.121434381611834e-08,0.3987843096256256,0.7045350074768066,-0.024128654971718788,0.4530971646308899,0.6599757671356201,-0.03764323145151138,0.4772356152534485,0.588044285774231,-0.051318954676389694,0.45986706018447876,0.5260990858078003,-0.06525785475969315,0.4531714618206024,0.5212519764900208,-0.021358804777264595,0.48523828387260437,0.4341273903846741,-0.043587904423475266,0.49903932213783264,0.37640076875686646,-0.057175107300281525,0.5116609334945679,0.3211416006088257,-0.0668155774474144,0.42103254795074463,0.4931064546108246,-0.02350837178528309,0.4502326250076294,0.45382779836654663,-0.06425289809703827,0.438560426235199,0.5415838360786438,-0.07514940947294235,0.4246350824832916,0.6077169179916382,-0.07268758863210678,0.3844616413116455,0.4810839295387268,-0.028015946969389915,0.41181960701942444,0.4542207717895508,-0.06816837191581726,0.40295180678367615,0.5462905168533325,-0.06252673268318176,0.3909647464752197,0.6115809679031372,-0.04745406284928322,0.34372299909591675,0.48032689094543457,-0.03439006581902504,0.3690381646156311,0.46554064750671387,-0.06290396302938461,0.3730790913105011,0.5343767404556274,-0.05844569578766823,0.3687054514884949,0.586296796798706,-0.04759838432073593
Z,0.21214526891708374,0.8555476665496826,-1.6403367908424116e-07,0.26225370168685913,0.8638988137245178,-0.02151159755885601,0.31806352734565735,0.8354073762893677,-0.03411825746297836,0.316017746925354,0.769909679889679,-0.04515055567026138,0.2859543263912201,0.7172690629959106,-0.05590294674038887,0.3304273784160614,0.6912863850593567,-0.027804479002952576,0.3395763635635376,0.6303128004074097,-0.054392341524362564,0.33314812183380127,0.5772362947463989,-0.07213222980499268,0.32484549283981323,0.5246764421463013,-0.08330000191926956,0.295757532119751,0.6367660164833069,-0.028793705627322197,0.2814120650291443,0.6626642942428589,-0.06009221822023392,0.26533472537994385,0.7492520809173584,-0.06708981841802597,0.2606062889099121,0.8011755347251892,-0.06575145572423935,0.256154328584671,0.6138405799865723,-0.03211069107055664,0.239445298910141,0.6625469326972961,-0.06082078441977501,0.23066790401935577,0.7422076463699341,-0.05362045764923096,0.23123425245285034,0.7857760190963745,-0.042425189167261124,0.21500802040100098,0.6084016561508179,-0.03788953647017479,0.20636796951293945,0.6548433303833008,-0.05549297854304314,0.20408906042575836,0.7231220006942749,-0.04799583926796913,0.2074601799249649,0.7569084167480469,-0.03755225986242294
Z,0.313752144575119,0.8420355916023254,-3.455432917576218e-08,0.36374688148498535,0.855506420135498,-0.016714414581656456,0.4164375066757202,0.8357247710227966,-0.028474364429712296,0.43664029240608215,0.7812974452972412,-0.04102740436792374,0.41929903626441956,0.7293434143066406,-0.05417279526591301,0.43767499923706055,0.6795855760574341,-0.015188725665211678,0.46122974157333374,0.6336111426353455,-0.034023869782686234,0.47234246134757996,0.5935757160186768,-0.048044200986623764,0.4820401668548584,0.5540329217910767,-0.05808549001812935,0.40531888604164124,0.6308802962303162,-0.019388185814023018,0.41302114725112915,0.644497811794281,-0.048437681049108505,0.3924795985221863,0.7257257103919983,-0.05810382962226868,0.3765740990638733,0.7801014184951782,-0.058055438101291656,0.3660281002521515,0.613261878490448,-0.025145672261714935,0.37118011713027954,0.6447318196296692,-0.05473107844591141,0.3584684431552887,0.7255590558052063,-0.052060142159461975,0.34806570410728455,0.7789294719696045,-0.04254358261823654,0.32342529296875,0.6153645515441895,-0.03239334374666214,0.3296371400356293,0.640299379825592,-0.05394982546567917,0.33088409900665283,0.7094467878341675,-0.050493769347667694,0.3306082785129547,0.758601188659668,-0.041763316839933395
Z,0.22490620613098145,0.6959974765777588,4.877026071881119e-08,0.27679747343063354,0.6757444143295288,-0.03470557928085327,0.31863999366760254,0.611210823059082,-0.05099190026521683,0.30641573667526245,0.5275618433952332,-0.06369118392467499,0.277753621339798,0.4663209915161133,-0.07579220831394196,0.32605913281440735,0.45495957136154175,-0.02214651182293892,0.3239942193031311,0.3844083547592163,-0.04519660398364067,0.3151615858078003,0.3227059245109558,-0.06345076113939285,0.308017373085022,0.26537448167800903,-0.07727739214897156,0.28212904930114746,0.4352427124977112,-0.019981471821665764,0.28108108043670654,0.36183518171310425,-0.05483270063996315,0.2751781940460205,0.42581403255462646,-0.06947935372591019,0.27342262864112854,0.4791003465652466,-0.07138568162918091,0.24018855392932892,0.4426776170730591,-0.021462948992848396,0.23629546165466309,0.4062178134918213,-0.061380546540021896,0.23710234463214874,0.498464435338974,-0.05996125936508179,0.23946818709373474,0.5618158578872681,-0.04826650395989418,0.19864821434020996,0.4696058928966522,-0.025462573394179344,0.19991466403007507,0.44275617599487305,-0.05757792294025421,0.2085302770137787,0.5144280791282654,-0.05510779470205307,0.21572376787662506,0.5640362501144409,-0.045390401035547256
Z,0.36553657054901123,0.6726081967353821,9.385072274881168e-09,0.41739705204963684,0.6734246611595154,-0.017646363005042076,0.47322744131088257,0.6309481263160706,-0.02769826352596283,0.49571216106414795,0.5619478225708008,-0.038806844502687454,0.4726600646972656,0.5046162009239197,-0.051257871091365814,0.47399115562438965,0.5013479590415955,-0.017941882833838463,0.5045554041862488,0.41733092069625854,-0.037160541862249374,0.5185847878456116,0.3608945608139038,-0.04975765570998192,0.5303928256034851,0.3076016306877136,-0.05905270576477051,0.44087469577789307,0.4756746292114258,-0.022134723141789436,0.4645029306411743,0.42985987663269043,-0.05654872581362724,0.45308369398117065,0.5117056965827942,-0.06622821092605591,0.43979376554489136,0.5763365626335144,-0.06487589329481125,0.40320542454719543,0.4673103094100952,-0.02769533358514309,0.4256773293018341,0.4302918314933777,-0.062256962060928345,0.4172554314136505,0.5154978632926941,-0.05653345212340355,0.4044470191001892,0.5797184109687805,-0.04322971776127815,0.360790491104126,0.4699428677558899,-0.03447141498327255,0.38110122084617615,0.43204256892204285,-0.05911692976951599,0.3867664039134979,0.494127094745636,-0.053180575370788574,0.3834419250488281,0.5495539307594299,-0.04243265464901924
Z,0.19410990178585052,0.8783600926399231,-6.700031462969491e-08,0.24208319187164307,0.9012361764907837,-0.031069627031683922,0.29872071743011475,0.8795886039733887,-0.04865015670657158,0.2834264934062958,0.8151508569717407,-0.06269213557243347,0.24652671813964844,0.7658827304840088,-0.07623376697301865,0.3051099181175232,0.7320402264595032,-0.026394469663500786,0.3092039227485657,0.6725723147392273,-0.051489632576704025,0.29629018902778625,0.6197122931480408,-0.06917382031679153,0.2799622714519501,0.5713599324226379,-0.0805647224187851,0.26194846630096436,0.6891425848007202,-0.024333259090781212,0.26645198464393616,0.6719839572906494,-0.059150341898202896,0.248465895652771,0.7655091881752014,-0.06998269259929657,0.23706752061843872,0.8272247910499573,-0.0683252140879631,0.22163978219032288,0.6711304187774658,-0.025305315852165222,0.22325360774993896,0.6576485633850098,-0.05760641023516655,0.20953160524368286,0.7408180236816406,-0.04975436255335808,0.20339061319828033,0.7891344428062439,-0.035418130457401276,0.18309877812862396,0.669636070728302,-0.028677163645625114,0.1880244016647339,0.6522558927536011,-0.04846683144569397,0.18232080340385437,0.7170723676681519,-0.036759153008461,0.17966867983341217,0.7541577219963074,-0.02197079360485077
Z,0.3089798390865326,0.8641942739486694,5.762822397059608e-08,0.35785335302352905,0.8876218795776367,-0.01943371444940567,0.41548335552215576,0.8727023601531982,-0.031609393656253815,0.4340154230594635,0.8160178661346436,-0.04432106018066406,0.4103763699531555,0.7620865106582642,-0.057854779064655304,0.4358566105365753,0.7122122645378113,-0.014145723544061184,0.45783907175064087,0.6640500426292419,-0.035682886838912964,0.4669854938983917,0.621849000453949,-0.0525607168674469,0.4748079478740692,0.581618070602417,-0.06443309783935547,0.3988353908061981,0.6658563613891602,-0.019276650622487068,0.4078983664512634,0.6353815793991089,-0.049245432019233704,0.3935554325580597,0.7042078971862793,-0.061415545642375946,0.38552573323249817,0.7586710453033447,-0.06337355822324753,0.35701292753219604,0.6467459201812744,-0.026537565514445305,0.36272138357162476,0.6525278091430664,-0.057297516614198685,0.35066863894462585,0.7300122380256653,-0.05426960811018944,0.3427574932575226,0.7813388109207153,-0.04472798481583595,0.31260353326797485,0.6486690640449524,-0.035605479031801224,0.317081093788147,0.6540226936340332,-0.0559101402759552,0.3166031539440155,0.7192434072494507,-0.049653757363557816,0.31681710481643677,0.7661877870559692,-0.039877161383628845
Z,0.19918327033519745,0.7241768836975098,1.0846943609976734e-07,0.25568535923957825,0.7100430130958557,-0.0400809682905674,0.3004038333892822,0.6540032625198364,-0.05840075761079788,0.2855226397514343,0.5727666020393372,-0.07245799899101257,0.2581794857978821,0.5096814632415771,-0.08511652052402496,0.3125993609428406,0.49791407585144043,-0.027572454884648323,0.3092515170574188,0.4302869141101837,-0.05658511072397232,0.2974873483181,0.370135635137558,-0.07712797820568085,0.2866992652416229,0.3091663122177124,-0.09135593473911285,0.2696046233177185,0.46686670184135437,-0.023785855621099472,0.2710372805595398,0.41496551036834717,-0.06182913854718208,0.26134127378463745,0.4562208950519562,-0.07743583619594574,0.2572629153728485,0.47696200013160706,-0.08003179728984833,0.22772836685180664,0.4633709788322449,-0.024874357506632805,0.22085855901241302,0.45783865451812744,-0.0717572271823883,0.21648171544075012,0.5569193959236145,-0.07222315669059753,0.2193859964609146,0.614268958568573,-0.05975284427404404,0.185884028673172,0.4781092405319214,-0.02895907126367092,0.18680594861507416,0.481688916683197,-0.06552231311798096,0.18960945308208466,0.5604298114776611,-0.06496784090995789,0.1968730092048645,0.6037577390670776,-0.05541231855750084
Z,0.34211885929107666,0.6854386329650879,-2.6515925455328215e-08,0.3946499526500702,0.6985085010528564,-0.018193479627370834,0.45627540349960327,0.6543330550193787,-0.02711731567978859,0.47787532210350037,0.5778741240501404,-0.03637057542800903,0.45216310024261475,0.5202234387397766,-0.04714584723114967,0.46005213260650635,0.5164873600006104,-0.018397456035017967,0.4886050820350647,0.4348177909851074,-0.036326874047517776,0.49933311343193054,0.37498852610588074,-0.049258723855018616,0.5077229738235474,0.3176746368408203,-0.05950939655303955,0.42433395981788635,0.48820167779922485,-0.0218324176967144,0.4453626871109009,0.4524919390678406,-0.05502808839082718,0.4328899085521698,0.5351925492286682,-0.06588347256183624,0.4184948205947876,0.5930972099304199,-0.06593044847249985,0.38505229353904724,0.47937458753585815,-0.026179110631346703,0.4020363688468933,0.4483434557914734,-0.06070300191640854,0.39376533031463623,0.5363966822624207,-0.05549737066030502,0.38155147433280945,0.594678521156311,-0.04325225576758385,0.3414486050605774,0.4825774133205414,-0.031584903597831726,0.3618810176849365,0.4542061686515808,-0.05776958167552948,0.36479780077934265,0.5253046751022339,-0.05146116763353348,0.3594965934753418,0.5778703689575195,-0.040465835481882095
Z,0.19174450635910034,0.8580267429351807,-8.831797515540529e-08,0.24312226474285126,0.8739976286888123,-0.032629258930683136,0.298717200756073,0.8596881031990051,-0.05129002407193184,0.2864148020744324,0.7978507876396179,-0.0661398395895958,0.25102367997169495,0.7509128451347351,-0.07886861264705658,0.32161441445350647,0.700156569480896,-0.02894909493625164,0.3208209276199341,0.6439571976661682,-0.060087643563747406,0.30746498703956604,0.5991460084915161,-0.08006943762302399,0.29264402389526367,0.5560591220855713,-0.09171941131353378,0.2889538109302521,0.6426131129264832,-0.025258174166083336,0.2552606463432312,0.6728169918060303,-0.06118717044591904,0.238366961479187,0.7685509324073792,-0.0695153996348381,0.2414940744638443,0.8152697086334229,-0.06716562062501907,0.2498875856399536,0.6145054697990417,-0.02606896497309208,0.21477359533309937,0.6682646870613098,-0.06158846616744995,0.2061939388513565,0.7552465796470642,-0.05669575184583664,0.21503132581710815,0.7907271385192871,-0.04477745294570923,0.20847907662391663,0.6018935441970825,-0.03009764663875103,0.18677714467048645,0.6475332975387573,-0.0535503514111042,0.18372070789337158,0.7228467464447021,-0.04823646694421768,0.1932137906551361,0.7535106539726257,-0.03750558942556381
Z,0.3184378445148468,0.8110214471817017,-5.808037784049702e-08,0.370349645614624,0.8291648626327515,-0.01780720241367817,0.42756420373916626,0.8042176365852356,-0.027753373607993126,0.4499448537826538,0.744204044342041,-0.03819002956151962,0.43120238184928894,0.6908009052276611,-0.04949532821774483,0.44742852449417114,0.6536290049552917,-0.01485427375882864,0.4731266498565674,0.599783718585968,-0.033477865159511566,0.4849123954772949,0.5548291802406311,-0.046279821544885635,0.4953863024711609,0.5115492343902588,-0.05521354824304581,0.4143936038017273,0.6016328930854797,-0.018018169328570366,0.4209625720977783,0.6045662760734558,-0.04833637550473213,0.39893659949302673,0.6866074800491333,-0.057013291865587234,0.3829479515552521,0.7439581751823425,-0.05522109195590019,0.3745032846927643,0.5798531174659729,-0.022984717041254044,0.37801021337509155,0.6094270348548889,-0.05424875766038895,0.36233749985694885,0.6889607906341553,-0.05095897987484932,0.3510698080062866,0.7404876947402954,-0.03995925560593605,0.3306841552257538,0.575987696647644,-0.029411282390356064,0.33445584774017334,0.5937566161155701,-0.050825364887714386,0.3338918089866638,0.6627386808395386,-0.0461958646774292,0.3338750898838043,0.7101356387138367,-0.03633362054824829
Z,0.22143475711345673,0.706477165222168,3.819034759544593e-07,0.27282771468162537,0.695947527885437,-0.035011813044548035,0.31720656156539917,0.639045000076294,-0.049159690737724304,0.3072347044944763,0.5643583536148071,-0.06041412055492401,0.2762250602245331,0.5061526894569397,-0.07046593725681305,0.3231368362903595,0.4940178096294403,-0.02108411118388176,0.32158446311950684,0.4219205677509308,-0.0473579540848732,0.31177467107772827,0.35964202880859375,-0.06602486222982407,0.301973432302475,0.30036139488220215,-0.07737036049365997,0.28476783633232117,0.4624558687210083,-0.019840655848383904,0.2969086468219757,0.38051778078079224,-0.05100291594862938,0.2984345555305481,0.33679449558258057,-0.06652195006608963,0.29934361577033997,0.2987378239631653,-0.07009444385766983,0.2454047054052353,0.45836764574050903,-0.023508667945861816,0.23950569331645966,0.4504125714302063,-0.06959207355976105,0.2369036227464676,0.5461671948432922,-0.07558415085077286,0.24002709984779358,0.6125468611717224,-0.06474947929382324,0.2048952430486679,0.47310349345207214,-0.02958115190267563,0.2067258656024933,0.4811986982822418,-0.06627257168292999,0.21094608306884766,0.5603371858596802,-0.06754179298877716,0.21875442564487457,0.6129451990127563,-0.058471765369176865
Z,0.34176337718963623,0.6549260020256042,-6.468071234166928e-08,0.39513662457466125,0.6645193696022034,-0.01788713037967682,0.45515814423561096,0.6242204904556274,-0.026312701404094696,0.4734342396259308,0.5475103259086609,-0.03498305007815361,0.447126567363739,0.48900946974754333,-0.04508281126618385,0.4591118097305298,0.4982750415802002,-0.016812369227409363,0.48635751008987427,0.41988545656204224,-0.035302698612213135,0.4953047037124634,0.3605847954750061,-0.048421647399663925,0.5022554397583008,0.3035503327846527,-0.05860130116343498,0.4245736598968506,0.468535840511322,-0.020238665863871574,0.4423370361328125,0.4180801212787628,-0.054570574313402176,0.4253586530685425,0.5014552474021912,-0.06527698785066605,0.41014280915260315,0.5635685920715332,-0.06427972763776779,0.38714852929115295,0.45624011754989624,-0.024781594052910805,0.3996637165546417,0.4186098575592041,-0.060536257922649384,0.3887403905391693,0.50726717710495,-0.05529065802693367,0.37657544016838074,0.5677028298377991,-0.041961342096328735,0.3455605208873749,0.45379868149757385,-0.030298622325062752,0.36176174879074097,0.4127885401248932,-0.05645943433046341,0.3628423511981964,0.4823392927646637,-0.04973968490958214,0.3582364320755005,0.5366663336753845,-0.038162145763635635
Z,0.19325169920921326,0.8451375961303711,-9.702782222120732e-08,0.24479545652866364,0.8648523092269897,-0.03247369825839996,0.3005605936050415,0.8434978127479553,-0.05225568637251854,0.28624773025512695,0.7806629538536072,-0.0679827407002449,0.24984315037727356,0.7282795310020447,-0.0820809006690979,0.3204287588596344,0.6882918477058411,-0.031142134219408035,0.3233734667301178,0.6312452554702759,-0.058899108320474625,0.30484989285469055,0.5893731713294983,-0.07653562724590302,0.28154677152633667,0.5498496890068054,-0.0866016149520874,0.27981317043304443,0.6421878337860107,-0.028001589700579643,0.2683452367782593,0.6569482088088989,-0.06427455693483353,0.2500055730342865,0.7601073384284973,-0.07259536534547806,0.24231694638729095,0.8183777332305908,-0.06919950991868973,0.2387685924768448,0.6206376552581787,-0.02845466136932373,0.22852396965026855,0.6381088495254517,-0.06027089059352875,0.21686330437660217,0.7299702167510986,-0.049759671092033386,0.2152900993824005,0.7745512127876282,-0.0341147854924202,0.19911310076713562,0.6149353384971619,-0.03195135295391083,0.19873905181884766,0.6205719113349915,-0.05081358551979065,0.1938004493713379,0.6915555596351624,-0.03847895935177803,0.19531646370887756,0.7209967374801636,-0.023021940141916275
Z,0.31203824281692505,0.8422170281410217,1.041832931036879e-07,0.357453316450119,0.8672963976860046,-0.024250347167253494,0.4120902419090271,0.8591552972793579,-0.03902155160903931,0.43477863073349,0.8117666244506836,-0.053373321890830994,0.4164104759693146,0.7651486992835999,-0.06841887533664703,0.4380300045013428,0.7021687030792236,-0.019278036430478096,0.4569718837738037,0.6598671674728394,-0.042719267308712006,0.4679662585258484,0.6223311424255371,-0.06043758988380432,0.4771616458892822,0.5858816504478455,-0.07240214943885803,0.4021199345588684,0.6550719738006592,-0.02251574397087097,0.4096931219100952,0.6193410754203796,-0.05699710175395012,0.39219099283218384,0.6963376998901367,-0.07044131308794022,0.3809244930744171,0.7567974328994751,-0.07117874175310135,0.3610022962093353,0.6321847438812256,-0.028227070346474648,0.3646364212036133,0.6315395832061768,-0.06438271701335907,0.3517186939716339,0.7154504060745239,-0.06337980180978775,0.3427862823009491,0.7726262807846069,-0.05257628113031387,0.31648844480514526,0.6290292739868164,-0.035649411380290985,0.32274681329727173,0.6305992603302002,-0.060228828340768814,0.3210797607898712,0.6986750364303589,-0.0558161735534668,0.31932249665260315,0.7469365000724792,-0.04575710743665695
Z,0.22806783020496368,0.7261916995048523,-1.8706575843907558e-08,0.28215405344963074,0.7119342088699341,-0.032880257815122604,0.32722362875938416,0.6567075848579407,-0.04997025057673454,0.3209529519081116,0.5802656412124634,-0.06517072767019272,0.29456791281700134,0.5202877521514893,-0.07973101735115051,0.33685189485549927,0.5133388042449951,-0.024026133120059967,0.33840855956077576,0.433953195810318,-0.04872562363743782,0.3307933509349823,0.3728373050689697,-0.06599598377943039,0.3235867917537689,0.3148079216480255,-0.07841121405363083,0.2956598699092865,0.4897218346595764,-0.02240130305290222,0.29241982102394104,0.45787879824638367,-0.06379872560501099,0.28428933024406433,0.5454827547073364,-0.07847846299409866,0.2815927267074585,0.6086410284042358,-0.07826497405767441,0.25538671016693115,0.48753875494003296,-0.024206869304180145,0.2486778348684311,0.4719626009464264,-0.06584268808364868,0.24584922194480896,0.5651575326919556,-0.06353365629911423,0.24652844667434692,0.6263684034347534,-0.05024067312479019,0.21520459651947021,0.500485360622406,-0.028637371957302094,0.21508538722991943,0.48912325501441956,-0.059504203498363495,0.21991294622421265,0.5613042116165161,-0.056547921150922775,0.22599652409553528,0.608651876449585,-0.04575815424323082
Z,0.32766854763031006,0.6843070983886719,-1.0152924545536735e-07,0.377597838640213,0.6981520652770996,-0.017135975882411003,0.4328765571117401,0.6522049903869629,-0.02566981129348278,0.45162397623062134,0.5806272625923157,-0.03479514271020889,0.42880576848983765,0.522767961025238,-0.045366667211055756,0.4418662190437317,0.5265095233917236,-0.018285084515810013,0.467012882232666,0.4396514296531677,-0.03691932186484337,0.4739571809768677,0.3791347146034241,-0.05006677284836769,0.4782148599624634,0.32398685812950134,-0.05987100303173065,0.40682658553123474,0.4997304379940033,-0.021483739838004112,0.4226021468639374,0.4552871584892273,-0.05605146661400795,0.4052935838699341,0.5387424826622009,-0.06635111570358276,0.38898879289627075,0.6016725301742554,-0.06517350673675537,0.36906057596206665,0.48857372999191284,-0.025780728086829185,0.3808165192604065,0.4490027129650116,-0.06104004755616188,0.3696146607398987,0.5373477339744568,-0.055956289172172546,0.3566552996635437,0.6011471748352051,-0.04296943545341492,0.32799461483955383,0.4864436686038971,-0.031025677919387817,0.3411390781402588,0.44608715176582336,-0.05755150318145752,0.3437514901161194,0.5148547887802124,-0.051937285810709,0.34100741147994995,0.5711016058921814,-0.0410308800637722
Z,0.2036460041999817,0.8903532028198242,2.1158085417027905e-07,0.2527851164340973,0.911637008190155,-0.02869326062500477,0.3084327280521393,0.9022483825683594,-0.04489705339074135,0.30598559975624084,0.8413448333740234,-0.05995922163128853,0.2730478346347809,0.7912174463272095,-0.07470808923244476,0.3214810788631439,0.7569787502288818,-0.019994111731648445,0.33802032470703125,0.6945443153381348,-0.051326483488082886,0.3281051218509674,0.6466652154922485,-0.0723833218216896,0.30950385332107544,0.6157887578010559,-0.08195635676383972,0.28545573353767395,0.7089172005653381,-0.021475225687026978,0.31215810775756836,0.631261944770813,-0.054308950901031494,0.31004196405410767,0.6146141290664673,-0.0692058727145195,0.3047102391719818,0.6139633655548096,-0.07062792032957077,0.24603471159934998,0.6859616041183472,-0.027126984670758247,0.2531360983848572,0.6544762849807739,-0.06696681678295135,0.23172935843467712,0.7400801777839661,-0.06672883778810501,0.21946656703948975,0.806178867816925,-0.05277078226208687,0.2046480029821396,0.6823099255561829,-0.03460581228137016,0.20816701650619507,0.6570667624473572,-0.058470468968153,0.19932767748832703,0.7199836373329163,-0.049781836569309235,0.19735175371170044,0.7675824165344238,-0.0353560708463192
Z,0.29380476474761963,0.9406833648681641,1.3845938440226746e-07,0.3404282331466675,0.9674651026725769,-0.02634693682193756,0.39190760254859924,0.9667993783950806,-0.044800907373428345,0.41649675369262695,0.9270822405815125,-0.06257006525993347,0.4009007513523102,0.8810514807701111,-0.07976330071687698,0.42806529998779297,0.7927460670471191,-0.02301432006061077,0.4457041621208191,0.7537120580673218,-0.05366137996315956,0.45504844188690186,0.7224177122116089,-0.07503526657819748,0.4597599506378174,0.7007039189338684,-0.08685082197189331,0.39358946681022644,0.7329745292663574,-0.025771839544177055,0.39727067947387695,0.7327677607536316,-0.06230590119957924,0.3812500834465027,0.8044398427009583,-0.07589314132928848,0.3719627559185028,0.8579211235046387,-0.0755019411444664,0.3518452048301697,0.7077475786209106,-0.031999532133340836,0.3449591100215912,0.7730826735496521,-0.06894747912883759,0.33165615797042847,0.8525829315185547,-0.06958306580781937,0.32595813274383545,0.90027916431427,-0.05886700749397278,0.3082609474658966,0.7088558673858643,-0.04073226824402809,0.3049181401729584,0.7681480646133423,-0.06390216946601868,0.3018033504486084,0.8386317491531372,-0.06111966446042061,0.30350321531295776,0.8793914914131165,-0.051344115287065506
Z,0.46171659231185913,0.591087818145752,4.247843676807861e-08,0.51376873254776,0.6044707298278809,-0.022103022783994675,0.5682933926582336,0.5693286657333374,-0.0344260111451149,0.597864031791687,0.5066361427307129,-0.047293588519096375,0.5903726816177368,0.43742769956588745,-0.060456302016973495,0.5795667767524719,0.4378693699836731,-0.018138576298952103,0.6200737953186035,0.3613150119781494,-0.03938649594783783,0.6404763460159302,0.309391051530838,-0.05234348773956299,0.6567724347114563,0.25893962383270264,-0.06127547100186348,0.5509814620018005,0.4082445502281189,-0.020784521475434303,0.5829806327819824,0.3752951920032501,-0.05932779610157013,0.5629729628562927,0.45832857489585876,-0.06870215386152267,0.5419358611106873,0.5164648294448853,-0.06545804440975189,0.5170401930809021,0.393278032541275,-0.025775142014026642,0.5484673380851746,0.3685653805732727,-0.0649171769618988,0.5300315618515015,0.4557715654373169,-0.05697965621948242,0.5107534527778625,0.5116227865219116,-0.04058711975812912,0.4788581132888794,0.3872692286968231,-0.03235245868563652,0.5083655118942261,0.37724819779396057,-0.06042037159204483,0.5022940039634705,0.44721630215644836,-0.05344424396753311,0.48948153853416443,0.49342283606529236,-0.040712807327508926
Z,0.5906333327293396,0.5930938124656677,8.280450458642008e-08,0.6466434001922607,0.6250194311141968,-0.016257863491773605,0.7073349356651306,0.6051480770111084,-0.024822775274515152,0.7441810369491577,0.552044689655304,-0.03526240587234497,0.7412410974502563,0.4882005751132965,-0.04614679515361786,0.7197273969650269,0.4732383191585541,-0.010194829665124416,0.7671043872833252,0.4107004404067993,-0.02924104779958725,0.7971410751342773,0.3745352029800415,-0.04193861037492752,0.8227477073669434,0.33846813440322876,-0.05106257647275925,0.6953955888748169,0.4387800097465515,-0.014743359759449959,0.7365833520889282,0.42168813943862915,-0.04970833286643028,0.7150388956069946,0.4954278767108917,-0.05955621227622032,0.6886970400810242,0.5432983636856079,-0.05776425823569298,0.6662821173667908,0.4160556197166443,-0.02142765000462532,0.7091149687767029,0.4099976122379303,-0.056782063096761703,0.6868941187858582,0.4872882068157196,-0.0498981699347496,0.6609460115432739,0.5321133732795715,-0.035407256335020065,0.6309046745300293,0.4003520905971527,-0.02952096238732338,0.6686084270477295,0.41243070363998413,-0.054534878581762314,0.6584281921386719,0.47315913438796997,-0.04865298047661781,0.6395577192306519,0.507860541343689,-0.0377977080643177
Z,0.4706557095050812,0.7497190237045288,6.184075118653709e-08,0.5217227339744568,0.774284303188324,-0.019820736721158028,0.5847791433334351,0.7667269110679626,-0.0326942540705204,0.6202505826950073,0.7235361337661743,-0.046494558453559875,0.617613673210144,0.664607584476471,-0.06032199040055275,0.6021431088447571,0.607300877571106,-0.016849147155880928,0.645634114742279,0.564265251159668,-0.037933871150016785,0.672598123550415,0.534265398979187,-0.05139802768826485,0.6966902017593384,0.5041171908378601,-0.060081496834754944,0.5754225254058838,0.5641257762908936,-0.019949421286582947,0.6089296936988831,0.5794274210929871,-0.05469762533903122,0.5837310552597046,0.6550586819648743,-0.06296483427286148,0.557576060295105,0.7027270197868347,-0.05974048748612404,0.543091356754303,0.5408048033714294,-0.0254129096865654,0.5785441994667053,0.5734910368919373,-0.06009736284613609,0.5536410212516785,0.6519878506660461,-0.05389028415083885,0.529106616973877,0.6979615092277527,-0.03973914682865143,0.5066588521003723,0.5319912433624268,-0.03269090875983238,0.5374879240989685,0.5771560668945312,-0.0566740408539772,0.5243557095527649,0.6411236524581909,-0.05214032530784607,0.5074991583824158,0.6761185526847839,-0.041808031499385834
Z,0.5806019306182861,0.727393388748169,1.4908751211351046e-07,0.6372383832931519,0.7554003000259399,-0.014276604168117046,0.6963106989860535,0.7464343309402466,-0.02299758978188038,0.7340782284736633,0.7156250476837158,-0.034811556339263916,0.744267463684082,0.6635538339614868,-0.04606243968009949,0.7133198976516724,0.613554060459137,-0.0020083372946828604,0.7636016607284546,0.5650154948234558,-0.022854678332805634,0.7970001697540283,0.5409129858016968,-0.036396823823451996,0.8255780935287476,0.5138280987739563,-0.04517422989010811,0.6911492943763733,0.5757800936698914,-0.008002794347703457,0.7368808388710022,0.5784915685653687,-0.0446331687271595,0.7125528454780579,0.6541649699211121,-0.054801326245069504,0.6853357553482056,0.6903014183044434,-0.05216209962964058,0.6649263501167297,0.548103392124176,-0.01702304556965828,0.7108882665634155,0.5720402002334595,-0.054434508085250854,0.6819494366645813,0.6462484002113342,-0.04771441966295242,0.654722273349762,0.6715362668037415,-0.03231218084692955,0.6331564784049988,0.5286118984222412,-0.027400875464081764,0.6740270853042603,0.5702666640281677,-0.051825106143951416,0.6555786728858948,0.6253394484519958,-0.04512783885002136,0.6333227753639221,0.6381340622901917,-0.03342548757791519
Z,0.2957061231136322,0.6889820098876953,1.6839241112620584e-08,0.34543800354003906,0.681286633014679,-0.027423953637480736,0.3911806344985962,0.6236538887023926,-0.04124291241168976,0.3983227014541626,0.5406321287155151,-0.05392574146389961,0.3754686713218689,0.47998151183128357,-0.0665343776345253,0.3914831876754761,0.5035584568977356,-0.023267194628715515,0.4086162745952606,0.403942734003067,-0.04673222079873085,0.4086219072341919,0.3373813331127167,-0.06168035790324211,0.40792208909988403,0.2777974009513855,-0.07189807295799255,0.3560125529766083,0.49034667015075684,-0.023093052208423615,0.3670971691608429,0.4282955527305603,-0.06481437385082245,0.35774239897727966,0.509667158126831,-0.07725115865468979,0.35216692090034485,0.578346848487854,-0.0751447007060051,0.3198702335357666,0.4903361201286316,-0.02559884451329708,0.32934674620628357,0.4411141872406006,-0.06588373333215714,0.3259853720664978,0.527099609375,-0.06140301376581192,0.3232612609863281,0.5921078324317932,-0.04681311547756195,0.28222545981407166,0.4986852705478668,-0.030210623517632484,0.2941305935382843,0.46439510583877563,-0.05869891867041588,0.29880020022392273,0.5272447466850281,-0.054560791701078415,0.3011215627193451,0.5759377479553223,-0.04380697011947632
Z,0.4058932960033417,0.6551641225814819,5.024702076639187e-08,0.4579048454761505,0.6553258895874023,-0.016978569328784943,0.509251594543457,0.6055682897567749,-0.026142742484807968,0.5301798582077026,0.5381285548210144,-0.03620147332549095,0.5120858550071716,0.4867711067199707,-0.04709066078066826,0.5083481073379517,0.4864441454410553,-0.01859811693429947,0.537411093711853,0.39672327041625977,-0.037558913230895996,0.5517216324806213,0.33912041783332825,-0.04975225403904915,0.5627643465995789,0.28754618763923645,-0.05826963856816292,0.47602492570877075,0.4649556279182434,-0.022656608372926712,0.503502368927002,0.4197165369987488,-0.05596484988927841,0.4987172484397888,0.49277982115745544,-0.06508853286504745,0.4878298044204712,0.5524067282676697,-0.06342511624097824,0.4409656226634979,0.45834413170814514,-0.02802378311753273,0.46646639704704285,0.4249778687953949,-0.059954941272735596,0.46018025279045105,0.5012762546539307,-0.05354095250368118,0.44789430499076843,0.5571091771125793,-0.04042447730898857,0.4027825593948364,0.46197038888931274,-0.03479704260826111,0.4262692928314209,0.4335041344165802,-0.0562027283012867,0.4314097464084625,0.4889669716358185,-0.048995353281497955,0.4265376031398773,0.5352621674537659,-0.03792761266231537
Z,0.28981176018714905,0.8450340628623962,-1.553712962731879e-07,0.33692654967308044,0.8591756224632263,-0.02485141158103943,0.3883848488330841,0.8199490308761597,-0.038908060640096664,0.3982968330383301,0.752565860748291,-0.052340101450681686,0.37566646933555603,0.6976312398910522,-0.06612862646579742,0.4063906669616699,0.6700618267059326,-0.023694921284914017,0.4267769455909729,0.5813806056976318,-0.046499185264110565,0.4324328303337097,0.5200825333595276,-0.061372060328722,0.43525591492652893,0.4673069715499878,-0.07119143754243851,0.36972394585609436,0.6359161138534546,-0.024386292323470116,0.37457743287086487,0.6015998721122742,-0.0619925782084465,0.35269561409950256,0.6876509785652161,-0.0717197135090828,0.3373957574367523,0.7521889805793762,-0.06923842430114746,0.33176088333129883,0.6202828884124756,-0.02753664180636406,0.33631792664527893,0.5960738062858582,-0.06401573121547699,0.3198803663253784,0.6831876635551453,-0.05708978325128555,0.3073995113372803,0.745093584060669,-0.042446352541446686,0.292512446641922,0.6176742911338806,-0.03265673667192459,0.2991458773612976,0.5868129134178162,-0.057796016335487366,0.2939826250076294,0.6548042893409729,-0.0504482202231884,0.28955912590026855,0.7055103182792664,-0.03804114833474159
Z,0.38825127482414246,0.7851566672325134,-6.35199484122495e-08,0.44371822476387024,0.7993404269218445,-0.017884444445371628,0.5030510425567627,0.767048716545105,-0.02869073487818241,0.5324328541755676,0.7059548497200012,-0.040883515030145645,0.5157142877578735,0.6476240158081055,-0.05411467328667641,0.5164527297019958,0.619156539440155,-0.017507139593362808,0.5520887970924377,0.5507286190986633,-0.036932434886693954,0.5701690912246704,0.4990736246109009,-0.05013282969594002,0.5853788256645203,0.45111870765686035,-0.05937972292304039,0.48511555790901184,0.5799738764762878,-0.020565150305628777,0.5060299038887024,0.5824572443962097,-0.054702941328287125,0.48306167125701904,0.6605861186981201,-0.06452751159667969,0.46131324768066406,0.7124887704849243,-0.0632307231426239,0.44882655143737793,0.5627977252006531,-0.025102542713284492,0.4687984585762024,0.5739805102348328,-0.05879605934023857,0.4509528577327728,0.6518498659133911,-0.05425803363323212,0.43270355463027954,0.7037280797958374,-0.04207014665007591,0.4086742103099823,0.5592775344848633,-0.03115997649729252,0.42781341075897217,0.5583861470222473,-0.05518845096230507,0.4268171787261963,0.6217066049575806,-0.05054305121302605,0.42048221826553345,0.6706592440605164,-0.04039902612566948
Z,0.22717317938804626,0.62568199634552,-1.8999297690669437e-09,0.27314192056655884,0.5992227792739868,-0.034641947597265244,0.3071937561035156,0.5309542417526245,-0.04984985664486885,0.2997210919857025,0.4478829801082611,-0.06238407641649246,0.273012638092041,0.3906863331794739,-0.073905348777771,0.3086738884449005,0.4150960147380829,-0.018978269770741463,0.3066556453704834,0.32310640811920166,-0.04199227690696716,0.29741135239601135,0.2617655396461487,-0.05797095596790314,0.2890668213367462,0.20940396189689636,-0.06853026896715164,0.27245861291885376,0.40840211510658264,-0.014501701109111309,0.26734790205955505,0.3441084623336792,-0.055657509714365005,0.2622579038143158,0.423114150762558,-0.07078401744365692,0.2612079977989197,0.49180611968040466,-0.06934743374586105,0.23752343654632568,0.41480252146720886,-0.014063596725463867,0.23161247372627258,0.37390390038490295,-0.057197004556655884,0.2332361936569214,0.45845118165016174,-0.058558303862810135,0.23553675413131714,0.5214681029319763,-0.04589105769991875,0.2035154104232788,0.4298947751522064,-0.016047358512878418,0.20428743958473206,0.3956395983695984,-0.04840889573097229,0.2118215262889862,0.4585350751876831,-0.048612598329782486,0.21849481761455536,0.5074438452720642,-0.03944030776619911
Z,0.3601478338241577,0.6324342489242554,4.2000292133081985e-09,0.4081204831600189,0.6322811245918274,-0.014558435417711735,0.4600542485713959,0.589344322681427,-0.022941822186112404,0.4784744679927826,0.5193894505500793,-0.03213360533118248,0.45629218220710754,0.4680027961730957,-0.04280489310622215,0.4568905830383301,0.47493746876716614,-0.016843652352690697,0.4800514280796051,0.3913539946079254,-0.03271615505218506,0.489803284406662,0.33598726987838745,-0.04331284388899803,0.4978020489215851,0.2852211594581604,-0.05139286443591118,0.425865113735199,0.4561256170272827,-0.020925777032971382,0.44856035709381104,0.4092805087566376,-0.04949568212032318,0.44296994805336,0.48074963688850403,-0.058359257876873016,0.4319216012954712,0.5346998572349548,-0.05798589438199997,0.39251604676246643,0.45389989018440247,-0.02567451447248459,0.4112483561038971,0.41501617431640625,-0.05387089028954506,0.4093857705593109,0.48770007491111755,-0.048798419535160065,0.4002431631088257,0.5402063727378845,-0.03808710351586342,0.3550601899623871,0.46151357889175415,-0.03140602633357048,0.3724272847175598,0.42085376381874084,-0.050531040877103806,0.3819792866706848,0.47033581137657166,-0.04418613389134407,0.38157808780670166,0.5148637294769287,-0.034869708120822906
